1,Α
1,ἀάατος
1,ἄασαν
1,ἀασάμην
1,ἀάπτους
1,ἀάσχετον
2,ἀαγές
2,ἀάσαι
2,ἀᾶται
2,ἀασίφρων
2,ἀάσατο
2,ἀᾶσθαι
2,ἀασιφρονία
2,ἄατον
2,ἀδεῖν
2,ἀάλιον
2,ἀβάλε
2,ἀβάκησαν
2,ἀβληχρήν
2,ἀβλῆτα
2,ἀβρότη
3,ἀβροτάξωμεν
3,ἄβρομοι
3,ἀβλαβές
3,ἀβίων
3,Ἀβαρβαρέη
4,Ἄβαντες
4,Ἀβυδόθεν
4,ἀγροιῶται
4,"ἀγαπήνορος,"
4,ἀγός
4,ἀγλαΐας
4,ἀγορεύειν
4,ἀγχοῦ
4,ἀγορά
4,ἀγλαά
4,ἄγυρις
4,ἀγελαίην
4,ἀγέλαστα
4,ἀγκυλομήτεω
4,ἀγκύλον
4,ἀγοστόν
4,ἀγάασθαι
5,ἄγη
5,ἀγαπαζόμενοι
5,ἀγαπαζόμεθα
5,ἀγάρροος
5,ἀγκάζοντο
5,ἄγχι σχὼν κεφαλήν
5,ἀγανόφρων
5,ἀγκοῖναι
5,ἀγχηστῖναι
5,ἄγριον αἶγα
5,ἀγχίμολον
5,ἀγχιβαθής
5,ἀγάννιφος
6,ἀγών
6,ἀγείνεον
6,ἄγρωστις
6,ἄγραυλοι
6,ἀγρώσσων
6,ἄγριον αἰχμητήν
6,ἄγρει
6,ἀγκλίνας
6,ἀγελείην
6,ἄγαλμα
7,ἀγείρομεν
7,ἀγαυόν
7,ἀγυιαί
7,ἀγγελίην
7,ἀγήνωρ
7,ἀγρονόμοι
7,ἀγρόται
7,ἀγανοῖς
7,ἀγανοφροσύνη
7,ἀγέρωχοι
8,ἀγακλυτά
8,ἀγροτέρας
8,ἀγλαόκαρποι
8,ἀγαπήνορος
8,ἀγνυμενάων
8,ἄγρην
8,ἀγνοιήσασα
8,ἀγαιομένου
8,ἀγκυλοχεῖλαι
8,ἀγνώσασκε
8,ἀγνοίησεν
8,ἀγέρθη
8,ἀδαήμονες
8,ἀδινά
9,ἄδος
9,ἀδηκότες
9,ἀδινὸν κῆρ
9,ἁδεῖν
9,ἀδευκεῖ
9,ἀδεής
9,ἀδμήτην
9,ἀδέψητον
9,ἄδδην
9,ἄελλα
9,ἀέκητι
9,ἀεκαζομένους
10,ἄειν
10,ἀέντες
10,ἀεικίζειν
10,ἄειδε
10,ἀέσαι
10,ἀείρας
10,ἄελπτον
10,ἀεικίσωσιν
11,ἀεικέλιον
11,ἀείκαστος
11,ἀεικίας
11,ἀέξετο
11,ἄεθλος
11,ἀεσιφροσύνῃσιν
11,"ἄζετο,"
11,ἀζηχές
11,ἄη
12,ἀήσυρον
12,"ἀήρ,"
12,ἀθηρηλοιγόν
12,ἀθεμίστων
12,ἀθεμιστία
12,ἀθύρει
13,ἀθρῆσαι
13,ἀθέσφατον
13,ἄθυμοι
13,αἰπύν
13,Αἰπύτιον
13,Αἰαίη
13,Αἰγύπτῳ
13,αἴθωνα
13,αἴθωπα οἶνον
13,αἰθαλόεν
14,Ἄϊδι
14,αἰγλήεντος
14,αἵμονα
14,αἶνος
14,αἰναρέτης
14,αἰνήσωσιν
14,αἰνοπαθῆ
14,αἰνομόροις
14,αἰνίζομαι
14,αἰγίλιπος πέτρης
14,αἰθούσης
15,αἰδεῖσθαι
15,αἰδοῖος
15,αἰχμηταί
15,ἀΐξασα
15,ἀϊκάς
15,αἴνυται
15,αἶσα
15,αἰολλή
16,ἄϊον
16,αἴσυλα
16,αἰσυητῆρι
16,αἴσημα
16,ἀΐσθων
16,αἴθεται
16,ἄϊστος
16,αἰνόθεν αἰνῶς
16,αἴθρῳ
16,αἰθρηγενέτης
16,ἀΐδηλον
17,ἀϊδρείῃ
17,αἰζηοί
17,αἵματος
17,αἴσχεα
17,αἰών
17,αἴητον
17,αἰγυπιοί
17,αἶψα
17,αἰγανέας
17,ἀϊκῶς
17,αἱμοφόρυκτα
17,αἱμασιάς
18,αἰσυμνῆται
18,αἰγίοχος
18,αἴης
18,αἴκεν
18,Αἰολίην
18,ἄϊδρις
18,αἰτίζων
18,ἄϊρος
18,αἰγείην κυνέην
18,ἀκήρατον
18,ἄκρης πόλεως
18,ἀκήματα
18,ἀκαχίζεο
18,ἄκνηστις
18,ἀκαχμένον
19,ἀκλήρῳ
19,ἄκμηνος
19,ἀκρόκομοι
19,ἀκωκή
19,ἀκειόμενον
19,ἀκηδέστως
19,ἀκόλους
19,ἀκήριοι
19,ἀκήρατα
19,ἀκήλητος
19,ἄκυλος
19,ἀκμοθέτῳ
19,ἀκροπόλοις
19,ἄκριας
19,ἀκερσεκόμης
19,ἄκοιτις
19,ἄκριτον
19,ἀκμῆτες
20,ἀκάκητα
20,ἀκροκελαινιόων
20,ἀκηδέες
20,ἀκίχητα
20,ἀκάμαντα
20,ἀκιδνοτέρη
20,ἀκήδεσεν
20,ἀκοστήσας
20,ἄκουρον
20,ἄκικυς
20,ἀκόρητον
20,ἀκέονται
20,ἀκαλαρείτης
20,ἀκεώμεθα
20,ἀκέων
21,ἀκραῆ
21,ἀκροπόρους
21,ἀκροτάτῳ
21,ἀκράαντα
21,ἀκριτόμυθε
21,ἀκριτόφυλλον
21,ἀκριτόφωνοι
21,ἀκτέανοι
21,ἀκύμων
21,ἀλίγκιος
21,ἀλοία
21,ἄλγεα
21,ἀλέη
21,ἁλοσύδνην
21,ἀλητεύεσκον
21,ἄλφοι
21,ἅλιος
21,ἁλιάων
21,ἀλαός
21,ἀλαοσκοπιήν
22,ἄλθετο
22,ἀλόχου
22,ἀλάλκῃ
22,ἀλαλκομενηΐς
22,ἅλα
22,ἄλκαρ
22,ἀλεξάνεμον
22,ἀλλογνώτων
22,ἀλλοπρόσαλλον
22,ἀλεωρή
22,ἁλιαέες
22,ἀλλοθρόους
22,ἁλέντες
22,ἀλιτήμων
22,ἀλίτην
22,ἄλαστον
22,ἀλεγεινοί
22,ἀλεγύνειν
22,ἀλαλύκτημαι
23,ἀλυσκάζων
23,ἀλαστήσας
23,ἀλφίτου ἀκτήν
23,ἁλίπλοα
23,ἄλεισον
23,ἁλιμυρήεντα
23,ἀλαπαδνότεροι
23,ἀλεείνων
23,ἀλοιφῇ
23,ἀλωή
23,ἀλύσσοντες
23,ἁλιῶσαι
23,ἀλλοειδέα
23,ἀλδαίνει
23,ἀλύων
23,ἀλύσκανε
23,ἁλιπόρφυρα
23,ἀλφηστῇσι
23,ἀλφεσίβοιαι
24,ἀλεγύνετε
24,ἀλκί
24,ἀλίαστος
24,ἀλλοφρονέων
24,ἀλῆτις
24,ἀλίφατι
24,ἀλλότριος
24,ἀλήϊος
24,ἀλλοδαπῷ
24,ἅλις
24,Ἀλύβαντος
24,Ἀλυβή
24,Ἀλόπη
24,ἀμείβεσθαι
24,ἄμμε
24,ἁμαρτῇ
24,ἀμφικτίονες
24,ἄμβροτοι
24,ἄμερσεν
25,ἀμβροσίη
25,ἄμυδις
25,ἄμπυξ
25,ἀμφίθετον
25,ἀμείλικτον
25,ἀμύμων
25,ἀμαιμακέτην
25,ἀμφικύπελλον
25,ἀμέγαρτε
25,ἀμάρη
25,ἄμοτον
25,ἄμνιον
25,ἁμαρτοεπής
25,ἀμαυρόν
25,ἀμφελάχαινε
26,ἀμφιελίσσας
26,ἀμφιέποντες
26,ἀμφαφόωντα
26,ἀμφιστρεφέες
26,ἀμιτροχίτωνας
26,ἀμφιγυήεις
26,ἀμφιπέληται
26,ἀμαλδῦναι
26,ἄμεναι
26,ἀμφὶ πελέκκῳ
26,ἀμφιθαλής
26,ἀμφικάρη
26,ἀμφιδρυφής
26,ἀμβλήδην
26,ἀμφιρεφέα
26,ἀμφίχυτον
27,ἀμφίπολος
27,ἀμενήνωσεν
27,ἄμβατος
27,ἁμαξιτός
27,ἀμφιχυθείς
27,ἀμφαδόν
27,ἄμαθος
27,ἀμαθύνει
27,ἀμοιβαδίς
27,ἀμιχθαλόεσσαν
27,Ἀμφιγένεια
27,ἁμάς
27,ἀμφίβασις
27,ἀμοιβοί
27,ἀμφίδυμοι
27,ἁματροχόωντα
28,ἁματροχίας
28,ἄμφωτον
28,ἀμφιλύκη
28,ἀμφιβρότη
28,ἀμύξει
28,Ἀμύκλαι
28,ἄμφηκες
28,ἀμφιγύοισιν
28,ἀμφιδεδίνηται
28,ἀμόθεν
28,ἀμαλήν
28,ἀμοιβάς
28,ἀμολγῷ
28,ἀμήχανε
28,ἀμφιάλῳ
28,ἄμερδεν
28,ἀμφιπολεύεις
28,ἀμφαδίην
28,ἀμφίρηστον
28,ἀμφιρύτῃ
29,ἀμφίς
29,ἀμαλλοδετῆρες
29,ἀμύντορας
29,ἄμφω
29,ἀμφεκάλυψεν
29,ἀμφασίη
29,ἄμμορον
29,ἀμφήλυθε
29,ἀμφὶς ἔχοιεν
29,ἀμφιφορεῦσιν
29,ἀμησάμενος
29,ἀμηχανίη
29,ἁμαρτήσεσθαι
29,ἀμφιμέμυκεν
29,ἀμφοτέρωθεν
29,Ἀμφιτρίτη
29,ἀμφαγαπαζόμενος
29,ἀμοιβήν
29,ἀμφοῦδας
29,Ἀμνισσῷ
29,ἀμήχανοι
30,ἀμενηνῶν
30,ἀμμορίην
30,ἀμφιμάσασθε
30,ἁμαρτήσαντες
30,ἀμήσαντες
30,ἀμέρδῃ
30,ἀμφέθετο
30,ἀμφέξεσα
30,ἄμπνυτο
30,ἀνά
30,ἄνα
30,ἄναξ
30,ἀναρρῶγας μεγάροιο
30,ἀνθερεών
30,ἀνώρουσεν
31,ἄντυξ
31,ἀναμάξεις
31,ἀντί
31,ἀνώγειν
31,ἀντιτορήσας
31,ἀνεμοτρεφές
31,ἀνεχάζετο
31,ἄντεσθαι
31,ἀντιβολῆσαι
32,ἀναίνομαι
32,ἀνώϊστον
32,ἀντικρύ
32,ἀνάρσιοι
32,ἄνεῳ
32,ἀνέσαιμι
32,ἀναβέβρυχε
33,ἀναδέσμην
33,ἀναβήμεναι
33,ἄντλῳ
33,ἀνδρακάς
33,ἀνιπτόποδες
33,ἀνεβάλλετο
33,ἀντίθεον
33,ἄνευθε
33,ἀντιάνειραι
33,ἀνδράγρια
33,ἀνδραχθέσι
33,ἀνέρριψαν
33,ἀνελοίμην
33,ἀνεγνάμφθη
33,ἀναγκαῖοι πολεμισταί
34,ἀνεκυμβαλίαζον
34,ἀνέγναμψαν
34,ἀνέξομαι
34,ἀναΐξαντες
34,ἀνειρήψαντο θεοὶ Διὶ οἰνοχοεύειν
34,ἀνέβραχε
34,ἀντιάσειεν ἐπιτύχοι
34,"ἄνθεσι μήλων,"
34,ἀνακτορίῃσι
34,ἀντίθυρον
34,ἀναβησάμενοι
34,ἀνενήκατο
34,ἄνεται
34,ἀνεκήκιεν
34,ἀνιεμένη
35,ἀνθεμόεντα
35,ἀνδροκμήτῳ
35,ἀναγνοίη
35,ἀνήκεστον
35,ἀνέκραγον
35,ἀνέφλυε
35,ἀναβροχθέντος
35,ἀνάπυστα
35,ἀνεμώλια
35,ἀνεμορμύρεσκεν
35,ἀνεροίβδησεν
35,ἀναιδής
35,ἀναμετρήσαιμι
35,ἀνασχόμενος
35,ἀντιφερίζειν
35,ἄναλτον
35,ἀναγνούσῃ
35,ἀνάεδνον
36,ἀνήνορα
36,ἀναύδῳ
36,ἀννεῖται
36,ἀναγκαίη
36,ἀννέφελος
36,ἀναστήσας
36,ἀνωϊστί
36,ἀναφῆναι
36,ἀνιηρέστερον
36,ἀνάψαι
36,ἀνέχῃσι
36,ἀνέχεσθαι
36,ἀνέγνω
36,ἀνιόντος
36,ἀντιβολήσειν
36,ἀνδρομέοιο
36,ἀντιόων
36,ἀνόπαια
37,ἀνίαζε
37,ἀνάποινος
37,ἀναμαιμάει
37,ἀνδροτῆτα
37,ἀναπρῆσαι
37,ἀξύλῳ
37,ἄξαντε
37,ἄξετε
37,ἄξον
37,ἀξέστῳ
37,ἀολλέες
37,ἀορτήρ
37,ἀοσσητήρ
37,ἀορτήρεσσιν
37,ἀοιδιάει
37,ἄορας
37,ἀολλίσασα
37,ἀπάτερθεν
37,ἀπάλαμνος
37,ἀπατηλόν
37,ἀπάφων
37,ἀπαίνυσθαι
37,ἀπαλθήσεσθον
37,ἀπαλεξήσειν
37,"ἀπαιτίζοντες,"
37,ἄπαστος
37,ἀπ' ἐσχαρόφιν
38,ἀπερωεύς
38,ἀπειλεῖς
38,ἀπεραίη
38,ἀπεμυθεόμην
38,ἀπερρίγασι
38,ἀπενάσσατο
38,ἀπολυμαίνοντο
38,ἀπερείσια
38,ἀπέφθιθεν
38,ἀπεσκέδασεν
38,ἀπερύκει
38,ἀπεκόσμεον
38,ἀπέλεθρον
38,ἀπεκαίνυτο
38,ἀπήμων
38,ἀπηῦρα
38,ἀπηλεγέως
38,ἀπήωροι
38,ἀπίης γαίης
38,ἀπινύσσων
38,ἀπ' ἰκριόφιν
38,ἁπλοΐδας
38,ἀπό
39,ἄποινα
39,ἀπούρας
39,ἀποφθίμην
39,ἀποφώλια
39,ἀποστήσωνται
39,ἀποδίωμαι
39,ἀποβλύζων
39,ἀποδρύψωσιν
39,ἀποτμήξαντες
39,ἀποδοχμώσας
39,ἀπόερσε
39,ἀπόστιχε
39,ἀπομόρξατο
39,ἀπορρῶγες
39,ἀπριάτην
39,ἀποσκύδμαινε
39,ἀποκηδήσαντες
39,ἀπολιχμήσονται
39,ἀποσταδά
39,ἀπόπροθεν
39,ἀποπροέηκεν
40,ἀπογυώσεις
40,ἀποθύμια
40,ἀποσκοποῦ
40,ἀποπτανέουσιν
40,ἀπόφημι
40,ἀπότροπος
40,ἀποβρίξαντες
40,ἀπηλοίησεν
40,ἀποδρύψει
40,ἀπολυμαντῆρα
40,ἀποχάζεο
40,ἀποδόξης
40,ἀπτοεπές
40,ἀποτμότατος
40,ἀπορραίσει
40,ἀποστίλβοντες
40,ἀπολείβεται
40,ἀπόπροθεν
40,ἀπορρώξ
40,ἀπομηνίσει
40,"ἀππέμψει,"
40,ἀπροτίμαστος
40,ἀπαφίσκειν
40,ἀπήνη
40,ἀπύρους τρίποδας
41,ἄπτερος
41,ἀπείρονες
41,ἄπρηκτον
41,ἄρ
41,ἁρμονιάων
41,Ἄρης
41,Ἄργος
41,ἀργόν
41,ἀραιαί
41,ἄροιτο
41,ἀργαλέην
41,ἀρή
41,ἀρητήρ
41,ἀργεννῶν
41,ἀραρυίας
41,ἀργυρόπεζα
42,ἀρηρώς
42,ἀρήγειν
42,ἄρειον
42,ἀρνειός
42,ἀρτεμέα
42,ἀράβησεν
42,ἀργειφόντης
42,ἄρτια
42,ἀρειῇ
42,ἄρκιον
42,ἀρθμήσαντε
42,ἅρσεν
42,ἀρτίπος
42,ἀργιόδοντος
42,ἀργεστᾶο νότοιο
42,ἀργέτη δημῷ
42,ἀρίγνωτοι
42,ἅρπη
42,ἀρδμός
42,ἀρτύνετο
43,ἀρτύνθη
43,ἀργινόεντα
43,ἀρηΐφιλος
43,ἀρηΐφατοι
43,ἀρισφαλέα
43,ἀρτιεπής
43,ἁρπαλέως
43,ἀρετᾷ
43,ἄρα
43,ἀρημένος
43,ἁρματροχιή
43,ἀρνευτῆρι
43,ἄραβος
43,ἀριδίκετος
43,ἀρνύμενος
43,ἀρητόν
43,ἄρουρα
43,ἅρπυιαι
44,ἀριζήλη
44,ἀρηρομένη
44,ἄρεκτον
44,ἀρεσάσθω
44,ἀριφραδέα
44,ἄριστον
44,ἀρήϊα
44,ἄραξε
44,ἀράρισκεν
44,ἄργματα
44,ἀρετήν
44,ἀριπρεπές
44,ἄρηρεν
44,ἀραρών
44,Ἀργείη
44,Ἀρεθούση
44,Ἀρτακίη
44,Ἀραιθυρέη
44,Ἀρίσβη
44,Ἅρμα
44,ἆσε
44,ἀστράγαλος
45,ἀσκηθής
45,ἀσύφηλος
45,ἄσπετα
45,ἀσάμινθος
45,ἀστεμφές
45,ἄστυ
45,ἅσσα
45,ἄσιν
45,ἆσσον
45,ἀσημάντοισιν
45,ἀσκελέως
45,ἀσπερχές
45,ἀστέρ' ὀπωρινῷ
45,ἄσκοπος
45,ἄνσχεο
45,ἀσπουδεί
45,ἀσταχύεσσιν
45,ἄσβεστος
45,ἀσπιστάων
45,ἀσφάραγον
45,ἀσπαστόν
45,Ἀστερίς
45,ἀσφόδελον
45,ἀσβέστη
45,ἀστεροπητής
45,ἀστυβοώτην
45,Ἀσίνη
45,Ἀσκανίη
45,Ἀσωπός
46,ἄτος
46,ἀταλόν
46,ἀτίζων
46,ἀτέοντα
46,ἀτραπός
46,ἄτιτος
46,ἄτη
46,ἀταρτηροῖς
46,ἀτιτάλλει
46,ἀτάλαντον
46,ἀτειρής
46,ἀτρυγέτοιο
46,ἀτυζόμενοι
46,ἀτάσθαλος
46,ἀτεμβόμενος
46,ἀτρυτώνη
46,ἀτρεκέως
46,ἀτάρ
46,ἄτλητον
46,ἀτάρβητος
46,ἀτρέμας
46,ἄττα
46,ἀταλάφρονα
46,ἄταλλε
47,αὐτίκα
47,αὖτις
47,αὖθι
47,αὖ
47,αὐτάρ
47,αὐτοσχεδίῃ
47,αὕτως
47,αὐλός
47,ἀϋτμή
47,ἀϋτή
47,αὐγάζομαι
47,αὐΐαχοι
47,αὐλῶπις
47,αὖον
47,αὐτοκασίγνητοι
47,αὐτακέλευθα
47,αὐτάγρετα
47,αὐσταλέος
47,αὖε
48,αὐτόδιον
48,αὐλῆς
48,αὐλῆς ἐν χόρτῳ
48,αὐτοχόωνον
48,αὐλιζομενάων
48,αὐέρυσαν
48,αὐτῆμαρ
48,αὐτονυχί
48,αὐτόετες
48,αὐδήεσσα
48,Αὐλίς
48,ἀφαυρότατος
48,"ἄφαρ ταχέως, καὶ ἀφάρτεροι"
48,ἀφραδέως
48,ἀφύσσων
48,Ἀφροδίτης
48,ἀφανδάνει
48,ἄφενος
48,ἀφυσγετός
49,ἀφλοισμός
49,ἀφήμενος
49,ἄφλαστον
49,ἄφαλος
49,ἄφθιτον
49,ἀφόωντα
49,ἀφωπλίζοντο
49,ἄφρεον
49,ἀφραδέες
49,ἀφήτορος
49,ἀχλύς
49,ἀχρεῖον ἰδών
49,Ἀχαιίδα γαῖαν
49,ἀχάριστα
49,ἄχθος
49,ἄχος
49,ἄχρις
49,ἀχυρμιαί
49,ἀχερωΐς
49,Ἀχέρων
49,ἄχνας
50,ἀχρημοσύνη
50,ἀχθομένους
50,ἀχαρίστερον
50,Ἀχαιοί
50,ἄψ
50,ἄψορον
50,ἁψάσθην
50,ἀψορρόου
50,ἁψῖσι λίνου
50,ἅψεσθαι
50,ἄωροι
50,ἄωρτο
50,ἀώτου θεσπεσίοιο
50,ἀωτεῖται
50,βάλλεν
50,βάζειν
50,βαμβαίνων
50,βάρδισται
50,βάσκε
50,βαθυπέπλων
50,βαθυμάλλων
50,βεβάμεν
50,βεβροτωμένα
51,βέλεμνα
51,βέβακται
51,βεβρίθασι
51,βέρεθρον
51,βένθεα
51,βέλος
51,βεβολημένος
51,βεβλήατο
51,βεβρυκώς
51,βεβῶσα
51,βῆ
51,βηλός
51,βητάρμονες
51,βῆσσαι
51,βιός
51,Βῆσσα
51,βιόσσαο
51,βιόωνται
51,βίοτος
51,βιοτροπίας
51,βλήτροισι
51,βλοσυροῖσι
51,βλάβεται
51,βλώσκειν
51,βλεμεαίνων
51,βλωθρήν
52,βλωμός
52,βοῶν
52,βουλυτός
52,βοτοῖσι
52,βουπλῆγι
52,βουθύεσκεν
52,βοῶπις
52,βουγάϊε
52,βοὸς κέρας
52,βοηθόον
52,βοήν
52,βόσις
52,βόμβησε
52,βοτρυδόν
52,βόας αὔας
52,βοάγρια
52,βουλεύσαντε
52,βουληφόροι
52,βροτός
52,βροτόεντα
53,βρῖθον
53,βριθύ
53,βροτολοιγός
53,βρίζοντα
53,βράσσων
53,βριήπυος
53,βρύει
53,βρεχμόν
53,βρίσαντες
53,βράχε
53,βυκτάων
53,βυσσοδόμευον
53,βυσσός
53,βωμούς
53,βώτορας
53,βωστρεῖν
53,βῶν
53,βωτιανείρῃ
53,γαυλοί
53,γάννυται
53,γαίων
53,γαμέσσεται
53,γάλως
53,Γάργαρον
53,γαιήϊον
53,γαμφηλῇσι
54,γαιήοχος
54,γέγωνε
54,γεφύρωσε
54,γενεή
54,γέρων
54,γενναῖον
54,γερήνιος
54,γερούσιον
54,γείνεαι
54,γεραιάς
54,γέντο
54,γένυς
54,γηθοσύνη
54,γῆρυς
54,γλυφίδας
54,γλήνεα
55,γλάγος
55,γλαφυραί
55,γλυκύθυμος
55,γλωχῖνα
55,γλαυκῶπις
55,γνωτόν
55,γναμπτῇσι
55,γναμπτὰς ἕλικας
55,γνύξ
55,γόνος
55,γουνῷ
55,γοργώ
55,γραπτῦς
55,γυώσω
55,γύα
55,γύαλον
55,γυναίων εἵνεκα δώρων
56,γωρυτός
56,δάψαι
56,δαιδαλόεν
56,δαῖεν
56,δαφοινός
56,δάμαρ
56,δαίμονες
56,δάσκιον
56,δαήρ
56,δαΐφρων
56,δασπλῆτις
56,δαῶμεν
56,δάσονται
56,δάμνα
56,δάσονται
56,δαρδάπτουσι
56,δαί
56,δαΐζων
56,δειλός
56,δειρή
57,δεδμήατο
57,δεδέξομαι
57,δέπας
57,δερκομένοιο
57,δειδήμονες
57,δείδεκτο
57,δειελίησας
57,δεδεγμένα
57,δέρτρον
57,δενδίλλων
57,δέκτῃ
57,δεδοκημένος
57,δεδμήατο
57,δεδήει
57,δεικνύμενος
57,δεικανάασθαι
57,δεινός
57,δειδήμονες
57,δεδαϊγμένοι
57,δέμας πυρὸς αἰθομένοιο
57,δέμνια
57,δεξιάδην
57,δέοιμι
57,δεσμοί
57,δεῦτε
57,δεῦρο
57,δεύεσθαι
58,δεψῆσαι
58,δήεις
58,δήϊοι
58,δηϊότητος
58,δηλήσασθαι
58,δημός
58,δῆμον
58,δημοβόρος
58,δήνεα
58,δησάντων
58,δηλήμονες
58,διαγνάψας
58,διακέρσαι
58,διάκτορε
58,διαπλήσσοντες
58,διαίνειν
58,διατρύγιος
58,διαπρύσιον
58,διακριδόν
58,δι' ἄκριας
58,διδυμάονε
58,διέπουσι
58,διέσχε
58,διέχευαν
58,διερῷ
58,δίενται
58,διιπετέος
58,διεπέφραδεν
58,δίεται
59,διήφυσεν
59,δικλεῖδες
59,δινεῖν
59,δινωτήν
59,δινωτοῖσι λεχέεσσι
59,δίον
59,δῖος
59,διοτρεφέων
59,διπλῆν ἐκταδίην
59,δίπτυχα ποιήσαντες
59,δίσκουρα
59,διφᾶν
59,δίφρον
59,δίχα
59,δίψιον
59,δμῶες
59,δνοφερόν
59,δνοπαλίξεις
59,δοιαὶ γάρ τε πύλαι ἀμενηνῶν εἰσὶν ὀνείρων
59,δόνακας
59,δουρικτητήν
59,δοροῖσι
59,δολιχήρετμοι
59,δολιχαύλους
59,δουρηνεκές
60,δουρικλυτός
60,δολιχόν
60,δολιχόσκιον
60,δόχμια
60,δόρπον
60,δόρυ
60,δουπῆσαι
60,δοκεύει
60,δόξης
60,δραίνεις
60,δρυμά
60,δρηστῆρες
60,δρηστοσύνην
60,δρυόχους
60,δυσπέμφελος
60,δυσωρήσωσι
60,δυσαριστοτόκεια
60,δυωδεκάβοιον
60,δυσαέος
60,δύσπαρι
60,δύη
61,δυσηλεγέος
61,δυσμενέων
61,δυσηχέος
61,δυσθαλπέος
61,δῶρον
61,Δωδωναῖε
61,δῶ
61,δῶσι
61,δώματα
61,ἕ
61,ἐά
61,ἐὰ δώματα
61,ἑάλη
61,ἐανός
61,ἐάφθη
61,ἐβεβρύχει
61,ἐβιόσσαο
61,ἔβλυε
61,ἔβρισαν
62,ἐγγείνωνται
62,ἐγκοσμεῖτε
62,ἐγχεσίμωροι
62,ἔγχος
62,ἐγκέκληται
62,ἔδραθεν
62,ἐδεύησεν
62,ἐδηλήσαντο
62,ἐδητύος
62,ἔδησεν
62,ἐδίνευον
62,ἔδνα
62,ἕδος
62,ἔδυντο
62,ἐδωδή
62,ἐδανῷ
62,"ἑέ,"
62,ἐείσατο
62,ἐέλδωρ
62,ἐελμένοι
62,ἐέργων
62,ἐέρσας
63,ἐερσήεις
63,ἐῆος
63,ἐθάμιζεν
63,ἔθεεν
63,ἐθελοντῆρας
63,ἔθειραι
63,ἕθεν
63,ἔθηκεν
63,ἔθοντες
63,εἰαμενή
63,εἴβει
63,εἰδαλίμας
63,εἴδατα
63,εἴδεται
63,εἴδετε
63,ἐΐκτην
63,ἔϊκτο
63,εἰκυῖα
63,εἰλαπίνη
63,εἶλαρ
64,εἴλει
64,εἰλίποδας
64,εἰλεῦντα
64,εἴλυμα
64,εἰλυφόων
64,εἶμι
64,εἰνάνυχες
64,εἰνοσίφυλλον
64,εἴομεν
64,εἴρερον
64,εἴρετο
64,εἰρύαται
64,εἴρυσθαι
64,εἴρω
64,εἰς
64,ἐΐσας
64,εἷσεν
64,ἐΐσης
64,εἶσθα
65,εἶναι
65,εἰσίθμη
65,ἐΐσκοντες
65,εἰσοιχνεῦσιν
65,εἴσω
65,ἑκάεργος
65,εἰσωποί
65,ἐκαίνυτο
65,ἔκαμον
65,ἐκάμοντο
65,ἑκάτερθεν
65,ἑκατηβόλου
65,ἑκατόγχειρον
65,ἐκέκαστο
65,ἐκεχάνδει
65,ἔκλεο
65,ἔκμολεν
65,ἐκολώα
65,ἔκπαγλον
65,ἐκπεπαταγμένος
65,ἐκταδίην
65,ἑκυρός
65,ἔκυρσεν
65,ἔκυσεν
65,ἐλάτῃσιν
65,ἐλαύνωσι
66,ἐλαφηβόλος
66,ἐλεαίρει
66,ἐλέγξεις
66,ἐλεγχείη
66,ἐλέλιξε
66,ἐλελιχθέντες
66,ἔλεξα
66,ἐλεοῖς
66,ἑλέτην
66,ἐλεφαίρονται
66,ἐλέφαντα
66,ἔλεψεν
66,ἐλιάσθη
66,"ἕλικας,"
66,Ἑλικώνιον
66,ἑλίκωπες
66,ἐλίσσετο
66,ἑλκυστάζων
66,ἑλλεδανοί
66,ἐλλόν
67,ἔλπεται
67,ἐλπωρή
67,ἔλσαι
67,ἐλύσθη
67,ἐλύμην
67,ἔλων
67,ἑλώρια
67,ἐμπάζεται
67,ἐμάτησεν
67,ἐμβαδόν
67,ἐμβήη
67,ἐμεῦ ἐμέο ἐμεῖο
67,ἐμέλλετε
67,ἐμίστυλλεν
67,ἐμμαπέως
67,ἔμμορε
67,ἐμνήμυκε
67,ἔμπαιος
67,ἔμπεδον
67,ἔμπης
67,ἐμπλήγδην
67,ἔμπλην
68,ἔμπορος
68,ἔμφυλον
68,ἔναξε
68,ἔναρα
68,ἐναρίζει
68,ἐντεσιεργούς
68,ἐννέωροι
68,ἐνοπή
68,ἔνοσις
68,ἐνδίεσαν ταχέας κύνας ὀτρύναντες
68,ἔναυλοι
68,ἔνδειος
68,ἐνδείνων
68,ἐνεῖκαι
69,ἔνεροι
69,ἐνισκίμφθη
69,ἐνέστακται
69,ἐνετῇσι
69,ἐνεύναιον
69,ἐνηέος
69,ἔνθα
69,ἐνίησι
69,ἐνικλᾶν
69,ἔνισπεν
69,ἐννεσίῃσι
69,ἔντεα
69,ἐντρέπεται
69,ἐντροπαλιζομένη
69,ἐντύνεαι
69,ἐντυπὰς ἐν χλαίνῃ
69,ἐνώμα
69,ἐνωπῇ
69,ἐξ
69,ἐξαίτους
70,ἐξαλός
70,ἐξανύω
70,ἐξέμεν
70,ἐξαπάφοιτο
70,ἐξέφθιτο
70,ἐξερεείνων
70,ἐξεσίην
70,ἐξερίπῃ
70,ἐξέσσυτο
70,ἐξήλατος
70,ἐξηρώησαν
70,ἐξονομακλήδην
70,ἔξυσ' ἀσκήσασα
70,ἐξώφελλεν
70,ἔοι
70,ἔοργεν
70,ἐοῖο
70,ἑοῖ
70,ἑοῖς
70,ἐπαιγίζοντα
70,ἐπακτῆρες
70,ἐπαλαστήσασα
70,ἐπαλλάξαντες
70,ἐπιάλμενος
70,ἐπάλυνεν
70,ἐπάρουρος
70,ἐπαρτέας
70,ἔπασσεν
70,ἐπασσύτεροι
71,ἐπαύλους
71,ἐπαυρεῖν
71,"ἐπείγετον,"
71,ἐπελώβευον
71,ἐπεμαίετο
71,ἐπέμυξαν
71,ἐπενήνεον
71,ἐπενήνοθεν
71,ἐπεπωλεῖτο
71,ἐπέρασας
71,ἐπερρώοντο
71,ἐπερρώσαντο
71,ἐπεσβόλος
71,ἐπελήκεον
71,ἐπεσσεύοντο
71,ἐπεστέψαντο
71,ἐπετράπετο
71,ἐπέχραον
71,ἐπηετανός
71,ἐπηγκενίδεσσι
71,ἐπημοιβοί
71,ἐπί τ' ἠμύει
71,ἐπήρατος
71,ἐπηρεφές
71,ἐπῆρσεν
71,ἐπήσκηται
71,ἐπήτῃ
72,ἐπήτριμα
72,ἐπί
72,ἐπί
72,ἐπίβαθρον
72,ἐπιβαλλόμενος
72,ἐπιβλής
72,ἐπιβώτορι μήλων
72,ἐπιγνάμψασα
72,ἐπιγουνίδα
72,ἐπιγράμβην
72,ἐπιδημεύεις
72,ἐπιδίφρια
72,ἐπιδραμέτην
72,ἐπιδώμεθα
73,ἐπιδωσόμεθα
73,ἐπιβωσόμεθα
73,ἐπιεικέα
73,ἐπιεικές
73,ἐπιειμένε
73,ἐπιείσομαι
73,ἐπιζάφελος
73,ἐπίηλεν
73,ἐπίηρα
73,ἐπιθήσομεν
73,ἐπιθρέξαντος
73,ἐπιθύουσιν
73,ἐπικάρα
73,ἐπικάρσια
73,ἐπικέλσαντας
73,ἐπικεύσω
73,ἐπίκλοπος
73,ἐπιλίγδην
73,ἐπιλλίζουσι
73,ἐπιμασσάμενος
73,ἐπίμαστον τὸν
73,ἐπιμίξ
73,ἐπίνυσσεν
73,ἐπίουρος
74,ἐπιρρήσεσκον
74,ἐπισκύνιον
74,ἐπισμυγερῶς
74,ἐπίσπαστον
74,ἐπισπέσθαι
74,ἐπισεύας
74,ἐπισσώτρων
74,ἐπισταδόν
74,ἐπιστάμενος
74,ἐπίστηται
74,ἐπιστάτῃ
74,ἐπιστεφέας
74,ἐπιστροφάδην
74,ἐπίστροφος
74,ἐπισφυρίοις
74,ἐπισχερώ
74,ἐπισχεσίην
74,ἐπιτάρροθοι
74,ἐπιτεῖλαι
74,ἐπιτειλαμένῳ
74,ἐπιτετράφαται
74,ἐπιτηδές
74,ἐπίτονος
74,ἐπιτρέψαι
74,ἐπίφρονα
74,ἐπιψαύσῃ
75,ἐπιωγαί
75,ἔπλετο
75,ἐπλίσσοντο
75,ἐπορεξάμενος
75,ἔπορον
75,ἕπουσαν
75,ἑπταβόειον
75,ἑπταπόδην
75,ἕπταχα
75,ἐπτύσσοντο
75,ἐπώχατο
75,ἐπαλλάξαντες
75,ἔραζε
75,ἐραννῆς
75,ἐρατίζων
75,ἔργον
75,ἔρδειν
75,ἐρέθοντες
75,ἐρεμνή
75,ἐρεπτόμενοι
75,ἐρετμόν
75,ἔρεσσον
75,ἐρεῦσαι
75,ἔρεψα
76,ἐρέων
76,ἐρηρέδαται
76,ἐρητύειν
76,ἐρήτυθεν
76,ἐρχθέντα
76,ἐριαύχενας
76,ἐριγδούπου
76,ἔριζεν
76,ἐριθηλέας
76,ἐρικόμενος
76,ἐρικυδέα
76,ἐριούνιος
76,ἔρις
76,ἐρισθενέος
76,ἐριτίμοιο
76,ἑρκίου
76,ἕρκος
76,ἕρματα
77,ἑρμῖν'
77,ἔρνεϊ
77,ἔρεξεν
77,ἑρπύζων
77,ἐρρίγῃσι
77,ἔρρων
77,ἕρσα
77,ἐρυμνήν
77,ἐρύουσι
77,ἐρύσομεν
77,ἐρωδιός
77,ἐσεμάσσατο
77,ἐσήκασθεν
77,ἔσθος
77,ἔσκε
77,ἕσπερος
77,ἔσσο
77,ἔστε
77,ἔστορι
77,ἐστόρεσεν
77,ἐστυφέλιξεν
78,ἐσφήκοντο
78,ἐσχάρα
78,ἔσχεν
78,ἔσχοντο
78,ἔται
78,ἑταῖροι
78,ἐτάλασσεν
78,ἑταιρίσσαι
78,ἐτεκμήραντο
78,Ἐτεοκρῆτες
78,ἑτεραλκέα
78,ἑτερήμεροι
78,ἐτέταλτο
78,ἔτετμεν
78,ἔτορε
78,ἐτύγχανεν
78,εὖ
78,εὔαδεν
78,εὐδίελον
78,εὐηγενέων
78,εὐηγεσίης
78,εὐήνορα
78,εὐλάς
79,εὔληρα
79,εὐνάς
79,εὐνήσαιμι
79,εὖνις
79,εὐπηγέες
79,εὔπρηστον
79,εὐράξ
79,Εὖρος
79,εὔρυναν
79,"εὐρύοπα,"
79,εὐρυπόροιο
79,εὐρώεντα
79,ἐΰς
79,ἐΰσκαρθμοι
79,"ἐΰσκοπον,"
79,εὐσταθέος
79,εὖτε
79,εὔφρων
79,εὐχωλήν
79,ἐφέπεσκον
79,ἐφέποντες
80,ἐφετμή
80,ἐφεψιόωνται
80,ἐφημοσύνης
80,ἐφήσω
80,ἐφιέμενος
80,ἔφλυε
80,ἐφόλκαιον
80,ἐφράσθην
80,ἔφυδρος
80,Ἐφύρους
80,ἐχάνδανεν
80,ἔχεαι
80,ἐχεπευκές
80,ἔχῃ
80,ἔχματα
80,ἐχόμην
80,ἐχώμεθα
80,ἕψεαι
80,ἑψιαάσθων
80,ἔω
80,ἑῶμεν
80,ζαής
80,ζάκοτος
80,ζατρεφέων
80,ζαφλεγέες
80,ζαφελῶς
81,ζαχρειῶν
81,ζείδωρος
81,ζοφερή
81,ζόφον ἠερόεντα
81,ζυγόδεσμον
81,ζωάγρια
81,ζώγρει
81,ζωή
81,ζώνη
81,ζώννυσθαι
81,ζωρότερον
81,ζωστήρ
81,ζῶστρα
81,η
82,ἥβης
82,ἠγάθεον
82,ἡγηλάζει
82,ἠγίνεον
82,ἠγνοίησεν
82,ἠδέ
82,ἤδη
82,ἦδος
82,ἠέ
82,ἠερέθονται
82,ἠερίη
82,ἠεροειδέα
82,ἠεροφοῖτις ἐρινύς. ἠεροφώνων
82,ἠεροφώνων
82,ἤθεα
82,ἠθεῖε
82,ἤϊα
83,ἦκα
83,ἤκαχεν
83,ἥκιστος
83,ἠλακάτη
83,ἤλασαν
83,ἠλάσκουσαι
83,ἠλάστεον
83,ἠλεέ
83,ἠλέκτωρ
83,ἠλεύμενος
83,ἠλίβατος
83,ἤλιθα
83,ἠλιτόμηνον
83,ἤλυξεν
83,ἠμαθόεντος
83,ἦμαρ
83,ἠμάτιαι
84,ἡμερίς
84,ἡμιπέλεκκα
84,ἡμιτελής
84,ἥμονες
84,ἤμυσε
84,ἤνοπα
84,ἤπειρος
84,ἠπεροπεύει
84,ἠπιόδωρος
84,ἡπύει
84,ἤραρον
84,ἦρι
84,ἠριγένεια
84,ἤρικε
84,ἠρίον
84,ἠρτύνετο
84,ἡρώων
84,ἠρώησαν
84,ἧς
85,ἤσατο
85,ἤστην
85,ἤτοι
85,ἠΰκομος
85,ἠΰς
85,ἠΰτε
85,Ἥφαιστος
85,ἤφυσε
85,ἠχή
85,ἧχι
85,ἤχλυσε
85,ἥψατο
85,θάασσεν
85,θαιρός
85,θαλάμη
85,θαλαμηπόλος
85,θαλερόν
85,θαλέων
86,θαλείῃ
86,θάλος
86,θαλπωρή
86,θαλύσια
86,θάμνοι
86,θαμέες
86,θαυμανέοντες
86,θεείου
86,θεειώσω
86,θειλόπεδον
86,θεῖνα
86,θέλγειν
86,θέλειν
86,θέμις
87,θεοπρόπιον
87,θεουδής
87,θεόφιν
87,θεράποντες
87,θέρεσθαι
87,θέσθαι
87,θέσπιν
87,θεσπιδαές
87,θεσπέσιον
87,θέσφατον
87,θεύσεσθαι
87,θηεῖτο
87,θηλυτεράων
88,θημῶνα
88,θήν
88,θήρ
88,θήσατο
88,θῆτες
88,θοῇσι
88,θούριδος ἀλκῆς
88,θρέξαι
88,θρασυμέμνονα
88,θρέψας
88,θρῆνυς
88,θριγκός
88,θρόνα
88,θρυλίχθη
88,θρωσμός
88,θυέεσσι
88,θύελλαι
88,θυέων
88,θυμαρέα
88,θυμηγερέων
88,θυμοβόροιο
88,θυμοραϊστής
88,θυοσκόος
89,θύρηθ' ἔα
89,θυρεόν
89,θύσανοι
89,θύσθλα
89,θυώδεα
89,θῶες
89,θωήν
89,θῶκος
89,θώρηκος γύαλον
89,"θωρῆξαι,"
89,ἴα
89,ἰαίνετο
89,ἰαύων
89,ἰάψῃ
89,ἴαλλον
89,Ἰάονες
89,ἰδέ
89,ἴδιον
90,ἰδνώθη
90,"ἱδρῶ,"
90,ἰδυίῃσι πραπίδεσσι
90,ἵει
90,ἴει
90,ἱερεύς
90,ἱερὸν ἰχθύν
90,ἵεν
90,ἵηος
90,ἴθματα
90,ἰθύν
90,ἰθύντατα
90,ἰθυπτίωνα
90,ἶθαρ
90,ἰθὺς νηῶν
90,ἵκωμαι
91,ἱκάνειν
91,ἰλαδόν
91,ἰλάσσι
91,ἰλύσω
91,ἱμάσθλην
91,ἱμάς
91,ἵνα
91,ἰνδάλλετο
91,ἰνίον
91,ἶνες
91,ἰξάλου
91,ἰοδνεφές
91,ἰοειδέος
91,ἰοί
91,ἰόεντα σίδηρον
91,ἰόμωροι
91,ἰονθάδος
92,ἰότητι
92,ἰοχέαιρα
92,ἶπες
92,ἱππόται
92,ἱππηλάτα
92,ἱππιοχάρμην
92,ἱπποδάσεια
92,ἱππόβοτον
92,ἱπποκορυσταί
92,ἱπποκόμων τρυφαλειῶν
92,ἱππημολγῶν
92,ἱπποσυνάων
92,ἰράων
92,ἴρερον
92,ἴρεσσιν ἐοικότες οὐ
92,ἴς
92,ἴσσασι
92,ἴσθμιος
92,ἴσκεν
92,ἰσοφαρίζειν
93,ἰσοφόροι
93,ἴστωρ
93,ἱστοπέδη
93,ἱστοδόκη
93,ἱστός
93,ἴσχεο
93,ἰσχανάασθαι
93,ἰσχανόωντο
93,ἴσαν
93,ἴτυς
93,"ἴτην,"
93,ἰύζουσι
93,ἰυγμῷ
93,ἰφθίμους
93,ἴφια μῆλα
93,ἰφθίμη
93,ἴψαι
93,ἰωγή
93,ἰωή
93,ἰωκή
93,ἰών
94,ἰῷ
94,καγχαλόωσα
94,καδδέθορε
94,καδδραθέτην
94,Κάειρα
94,καίνυσθαι
94,καιροσέων
94,καὶ ἄλλο καὶ
94,κακός
94,κακκεῖαι
94,κάκ' ὀσσόμενος
94,κακά
94,καλά
94,καλλίσφυρος
94,καλαύροπα
94,κάλυκας
94,κάλλει
94,καλήτορα
94,καμμονίην
94,καλάμην
95,καμινοίη
95,κάμμορε
95,κάπετος
95,κάρκαιρε
95,καρχαρόδοντες
95,κάρτος
95,καρτερός
95,κάρψω
95,καρχαλέοι
95,κάρη
95,καρρέζουσα
95,καρρόον
95,κασίγνητος
95,καστορνῦσα
96,κάσχεθε
96,κατέστυγε
96,κατακλῶθες
96,καταβρόξεις
96,κατάνεται
96,καταπέψῃ
96,κατείβετο
96,κατά
96,κατηρεφέας
96,κατηφείη
96,καταῖτυξ
96,κατωμαδόν
96,κατηφόνες
96,κατὰ δ' οὖν ἕτερόν γε πέδησεν
96,καταζήνασκε
96,κατάντηστιν
96,κατάγει
96,καταείμενον
97,καταθύμιος
97,κατακαίριον
97,κατοίσεται
97,καταείνυον
97,κατεμήσατο
97,κατ' ἀμαξιτόν
97,καυστειρῆς
97,καυλός
97,κατάστησον
97,καρὸς αἴσῃ
97,κατὰ στεφάνης
97,κεάσαι
97,κεδνή
97,κειμήλια
97,κεκαδών
97,κεκορυθμένος
97,κεκριμένον
97,κελσάσῃσι
97,κελαινόν
97,κελαρύζει
97,κελαδεινή
97,κεμάς
97,κεντρηνεκέας
98,κερδαλέον
98,κεράμῳ
98,κεράϊζε
98,κερτομίοις
98,κέρ' ἀγλαέ
98,κεστός
98,κευθμῶνες
98,κερδαλεόφρων
98,κέσκετο
98,κήδεα
98,κήδετο
98,κηδείους
98,κήδεος
99,κηληθμῷ
99,κῆλα
99,κηλείῳ
99,κήξ
99,κῆρ
99,κήρυκες
99,κηρεσσιφορήτους
99,κητώεσσαν
99,κηώδει
99,Κήτειοι
99,κίστη
99,κῖκυς
99,κινυρή
99,κίρκος
99,κισσύβιον
99,κιχείω
99,κίχλαι
99,κλέψαι
99,κλήρους
100,κλέος
100,κλειτάς
100,κλήδην
100,κλητούς
100,κλH+ῖδας
100,κλήθρη
100,κλισμός
100,κλισίην
100,κλίσιον
100,κλιτύς
100,κλόνος
100,κλύειν
100,κλυτόπωλος
101,κλοτοπεύειν
101,κλωματόεσσαν
101,κνῆστις
101,κνώσσειν
101,κνῆμαι
101,κνημούς
101,κνυζηθμῷ
101,κνώδαλον
101,κνίσης
101,κοῖτος
101,κοιμηθέντι
102,κολωός
102,κολωνός
102,κόλλοπι
102,κόλπον ἀνιεμένη
102,κομέειν
102,κόνις
102,κόπρος
102,κορώνη
102,κορωνίδες
102,κορυθαίολος
102,κορύνη
102,κορύσσετο
103,κορθύεται
103,κόρσην
103,"κόρακος πέτρη,"
103,κορήσατε
103,κοσμῆσαι
103,κουρίζων
103,κότος
103,κοτύλη
103,κουρίξ
103,κοῦρος
103,κουρῆτες
103,κόσμος
103,κολλητὰς σανίδας
103,κοτυλήρυτον αἷμα
103,κοτυληδονόφιν
103,κρατευτάων
103,κραναή
103,κραταίπεδον
103,κρατύς
103,κράναι
103,κραταιγύαλοι
103,κρεῖον
104,κρίνοντες
104,κρηδέμνῳ
104,Κρήτῃ ἐπίουρον
104,κροαίνων
104,κρόσσας
104,κροκόπεπλος
104,κρυόεσσα
104,κρῖ
104,κτέρεα
104,κτιδέη
104,κτίλος
104,Κύδωνες
104,κύδεϊ γαίων
104,κυδοιμός
104,κύκλα
105,κύδηνε
105,κυκλήσομεν
105,κυκεῶ
105,κύμβαχος
105,κύμινδις
105,Κυλλήνιος
105,κυνάμυια
105,κύντερον
105,κυνοραϊστέων
105,κυνέη
105,κύπελλον
105,κύρμα
105,κύσε
105,κυφός
105,κύων
106,Κύπρις
106,κῶας
106,κώδειαν
106,κωκυτός
106,κώληπα
106,κῶμα
106,κωρύκῳ
106,κωφόν
106,λαβρεύεται
106,λαθεῖν
106,λαιψηρά
106,λαισήϊα
106,λαῖτμα
106,λάϊγγες
106,λάκε
106,λαῖφος
106,λαμπτῆρες
106,λὰξ ποδὶ κινήσας
107,λαοί
107,λαοσσόος
107,λαρόν
107,λάρναξ
107,λαυκανίη
107,λαφύσσει
107,λαχαίνειν
107,λαχμῷ στεινόμενος
107,λάων
107,λάψοντες
107,λαθικηδέα
107,λελιημένοι
107,λευγαλέως
107,λειριόεντα
107,λεγοίμεθα
107,λέβης
108,λευκάσπιδα
108,λείβειν
108,λέκτρον
108,λεχεποίην
108,Λέκτον
108,λελακυῖα
108,Λέλεγες
108,λέπαδνα
108,λευρῷ
108,λέσχην
108,λεπτὴ δέ τε μῆτις
108,ληΐδας
108,ληΐδα
108,λήϊον
108,ληϊβοτείρης
108,λίγδην
108,λίγδην
108,λιλαίεσθαι
108,λίμνη
108,λίς
108,λιστροῖσι
108,λιτί
109,"λίθακι ποτὶ πέτρῃ,"
109,λοβοῖσι
109,λοῖσθος
109,λόφος
109,λοφάδια
109,λόχος
109,λόχμη
109,λυκάβας
109,λύματα
109,λυσιμελής
109,λύχνος
109,λώπη
109,λωτόν
109,λωτεῦντα
109,λωφήσειε
109,μά
109,μαίεσθαι
109,μαιμώωσιν
109,μακών
109,μάκελλαν
109,μακεδνῆς
109,μαργαίνειν
110,μαρμαρυγάς
110,μάσταξ
110,μάστιν
110,μάσσασθαι
110,μᾶσσον
110,ματίῃ
110,μαχλοσύνη
110,μεγαλίζομαι
110,μέγα
110,μέθυ
110,"μεθύουσαν ἀλοιφῇ,"
110,μεθήμων
110,μειλίχιον
110,μελιηδέος
110,μείλια
110,μελάνυδρος
110,μελίφρων
110,μελόντων
110,μέλπηθρα
110,μέλλετε
110,μελαθρόφιν
110,μελίγηρυς
110,μέλδειν
110,μελεδήματα
110,μέλπεσθαι
111,μεμορυγμένα
111,μενοεικέα
111,μενεαίνειν
111,μένος
111,μενοινόω
111,μέρμιθι
111,μερμήριζε
111,μερόπων
111,μέσαυλος
111,μεσόδμη
111,μεσοπαλές
111,μετά
112,μεταδήμιον
112,μετανάστης
112,μεταμώνια
112,μεταχρόνιον
112,μέτασσαι
112,μετετροπαλίζεο
112,μετεκίαθον
112,μετασπόμενος
112,μετώπιον
112,μετάλλα
112,μήδεα
112,μήκιστα
112,μηκάδες αἶγες
112,μῆλα
112,μήλοπα καρπόν
112,μήνη
112,μῆνις
112,μήστωρα φόβοιο
112,μιλτοπάρῃοι
112,μίνυνθα
112,μίν
113,μινύριζε
113,μισγάγκεια
113,μίστυλλον
113,μίτρη
113,μνημοσύνη
113,μοῖραι
113,μογοστόκος
113,μόθος
113,μοιχάγρια
113,μολυβδαίνῃ
113,μολίονε
113,μολοβρόν
113,μορφνόν
113,μορόεντα
113,μορμύρων
113,μόσχοισι
113,μουνάξ
113,μυδαλέον
114,μυελός
114,μῦθος
114,μυών
114,μύκον
114,μυλάκεσσι
114,μύλη
114,μυληφάτου
114,μυρία
114,μύνῃσι
114,μύρεσθαι
114,μυχοῦ
114,μῶλος
114,μώνυχας
114,μῶλυ
114,μωμήσονται
114,ναῖον
114,νάκην
114,νάπαι
114,νάσθη
114,ναύλοχον
114,ναῦφι
115,νεβροί
115,νέεσθαι
115,νέων
115,νεῶν ὕπερ
115,νεῖκος
115,νεαίρῃ
115,νέκυες
115,νειός
115,νειῷ ἐνὶ τριπόλῳ
115,νέκταρ
115,νέμος
115,νέον
115,νεογιλλῆς
115,νεοίη
115,νέποδες
115,νευστάζων
115,νέφεα
116,νεῶν δ' ἀλάπαζε φάλαγγας
116,νεοτευχέες
116,νεοαρδέα
116,νεόστροφον
116,νηγάτεον
116,νήγρετος
116,νήδυμος
116,νηδύοισι
116,νήσας
116,νῆϊς
116,νήϊον
116,νηκερδές
116,νηλεῖς
116,νήποινοι
116,νηπύτιοι
116,νηπιαχεύων
116,νηπενθές
116,νιφάδεσσι
116,νόστος
117,νόστιμον
117,νύξεν
117,νῦν
117,νυός
117,νύσσα
117,νύξ
117,νωθής
117,νῶϊ
117,νῶ
117,νῶϊν
117,νωλεμέως
117,νωμῆσαι
117,νωνύμνους
117,νώροπα
117,ξεστήν
117,ξεινοδόκος
117,ξύνετο
117,ξύνεσις
117,ξυνέηκεν
117,ξύμβλητο
118,ὅ
118,ὅς
118,οὗ
118,ὅν
118,ὀαρίζειν
118,ὀαριστύς
118,ὀβριμοπάτρη
118,ὀβριμοεργός
118,ὄγκιον
118,ὄγκους
118,ὄγμους
118,ὄγχναι
118,ὀδάξ
118,ὁδαίων
118,ὀδυνήφατα
118,ὄδωδεν
118,ὄζος
118,ὀζιζαλέως
118,ὀθόναι
119,οἰήϊα
119,ὄϊες
119,οἰέτεας
119,ὀϊζυρός
119,οἶος
119,οἴκοι
119,οἴκαδε
119,οἰκῆας
119,οἰμωγή
119,οἴμης
119,οἶμος
119,οἴνοπα
119,οἰὸς ἀώτῳ
119,οἰσυΐνοισι
119,ὀϊόμενος
119,ὀϊστοί
119,οἴχεσθαι
119,οἰδάνει
119,οἰοπόλῳ
119,οἰώθη
119,οἴμησεν
119,οἰωνοί
119,ὀκριόωντο
120,ὄλβιος
120,ὀλιγοδρανέων
120,ὀλιγηπελέων
120,ὀλίζονες
120,ὀλοφώϊα
120,Ὄλυμπος
120,ὀλοφυδνόν
120,ὀλοοίτροχος
120,ὀλοόφρονος
120,ὅμαδος
120,ὁμαρτεῖν
120,ὅμιλος
120,ὁμήν
120,ὁμηγυρίσασθαι
120,ὁμίχλη
120,ὁμόσε
120,ὁμοκλή
120,ὁμοιίου πτολέμοιο
120,ὀμόρξατο
120,ὁμοστιχάει
120,ὁμοιωθήμεναι
120,ὅμως δ' οὐ λήθετο χάρμης
121,ὄναρ
121,ὀνειροπόλος
121,ὀνειρίῃσι πύλῃσι
121,ὀνείατα
121,ὄνειαρ
121,ὄνθος
121,ὀνόσαιτο
121,ὀνομάκλυτος Ἄλτης
121,ὀξυόεντι
121,ὄπατρος
121,ὀπαζόμενος
121,ὀπιπεύεις
121,ὀπηδεῖ
121,ὄπιδα
121,ὁπλότερος
122,ὅπλα
122,ὀπός
122,ὀπύειν
122,ὀπωπή
122,ὀρσοθύρη
122,ὀρεσκῴοισι
122,ὀρέξατο
122,ὄρινε
122,ὀρέχθεον
122,ὀρεκτῇσι μελίῃσι
122,"ὀρίνετον,"
122,ὀρθοκραιράων
123,ὀρούειν
123,ὀρθωθείς
123,ὀρόν
123,ὅρπηκας
123,ὄρφνη
123,ὄρθια
123,ὄρχος
123,ὄρχαμος
123,ὀρωρέχατο
123,ὄσσε
123,ὄσσα
123,ὀσσόμενος
123,ὀτρηροί
123,ὄτριχας
123,οὐδενόσωρα
123,οὐδός
124,οὖλον
124,οὖδας
124,οὔθατα
124,οὖλε
124,οὐλομένην
124,οὐλοχύτας
124,οὐλαμός
124,οὔνεσθε
124,οὕνεκα
124,οὐρανός
124,οὐρανιώνων
124,οὔλιος ἀστήρ
124,οὐρῆας
125,οὐρίαχοι
125,οὖρος
125,ὄφελες
125,ὀφέλλειν
125,ὀχέειν
125,ὄφρα
125,ὄχα
125,ὀχεύς
125,ὀχθήσας
125,ὄχθαι
125,ὄχοι
125,ὀψέ
125,ὄψιμον ὀψιτέλεστον
125,ὀψείοντες
126,ὄψον
126,πάγοι
126,πάγχυ
126,παιδνός
126,παιήονα
126,Παιόνες
126,παιπαλόεντος
126,παιφάσσειν
126,πάλος
126,πάλιν
126,Παλλάς
126,παλιμπετές
126,παλάξαι
127,παλαιφάτου
127,παλινάγρετον
127,παλίωξις
127,παλάμαι
127,παλύνειν
127,παλιρόθιον
127,πανημέριοι
127,παναώριον
127,πάντοσε
127,παλιντρωπᾶσθαι
127,παναφήλικα
127,"πανόψιον,"
127,πανομφαίῳ
127,πανδήμιος
127,παπταίνων
127,παππάζουσι
127,παράφημι
127,πάντως θαρσαλέη
127,παρενήνεον
127,παρακλιδόν
127,πάροιθεν
128,παρθέμενοι
128,πάρος
128,παροίτεροι
128,παραβλήδην
128,παρμέμβλωκεν
128,παρθένιος
128,παρήορος
128,παραπλῆγας πέτρας
128,παραβλῶπες
128,παρθενοπῖπα
128,παρέξ
128,παρήπαφεν
128,πάρα
128,παρηέρθη
128,παραρητοῖσι
128,πάρφασις
128,παρελεύσεται
128,παρπεπιθόντες
128,παχνοῦται
128,πάσσονα
128,πασσυδίῃ
128,πᾶσσε
129,πᾶσαι
129,πάτασσεν
129,πάτον
129,παύρους
129,παφλάζοντα
129,πέδιλα
129,πέζῃ
129,περί
129,πείρατα
129,πεῖραρ
129,"πείρινθα,"
129,πειρήσοντα
129,πείσεα
129,πείρων
129,πέλλας
129,Πελασγοί
129,πέλεθρον
129,πελώριος
129,πεμπάσσεται
129,πεμπώβολα
129,πεξαμένη
129,πέπον
130,πέπλος
130,πέρασας
130,περιρρηδής
130,περκνόν
130,περιτρέφεται
130,Πέργαμον
130,περιώσιον
130,περιδώσομαι
130,περιτροπέων
130,περιδέξιος
130,περιβῆναι
130,περιωπή
130,περιάγνυται
130,περίδρομος
130,περισχόμεθα
130,περικλυτός
130,περισκέπτῳ
130,περίμετρον
130,περιπευκές
130,περίκηλα
130,πέτηλα
130,πευκαλίμῃσι
131,πεφευγμένος
131,πεφάσθαι
131,πελέκκῳ
131,πεντηκοντόγυον
131,περιμήκετον
131,πεφράδοι
131,πῆ
131,πηγυλίς
131,πηγεσιμάλλῳ
131,πηδῷ
131,πήληξ
131,Πηληϊάδα
131,πηός
131,πῖαρ
131,πιδηέσσης
131,πιείρη
131,πίσυρας
131,πίσυνοι
131,πιθήσας
131,πίνακας
131,πινυτήν
132,πιτνάς
132,πιφαυσκόμενος
132,πίονα ἔργα
132,πιφαύσκων
132,πλάζεται
132,πλατὺν Ἑλλήσποντον
132,πλεῖαι
132,πλήμνη
132,πλῆξαι
132,πλημυρίς
132,πλήσσοντο
132,πλωτῇ
132,πλῶεν
132,πλείου
132,πλῆντο
132,ποδάρκης
132,ποδήνεμος
132,ποδηνεκέα
132,ποινή
132,ποιήεντα
132,πολύκλητοι
132,πολυπάμονος
132,πολιόν τε σίδηρον
133,πολυκλH+ῖσι
133,πολύκεστος
133,ποιμήν
133,πολυμήτης
133,πολύκμητον
133,πόνος
133,πολύαινε
133,πολύαρνι
133,"ποντοπόροισι,"
133,πόποι
133,πολλά
133,πόρεν
133,πόρκης
133,πόρτις
133,πορφύρῃ
133,πόρδαλις
134,πορφύρεος θάνατος
134,πόσιος
134,πότνια
134,πότμος
134,πραπίδες
134,πραμνείῳ
134,πρεσβυτάτην
134,πρηνής
134,προθελύμνους
134,προδοκῇσι
134,πρῆσαι
134,προβοῶντε
134,προβλῆτας
135,πρωτοπαγής
135,πρόγονοι
135,προΐηλε
135,πρόχνυ
135,πρόκας
135,πρόμος
135,προμνηστῖναι
135,προβόλῳ
135,προκρόσσας
135,προδόμῳ
135,προτέρω
135,προΐκτης
135,προΐαψεν
135,προχόῳ
135,πρότμησις
136,πρόκλυτα
136,προβλώσκειν
136,προφόως
136,προικός
136,προαλεῖ
136,πρόβατα
136,προτραπέσθαι
136,προτιβάλλεαι
136,πρότυψαν
136,πρυμνόν
136,πρυμνωρείῃ
136,πρόμολε
136,προβαλοίμην
136,πρυλέες
136,πρωθήβην
136,πρώτῃσι θύρῃσι
136,πρώτῳ ῥυμῷ
136,πρών
136,πτερόεντα
137,πτόρθος
137,πτυόφιν
137,πτύχες
137,πτωχός
137,πυγούσιον
137,Πυγμαῖοι
137,πύσει
137,πυκιμήδεος
137,πύκα ποιητοῖο
137,πυκινὸν λέχος
137,πυλάρταο καρτεροῖο
137,Πυριφλεγέθων
137,πυρὸς αὐγή
137,πύργος
138,πύρνον
138,πυρπολέοντας
138,πωλεῖται
138,ῥαδινόν
138,ῥαθάμιγγες
138,ῥαιστῆρα
138,ῥάπτειν
138,ῥάσσατε
138,ῥέξας
138,ῥέθη
138,ῥεῖθρον
138,ῥεῖα ζώοντες
138,ῥήγεα
138,ῥηγμίν
138,ῥηξήνορα
138,ῥήσσοντες
138,ῥήτρη ὁ
138,ῥίγησεν
139,ῥίμφα
139,ῥινός
139,ῥινοτόρος
139,ῥῖον
139,ῥίπεσσι
139,ῥοδοδάκτυλος
139,ῥοδόεντι
139,ῥοίζησεν
139,ῥοχθεῖ
139,ῥυδόν
139,ῥυμός
139,ῥύσια
139,ῥυστάζοντας
139,ῥυτῆρες
139,ῥῶγας
139,ῥῶπας
139,ῥωχμός
139,ῥώοντο
139,ῥωγαλέα
139,Σαγγάριος
140,Σάμος
140,σάκος
140,Σάμοιό τε παιπαλοέσσης Θρηϊκίης
140,σάλπιγξ
140,σαρδάνιον
140,σακεσπάλος
140,σαυρωτῆρος
140,σαώτερος
140,Σαρπήδοντος
140,σάω
140,σέβας
140,σέθεν
141,σέλας πυρός
141,Σελλήεις
141,σεύας
141,σῆμα
141,σηκοί
141,σημάντορες
141,σιάλοιο
141,σιγαλόεντα
141,σίζε
141,Σικανίη
141,Σίντιες
142,σίτου
142,σινέσκοντο
142,σιφλώσειαν
142,Σκάνδεια
142,σκαιῇ
142,Σκαιῇσι πύλῃσι
142,σκέπτετο
142,σκῆπτρον
142,σκέδασον
142,σκίμψαι
142,σκίδναται
142,σκιόεντα
142,σκεψάμενος
142,σκέπας
142,σκεπόωσι
142,σκοτομήνιος
142,σκύτος
142,σκοπός
142,σκότος ὄσσε κάλυψεν
143,σκόπελος
143,σκύζεσθαι
143,σκῶλος
143,σμάραγος
143,σμερδνόν
143,Σμινθεῦ
143,σμύχοιτο
143,σμυγερῶς
143,σμώδιξ
143,σορός
143,Σόλυμοι
143,σόλος
143,σόον
143,Σούνιον
143,σοῖο
143,σόοι
143,σοφία
143,σπερχόμενος
143,σπέος
143,σπεῖο
144,σπιδέος
144,σπεῖρον
144,σπιλάδες
144,σπουδῇ
144,σταυροί
144,στέρνον
144,στεροπηγερέταο
144,στεῦτο
144,στεῖρα
144,στεφάνη
144,στεῖβον
144,στέφανος
144,στείχειν
144,στειλειή
145,στείνοντο
145,στήλας
145,στίχες
145,στορέσαι
145,στόμα λαύρης
145,στομάχοιο θέμεθλα
145,στροφάλιγγι
145,στρόμβος
145,στρεφεδίνηθεν δέ οἱ ὄσσε
145,στρατός
145,στεῖνος
145,στρεπτοῖο χιτῶνος
145,στυφελίξαι
145,Στυγός
145,στυγέῃ
145,στιβαραῖς
145,στειλιόν
145,στῆ δ' ἀντασχομένη
145,στίλβων
146,στύξαιμι
146,στρεύεσθαι
146,στροφαλίζεται
146,στρόφος ἦεν ἀορτήρ
146,συβόσια
146,συμμάρψας
146,συμβλήμενος
146,στέφει
146,στεινωπόν
146,στελέω
146,συνθεσίαι
146,συμπλατάγησεν
146,συμφερτή
146,σύνθεο
146,συνθεύσεται
146,συνέριθος
146,συνέρρηκται
147,συγχεῦαι
147,σύγ κεν ἄραξεν
147,συνέεργον
147,Συρίη
147,σύριγγος
147,συνώμεθα
147,σφώ
147,σφῶϊ
147,σφῶϊν
147,σφείων
147,σφίσι
147,"σφέας,"
147,σφῶε
147,σφάς
147,σφούς
147,σφετέρῃσι
147,σφέλας
147,σφαραγεῦντο
147,σφεδανόν
148,σχέτλιος
148,Σχερίη
148,σχήσεις
148,σχεθέτω
148,σχήσεσθε
148,σχήσουσιν
148,σχοίατο
148,σχόμενος περὶ δουρί
148,σῶκος
148,σῶμα
148,τά
148,ταλάφρονα
148,ταλαύρινον
148,τάλαροι
149,ταλαπείριος
149,ταλάσσαι
149,τάλαντα
149,τανύφυλλος
149,τανύπεπλος
149,τανύηκες
149,τανυγλώχινας
149,τανύγλωσσοι
149,τανύπτερος
149,τανυσσάμενος
149,ταρπήμεναι
149,ταρσοί
149,ταρφέα
149,ταρχῦσαι
149,τάφος
149,ταφών
150,τάχα
150,ταμεσίχροας
150,τάων
150,ταχεῖα
150,τανύποδα
150,τάμνεν
150,τάς
150,τάρπησαν
150,ταλαεργοί
150,τανύοντο
150,τάνυσσα
150,τέγεοι
150,τεήν
150,τεθυωμένοι
150,τέθηπα
150,τείρεα
150,τέκμωρ
150,τέκτων
150,τέλσον
150,τεληέσσας
151,τελαμών
151,τέλος
151,τέμενος
151,τένοντε
151,τέο
151,τερψιβρότου
151,τερμιόεντα
151,τερπικέραυνος
151,τέρεν
151,τέρετρα
151,τετύκοντο
151,τετραθέλυμνον
151,τεταγών
151,τέτυκται
151,τέττα
151,τετιημένος
151,τεύχεα
151,τέων
151,τετεύξεται
151,Τένεδος
151,τετάνυστο
151,τετραμμέναι
151,τετελεσμένον
151,τετράγυος
151,τεκμαίρομαι
151,τέρματα
151,τετράκυκλοι
151,τετιημένον
151,τέρψομαι
151,τελέθοντες
151,τέως
151,τέγεος
151,τετευχῆσθαι
152,τετράοροι
152,"Τερπιάδης,"
152,τῆ
152,τῆς
152,τήν
152,τήθεα
152,τηλεδαπός
152,τηλεκλητοί
152,τηλύγετος
152,τῆμος
152,τηλίκου
152,τηϋσίην
152,Τηΰγετον
152,τηλεφανής
152,Τηλεφίδην
152,τηθαιβώσσουσιν
152,τιμήν
153,τίννυνται
153,τίσιν
153,τιτύσκετο
153,τιταινομένω
153,τιμήεντος
153,τίμιος
153,τλῆναι
153,τμήδην
153,τμάγεν
153,Τμῶλος
153,τόν
153,τοῦ
153,τούς
153,τό
153,τοκῆας
153,τολύπευσεν
154,τοξότα λωβητήρ
154,τορνώσαντο
154,τόσσος
154,τόφρα
154,τραφερήν
154,τραπείομεν
154,τράπεον
154,τρέφεται
154,τρητοῖσιν
154,τρήρωνος
154,τριτογένεια
154,τρίγληνα
154,τρίποδας
154,τρίλλιστος
155,τρίπολος
155,τριχάϊκες
155,τριχθά
155,τρίπλακα
155,Τροίης
155,τροφόεντα
155,τρόφι
155,τρύξοντα
155,τρύφος
155,τρύζηται
155,τροχός
155,τρωπῶντο
155,Τρώϊοι
155,τρωπῶσα
155,τρώει
155,τρώκτης
156,τρίζουσαι
156,τυκτόν
156,τύνη
156,τυπείς
156,τυτθόν
156,τύψας
156,τῷ
156,τῷ κε
156,ταῦροι
156,ταύριον αἷμα
156,ταύρου
156,ὑββάλλειν
157,ὑγρὰ κέλευθα
157,ὑγρὸν ἔλαιον
157,ὑδατοτρεφέων
157,ὑδρηλοί
157,ὑδρηναμένη
157,Ὕδη
157,υἷες Ἀχαιῶν
157,ὑλακόμωροι
157,ὑλήεσσα
157,Ὑλακίδης
157,Ὕλλος
157,ὕπαρ
157,ὑπαιδείδεσκεν
157,ὕπαιθα
157,ὑπάρχη
157,ὕπατον μήστωρα
157,ὑπάτη
158,ὑπ' ἀσπίδα προποδίζων
158,ὑπερμενέϊ
158,ὑπερκύδαντας
158,ὑπέφηνε ἐν
158,ὑπερικταίνοντο
158,ὑπέρβιον
158,ὑπερβασίῃσι
158,ὑπερτερίη
158,ὑπέρτερα
158,ὑπέρεπτε
158,ὑπερίων
158,ὑπερφίαλοι
159,ὑπερήνωρ
159,ὑπεμνήμυκεν
159,ὑπερώησαν
159,ὑπέχευε
159,ὑπερδέα
159,ὑπεράει
159,ὑπεροπλίσαιτο
159,ὑπηνήτῃ
159,ὑποσταχύοιτο
159,ὑποθημοσύνησι
159,ὑπότροπον
160,ὑποκρίναιτο
160,ὑπόκυκλον
160,ὑπόβρυχα
160,ὑποφθάς
160,ὑποδεξίη
160,ὑπόδρα
160,ὑπόψιον
160,ὑπονηΐῳ
160,ὑπόρρηνον
160,ὑπωρείας
160,ὑπὲρ μόρον
160,ὕπατε κρειόντων
160,ὑπίσχεται
160,ὑποστάς
160,ὑποδμώς
160,ὑπιωγή
160,ὑποπερκάζουσι
160,ὑπεκπροθέων
160,ὑπὲρ τοκήων
160,ὑποσσείουσιν
160,ὑποκυσσαμένη
160,ὑπαλευόμενος
160,ὑποδέγμενος
161,ὑπό
161,ὕπνος
161,ὕπνου δῶρον
161,ὑπέρπτατο
161,ὑψαγόρη
161,ὑψίζυγος
161,φαεσίμβροτος
161,φαίδιμος
161,φαληριόωντα
161,φαλός
161,φᾶρος
161,φαρμάσσων
161,φάσγανον
161,φαεινή
161,φάτις
161,φαέθων
161,φαείνω
161,φάε
161,Φειά
161,φέριστε
161,φέρβειν
162,Φεραί
162,φέρτερος
162,φέροντο
162,Φείδων
162,φέρτρῳ
162,φηγός
162,φήνη
162,φῆρες
162,φῆσθα
162,φθάνει
162,φθὰν δὲ μεθ' ἵππους
162,φθειρῶν
163,φθιρσίμβροτον
163,φθινύθουσιν
163,φιλέειν
163,φιλότης
163,φιλοκτεανώτατε
163,φιάλη
163,φιλομειδής
163,φίν
163,φιτρῶν
163,φιληρέτμοισι
163,φίλος
163,Φιλομηλείδης
163,φιλίων
164,φιλεόντων
164,φλέγμα
164,φλίψεται
164,φόβος
164,Φοῖβος
164,φοινόν
164,φολκός
164,φοξός
164,φόρμιγξ
164,φορύξας
164,φόως ἐρέουσα
164,φοῖνιξ
164,φορτίδος
164,φορέῃσι
165,φόρτου
165,Φόρκυνος
165,φοινικόεσσαν
165,φορήμεναι
165,φραδέος
165,φράδμων
165,πέφραδέ τε Τρώεσσι καὶ εὐχόμενος
165,φρήτρη
165,φρῖκα
165,φῦκος
165,φρόντιν
165,φυλάσσειν
165,φύλοπις
165,φυλίης
165,φύξιν
165,φυσιόωντας
165,φυσίζωος
165,φυταλίη
165,φῦλον
165,φωριαμοῖς
166,φῶτες
166,χάσασθαι
166,χαῖται
166,χαλκίς
166,χαλκοβατές
166,χάλκεα
166,χαλκήρεας
166,χαλίφρων
166,χατέουσα
166,χαλκοκορυσταί
166,χαλεπόν
166,χαμάζε
167,χαράδραι
167,χαυλιόδοντα
167,χαμαιευνάδες
167,χάρμη
167,χαλεπήνῃ
167,χαλκεῶνα
167,χανδόν
167,χειῇ
167,χερῆϊ
167,χέρνιβα
167,χείσεται
167,χέρσον
167,χέραδος
167,χερνῆτις
167,χεῦαι
167,χηλός
167,χηραμός
167,χηρωσταί
167,χήτει
167,χηρεύει
168,χθαμαλή
168,χλόη
168,χθαμαλώτερος
168,χθών
168,χιτών
168,χλαῖνα
168,χλούνην
168,χλωρὸν δέος
168,χλωρηῒς ἀηδών
168,χοάνοισι
168,χόλος
168,χολωθείς
168,χοίνικος
168,χραισμεῖν
168,χραύσει
168,χρεῖος
168,χριμφθῆναι
168,χρόμαδος
168,χρυσηλακάτου
168,χρυσαόρου
168,χρυσῆς Ἀφροδίτης
168,χρυσόρραπις
169,χρυσήνιος
169,χρυσάμπυκας
169,χρήματα
169,χρειοῖ
169,χρείων
169,χρησόμενος
169,χρηΐζοντα
169,χρόνιον
169,χυτλώσαιτο
169,χωόμενος
169,ψάμαθος
169,ψεδνή
169,ψιάδας
169,ψολόεντα κεραυνόν
169,ψυχρὸν ἕλε χαλκὸν ὀδοῦσι
169,ψύχειν
169,ψύξασα
169,ω
170,ὥς
170,Ὠγυγίην
170,ὧδε
170,ὤδεε
170,ὠΐσθη
170,ὦκα
170,ὠλέναι
170,ὦλκα
171,ὠμησταί
171,ὡμήρησε
171,ὠμογέρων
171,ὠμοθετεῖν
171,ὦνον
171,ὤνησεν
171,ὠπάζετο
171,ὠπίζετο
171,ὦπος
171,ὡπλίσσατο
171,ὠρεῖν
171,ὤρεσσι
171,ὠτειλήν
171,ὦχρος
