alpha%22y183,Ἀποπομπεῖα
alpha%22y183,Ἄρδηττος
alpha%22y183,Αἰμορίαι
alpha%22y183,Ἅμα
alpha%22y183,Αἴσθεσθαι καὶ αἰσθάνεσθαι
alpha%22y183,Ἀδέητος
alpha%22y183,Ἀνάπηρος
alpha%22y183,Ἀσπαλίσαι
alpha%22y183,Ἀμείβεσθαι
alpha%22y183,Ἀτυχεῖν
alpha%22y183,Ἀνάστατος
alpha%22y183,Ἀποδικάσαι
alpha%22y183,Ἀνάρασθαι
alpha%22y183,Ἀμφιγνοεῖν
alpha%22y183,Ἀπογινώσκειν
alpha%22y183,Ἀποστησάμενος
alpha%22y183,Ἀνεπίδικα
alpha%22y184,Ἀρουραῖος Οἰνόμαος
alpha%22y184,Ἀλάστωρ
alpha%22y184,Ἀμφιορκία
alpha%22y184,Ἄρχοντες ἐννέα
alpha%22y184,Ἀντιμαχῆσαι
alpha%22y184,Ἀντίδοσις
alpha%22y184,Ἀποτιμᾶσθαι
alpha%22y184,Ἀρχαὶ
alpha%22y184,Ἀνομολόγητα
alpha%22y184,Ἀγραφίου
alpha%22y184,Ἀποστασίου
alpha%22y184,Ἀγράφου
alpha%22y184,Ἀντιλαχεῖν ἀντικαλέσαι ἐστίν.
alpha%22y184,Ἀπογράφειν οὐσίαν
alpha%22y184,Ἀνασύνταξις
beta%22y185,Βάταλος
beta%22y185,Βακτηρία καὶ σύμβολον
beta%22y185,Βωμολόχοι
gamma%22y185,Γραφὴ
gamma%22y185,Γραμματεύς
gamma%22y185,Γεννηταὶ
delta%22y185,Δεκάτη καὶ εἰκοστή
delta%22y185,Δεῦρο
delta%22y185,Διηγεῖσθαι καὶ ἐξηγεῖσθαι
delta%22y185,Διειληχώς
delta%22y185,Δίκης ἀνάκρισις
delta%22y185,Δοκιμασίαν ἐπαγγεῖλαι
delta%22y186,Διαιτητήν
delta%22y186,Δημοτεύεσθαι
delta%22y186,Δίκη
delta%22y186,Διαψήφισις καὶ ἀποψήφισις καὶ ἔφεσις
delta%22y186,Διαδικασία
delta%22y186,Δωροξενίας
delta%22y186,Διωμοσία καὶ ἀντωμοσία
delta%22y186,Διαγραφήν
delta%22y186,Διαλαχεῖν
delta%22y186,Διάγραμμα
delta%22y186,Διοπείθης
delta%22y186,Διαιτηταί
delta%22y186,Δεκατεύοντες
epsilon%22y187,Εὐθῦνα
epsilon%22y187,Ἔνδειξις
epsilon%22y187,Ἐφήγησις
epsilon%22y187,Εὐθυδικία
epsilon%22y187,Ἐξηγηταί
epsilon%22y187,Ἐγγυῆσαι
epsilon%22y187,Ἐπιγραφεῖς
epsilon%22y187,Εὐμολπιδῶν
epsilon%22y187,Ἐνιαυσία καὶ ἐνιαυτός
epsilon%22y187,Ἐν Δελφοῖς σκιά
epsilon%22y187,Ἐπίληπτος
epsilon%22y187,Ἐκωδώνισεν
epsilon%22y187,Εἰσιτήρια
epsilon%22y187,Ἐγγενής
epsilon%22y187,Ἐγχώριος καὶ ἐπιχώριος
epsilon%22y187,Ἐπλινθεύθησαν
epsilon%22y187,Εἰς ἐμφανῶν κατάστασιν
epsilon%22y187,Ἐπακτροκέλης
epsilon%22y187,Ἔμβραχυ
epsilon%22y188,Ἐκεῖ
epsilon%22y188,Ἐξεστηκὼς οἶνος
epsilon%22y188,Ἐπαιτιώτατοι συκοφάνται.
epsilon%22y188,Ἐτίθευσεν
epsilon%22y188,Ἐξούλης δίκη
epsilon%22y188,Εὐρύβατον
epsilon%22y188,Ἐφιάλτης
epsilon%22y188,Ἐπ' ἐκφορᾷ δόρυ ἐξενεγκεῖν
epsilon%22y188,Ἑλληνοταμίας
epsilon%22y188,Ἐν χιλίαις
epsilon%22y188,Ἐπιστάτης
epsilon%22y188,Ἐκμαρτυρεῖν
epsilon%22y188,Ἐξομόσασθαι
epsilon%22y188,Ἐκκλητευθῆναι
epsilon%22y188,Ἐφέται
epsilon%22y189,Ἐπωβελίαν
epsilon%22y189,Ἐνεπισκήψασθαι
epsilon%22y189,Ἐχῖνοι
epsilon%22y189,Ἐπώνυμοι
epsilon%22y189,Ἐνηνόμεθα
zeta%22y189,Ζηλωτοῦ
eta%22y189,Ἡλιαία καὶ ἡλιάζεσθαι
eta%22y189,Ἡγεμονία δικαστηρίου
eta%22y189,Ἤρετο
theta%22y189,Θεωρικὰ χρήματα
theta%22y189,Θέτην
theta%22y190,Θρασύς καὶ θαρσαλέος
theta%22y190,Θρίπηδον
theta%22y190,Θωπεία
iota%22y190,Ἰαμβοφάγον
iota%22y190,Ἱκετεία καὶ ἱκετηρία
kappa%22y190,Κωλακρέται
kappa%22y190,Κιγκλίς
kappa%22y190,Καρποῦ
kappa%22y190,Κέρκωψ
kappa%22y190,Καλλίας ὁ πίθηκος.
kappa%22y190,Κρώβυλος
kappa%22y190,Κεφάλαιον
kappa%22y190,Καταλογεύς
kappa%22y190,Καββαλεία
kappa%22y190,Κληρωταὶ
kappa%22y190,Κηδεσταί
lambda%22y191,Λιπομαρτυρίου
lambda%22y191,Λῆξις
lambda%22y191,Ληξιαρχικόν
lambda%22y191,Λυμαινομένου
mu%22y191,Μεσεγγύημα
mu%22y191,Μαρτυρίαν ἐμβάλλεσθαι
nu%22y191,Νομοφύλακες
omicron%22y191,Ὀργεῶνές
omicron%22y192,Οὐσία
omicron%22y192,Οἱ συντελεῖς
omicron%22y192,Ὅρον ἐπιθεῖναι χωρίῳ
omicron%22y192,Ὁμοῦ καὶ ἐγγύς
omicron%22y192,Ὄκνος
pi%22y192,Παρακαταβαλεῖν
pi%22y192,Πρυτανεῖα
pi%22y192,Περὶ τῶν ἕνδεκα
pi%22y192,Πωληταί
pi%22y192,Προσμίξαι πρὸς τὴν χώραν
pi%22y192,Παράσημος ῥήτωρ
pi%22y192,Προδανειστής
pi%22y192,Προηρόσια
pi%22y192,Πεντηκοστεύοντες
pi%22y192,Περὶ Κόδρου
pi%22y193,Πώμαλα
pi%22y193,Παταικίων
pi%22y193,Παραλογίζεσθαι
pi%22y193,Προκαταβολή
pi%22y193,Παρανόμων γραφή
pi%22y193,Παλαμναῖος
pi%22y193,Πρὸ Εὐκλείδου
sigma%22y193,Συμπρατήρ
sigma%22y193,Σάργον
sigma%22y193,Σκάνδικες
tau%22y193,Τῶν μὴ ἐπεξιόντων τὰς δίκας
tau%22y193,Τιμαγόρας
tau%22y193,Τιμοκράτης
tau%22y193,Τριηράρχημα
tau%22y193,Τὸ ἀναγινώσκειν
tau%22y193,Τήθη
tau%22y194,Τηθίς
tau%22y194,Τέως
tau%22y194,Τηλικοῦτος
upsilon%22y194,Ὑπὸ μάλης
phi%22y194,Φονικόν
phi%22y194,Φρατριάζειν
phi%22y194,Φαῦλον
phi%22y194,Φενακίζειν
psi%22y194,Ψευδοκλητίας
psi%22y194,Ψευδογραφή
psi%22y194,Ψευδομαρτυριῶν
