alpha%22ypre-1,α
alpha%22y1,Ἄβρα
alpha%22y2,Ἀβυρτάκη
alpha%22y3,Ἄβολος
alpha%22y4,Ἁβροείμονες
alpha%22y5,Ἀβρότων
alpha%22y6,Ἀβίων
alpha%22y7,Ἀγοράζω
alpha%22y8,Ἄγαμαι
alpha%22y9,Ἄγγαροι
alpha%22y10,Ἀγκαλιαγωγοί
alpha%22y11,Ἄγλιθες
alpha%22y12,Ἀγανοῖς
alpha%22y13,Ἀγαπήνωρ
alpha%22y15,Ἀγασάμενοι
alpha%22y16,Ἀγαστόρων
alpha%22y17,Ἀαγές
alpha%22y18,Ἀγαυός
alpha%22y19,Ἀγαυρός
alpha%22y20,Ἀγαυρίαμα
alpha%22y21,Ἀγαυγή
alpha%22y22,Ἀγερσικύβη[λιν
alpha%22y23,Ἀγελαῖος
alpha%22y24,Ἀγορὰ ἐφορία
alpha%22y25,Ἀγγεῖλαι
alpha%22y26,Ἀγγεῖον
alpha%22y27,Ἀγγαροφορεῖν
alpha%22y28,Ἄγγελος
alpha%22y29,Ἀγγελίην
alpha%22y30,Ἀγερμός
alpha%22y31,Ἀγελείη
alpha%22y32,Ἀγέρωχος
alpha%22y33,Ἀγησίλαος
alpha%22y34,Ἀγέραστος
alpha%22y35,Ἀγείρατον
alpha%22y36,Ἀγήραον
alpha%22y37,Ἀγείρω
alpha%22y38,Ἄγη
alpha%22y39,Ἀγειρέ⟦σ⟧θω
alpha%22y40,Ἀγήνωρ
alpha%22y41,Ἀγῆλαι
alpha%22y42,Ἀγρ[οιώτης
alpha%22y43,Ἀγυιά
alpha%22y44,Ἄγυρις
alpha%22y45,Ἄγρωστις
alpha%22y46,Ἄγχι
alpha%22y47,Ἄγχειν
alpha%22y48,Ἀγχλάσας
alpha%22y49,Ἀγχίμολον
alpha%22y50,Ἀγχηστῖναι
alpha%22y51,Ἄγχαυρον
alpha%22y52,Ἀγών
alpha%22y53,Ἀγχώμαλα
alpha%22y54,Ἀγυιά
alpha%22y55,Ἀγωνία
alpha%22y56,Ἀγγελλόντων
alpha%22y57,Ἀδέκαστος
alpha%22y58,Ἀδελφός
alpha%22y59,Ἀδελφιδοῦς
alpha%22y60,Ἀδ]αξῆσαι
alpha%22y61,[Ἀδ]αήμων
alpha%22y62,Ἀδδεές
alpha%22y63,Ἀδευκής
alpha%22y64,Ἀδήριτος
alpha%22y65,Ἀδευκέος
alpha%22y66,Ἀδέψητον
alpha%22y67,Ἀδηφάγος
alpha%22y68,Ἁδεῖν
alpha%22y69,Ἄδην
alpha%22y70,Ἀδικίου
alpha%22y71,Ἀδηκότες
alpha%22y72,Ἄδδιξ
alpha%22y73,Ἀδινάων
alpha%22y74,Ἀδίοπον
alpha%22y75,Ἀδινώτερος
alpha%22y76,Ἀδινῷ
alpha%22y77,[Ἀδ]μολίη
alpha%22y78,Ἀδμήτην
alpha%22y79,Ἀδῄωτον
alpha%22y80,Ἀδρηστίνη
alpha%22y81,Ἀδολεσχία
alpha%22y82,Ἁδρός
alpha%22y83,Ἀδόροισι
alpha%22y84,Ἀδρανής
alpha%22y85,Ἀδραστεϊδῶν
alpha%22y86,Ἀδρίας
alpha%22y87,Ἀδύτῳ
alpha%22y88,Ἄδωνις
alpha%22y89,Ἁδρύνω
alpha%22y90,Ἀεθλεύειν
alpha%22y91,Ἀεικίας
alpha%22y92,Ἀεικέλιος
alpha%22y94,Ἀείδελον
alpha%22y95,Ἄεθλον
alpha%22y96,Ἄειλα
alpha%22y97,Ἀειλογία
alpha%22y98,Ἀείζωτος
alpha%22y99,Ἀεικής
alpha%22y100,Ἀείδω
alpha%22y101,Ἀεικίσσως[ιν]
alpha%22y102,Ἀέκητι
alpha%22y103,Ἀεκήλια
alpha%22y104,Ἀειρομένη
alpha%22y105,Ἄελλα
alpha%22y106,Ἀελλής
alpha%22y107,Ἀελπτέοντες
alpha%22y108,Ἀελλόπος
alpha%22y109,[Ἀέ]ντες
alpha%22y110,Ἀένναος
alpha%22y111,Ἀέξει
alpha%22y112,Ἄερθεν
alpha%22y113,Ἀερσίποδες
alpha%22y114,Ἀεσίφρων
alpha%22y115,Ἀεργεία
alpha%22y116,Ἄζειν
alpha%22y117,Ἀζεΐδαο
alpha%22y118,Ἀζηχές
alpha%22y119,Ἄζη
alpha%22y120,Ἀζαλέην
alpha%22y121,Ἀζήν
alpha%22y122,Ἀηδών
alpha%22y123,Ἄη
alpha%22y124,Ἀήδιζον
alpha%22y125,Ἀήρ
alpha%22y126,Ἀήσυλος
alpha%22y127,Ἀήσυρον
alpha%22y128,Ἀήτης
alpha%22y129,Ἄητον
alpha%22y130,Ἀθαμάντιον
alpha%22y131,Ἀθέμιστος
alpha%22y132,Ἀθέριζον
alpha%22y133,Ἀθέσφατον
alpha%22y134,Ἀθηνᾶ
alpha%22y135,"Ἀθήνηισι, Θήβηισι"
alpha%22y136,Ἀθηρηλοιγόν
alpha%22y137,Ἆθλος
alpha%22y138,Ἀθλήσας
alpha%22y139,Ἀθριβής
alpha%22y140,Ἀθίγγανος
alpha%22y141,[Ἄθροος]
alpha%22y142,Ἀθρῶν
alpha%22y143,Ἀθροίζω
alpha%22y144,Ἄθηλον
alpha%22y145,Ἀθέλδεται
alpha%22y146,Ἀθύρ
alpha%22y147,Ἀθύρματα
alpha%22y148,Ἄθως
alpha%22y149,Ἀθῷος
alpha%22y150,Ἄθωος
alpha%22y151,Ἀθώου Διός
alpha%22y152,Αἴγινα
alpha%22y153,Αἴ
alpha%22y154,Αἰάζειν
alpha%22y155,Αἰαίη
alpha%22y156,Αἶα
alpha%22y157,Αἰγίς
alpha%22y158,Αἰγυπτιάζειν
alpha%22y159,Αἰγανέη
alpha%22y160,Αἴγειρος
alpha%22y161,Αἰγίλιψ
alpha%22y162,Αἰγιάλεια
alpha%22y163,Αἰγάς
alpha%22y164,Αἴγισθος
alpha%22y165,Αἰγίλουρος
alpha%22y166,Αἴγλη
alpha%22y167,Αἰγαῖον πέλαγος
alpha%22y168,Αἰγυπιοῖσι
alpha%22y169,Αἴγυπτος
alpha%22y170,Αἰγιαλός
alpha%22y171,Αἰγοφάγος
alpha%22y172,Αἰαίην
alpha%22y173,Αἰδοῖα
alpha%22y174,Αἰδοῖος
alpha%22y175,Αἰδομένω
alpha%22y177,Αἰδέσεται
alpha%22y178,Αἰδεῖσθαι [θ'] ἱερῆα
alpha%22y179,Αἰδοιέστατον
alpha%22y180,Αἰδῶ
alpha%22y182,Αἰειγενέτῃσι
alpha%22y183,Αἰέλουρος
alpha%22y184,Αἰετός
alpha%22y185,Αἰζηός
alpha%22y186,Αἰήτης
alpha%22y187,Αἰηνές
alpha%22y188,Αἶθος
alpha%22y189,Αἴθων
alpha%22y190,Αἴθωνι
alpha%22y191,Αἴθωνας
alpha%22y192,Αἰθούσῃσι
alpha%22y193,Αἰθαλίδην
alpha%22y194,Αἰθάλη
alpha%22y195,Αἰθαλήτης
alpha%22y196,Αἰθήρ
alpha%22y197,Αἴθοπα οἶνον
alpha%22y198,Αἴθρῳ καὶ καμάτῳ
alpha%22y199,Αἴθρῳ
alpha%22y200,Αἰθρηγενέτης
alpha%22y201,Αἴθουσαι
alpha%22y202,Αἰθέρος
alpha%22y203,Αἰκίζω
alpha%22y204,Αἴλιος
alpha%22y205,Αἱμασιά
alpha%22y206,Αἷμα
alpha%22y207,Αἱμύλος
alpha%22y208,Αἱμωδεῖν
alpha%22y209,Αἵμων
alpha%22y210,Αἰνείας
alpha%22y211a,Αἰναρέτη
alpha%22y211b,Αἰναρέτης
alpha%22y212,Αἰνετός
alpha%22y213,Αἴνιγμα
alpha%22y214,Αἰνίζομαι
alpha%22y215,Αἶνος
alpha%22y216,Αἰνός
alpha%22y217,Αἴνυμαι
alpha%22y218,Αἰνά
alpha%22y219,Αἴξ
alpha%22y220,Αἰξωνεύεσθαι
alpha%22y221,Αἰολομίτρην
alpha%22y222,Αἰόλος
alpha%22y223,Αἰολοπώλους
alpha%22y224,Αἰολεῖς
alpha%22y225,Αἰπὰ ῥέεθρα
alpha%22y226,Αἰπεῖα
alpha%22y227,Αἰπόλος
alpha%22y228,Αἰπεινῆς
alpha%22y230,Αἰπύς
alpha%22y231,Αἴπυτος
alpha%22y232,Αἰπύκερως
alpha%22y233,Αἶρα
alpha%22y234,Αἶρα
alpha%22y235,ᾌρας
alpha%22y236,Αἰριπολίοιο δμωαί
alpha%22y237,Αἱρεύμενον
alpha%22y238,Αἴρω
alpha%22y239,Αἱρείτω
alpha%22y240,Αἰρόπινον
alpha%22y241,Αἶσα
alpha%22y242,Αἶσθα
alpha%22y243,Αἰσιμία
alpha%22y244,Αἴσιμος
alpha%22y245,Αἰσυητήρ
alpha%22y246,Αἴσυλα
alpha%22y247,Αἴσυλος
alpha%22y248,Αἰσυμνητήρ
alpha%22y249,Αἰσύμηθεν
alpha%22y250,Αἰγυπιός
alpha%22y251,Αἰτωλοί
alpha%22y252,Αἰσχρός
alpha%22y253,Αἶσχος
alpha%22y254,Αἰσχύλος
alpha%22y255,Αἴσων
alpha%22y256,Αἴτνα
alpha%22y257,Αἰχμάλωτος
alpha%22y258,Αἰχμάσσω
alpha%22y259,Αἰχμή
alpha%22y260,Αἰχμητής
alpha%22y261,Αἰφηρήτης
alpha%22y262,Αἶψα
alpha%22y263,Αἰών
alpha%22y264,Αἰώρα
alpha%22y265,Ἀΐγδην
alpha%22y266,Ἀΐδηλον
alpha%22y267,Ἀΐδηλος
alpha%22y268,Ἀϊδνός
alpha%22y269,Ἀϊδωνεύς
alpha%22y271,Ἀϊδνές
alpha%22y272,Ἄϊδι
alpha%22y273,Ἄϊδρις
alpha%22y274,Ἀϊδρεία
alpha%22y275,Ἀϊκάς
alpha%22y276,Ἀΐλιον
alpha%22y277,Ἄϊστος
alpha%22y278,Ἀϊστῶσαι
alpha%22y279,Ἄϊον
alpha%22y280,Ἀΐσθων
alpha%22y281,Ἄϊσθε
alpha%22y282,Ἀΐτης
alpha%22y283,Ἀϊτίας
alpha%22y284,Ἀϊχθῆναι
alpha%22y285,Ἀΐω
alpha%22y286,Ἄκαινα
alpha%22y287,Ἀκαδήμεον
alpha%22y288,Ἀκακήτης
alpha%22y289,Ἀκαλήφη
alpha%22y290,Ἀκαλανθίς
alpha%22y291,Ἀκαλός
alpha%22y292,Ἀκαλαρείτης
alpha%22y293,Ἀκαμαντοχάρμαν
alpha%22y294,Ἀκάμανος
alpha%22y295,Ἄκανθος
alpha%22y296,Ἄκανθα 
alpha%22y297,Ἀκαμύθιος
alpha%22y298,Ἀκάμπιος
alpha%22y299,Ἄκαρα
alpha%22y300,Ἀκαχμένον
alpha%22y301,Ἀκαχίζεο
alpha%22y303,Ἀκαχήμενος
alpha%22y304,Ἀκαχοίατο
alpha%22y305,Ἀκαρής
alpha%22y306,Ἄκαστος
alpha%22y307,Ἄκατος
alpha%22y308,Ἀκέανος
alpha%22y309,Ἀκεσώδυνος
alpha%22y310,Ἀκεσταί
alpha%22y311,Ἀκέστωρ
alpha%22y312,Ἀκερσεκόμης
alpha%22y313,Ἀκέραιος
alpha%22y314,Ἀκέων
alpha%22y315,Ἀκή
alpha%22y316,Ἀκηδία
alpha%22y317,Ἀκήν
alpha%22y318,Ἀκή
alpha%22y319,Ἀκηδής
alpha%22y320,Ἀκήδεστοι
alpha%22y321,Ἀκήδεσαν
alpha%22y322,Ἀκήριον
alpha%22y323,Ἀκήρατος
alpha%22y324,Ἀκηχέδαται
alpha%22y325,Ἀκήματα
alpha%22y327,Ἀκιδνός
alpha%22y328,Ἀκιδαλίη
alpha%22y329,Ἀκινάκης
alpha%22y330,Ἀκίνητον
alpha%22y331,Ἀκίς
alpha%22y332,Ἀκιώτατον
alpha%22y333,†Ἀγκίζεσθαι
alpha%22y334,Ἀκίχητα
alpha%22y335,Ἀκλειῶς
alpha%22y336,Ἀκμαῖος
alpha%22y337,Ἀκμή
alpha%22y338,Ἀκμῆτες
alpha%22y339,Ἄκμηνος
alpha%22y340,Ἄκμων
alpha%22y341,Ἄκνηστις
alpha%22y342,Ἄκοιτις
alpha%22y343,Ἀκοή
alpha%22y344,Ἄκολος
alpha%22y345,Ἀκόνη
alpha%22y346,Ἀκονητί
alpha%22y347,Ἀκόνητον
alpha%22y348,Ἀκοῦμαι καὶ ἄκεον
alpha%22y349,Ἀκουός
alpha%22y350,Ἀκούω
alpha%22y351,Ἀκοστήσας
alpha%22y352,Ἄκοσμα
alpha%22y353,Ἄκος
alpha%22y354,Ἀκόλαστος
alpha%22y355,Ἀκόρητος
alpha%22y356,Ἀκοντοδόκος
alpha%22y357,Ἀκολουθήσας
alpha%22y358,Ἄκρις
alpha%22y359,Ἀκρίσιος
alpha%22y360,Ἀκριτόμυθε
alpha%22y361,Ἄκριας
alpha%22y362,Ἀκροθίνιον
alpha%22y363,Ἀκρόπολις
alpha%22y364,Ἀκροπόλοισιν
alpha%22y365,Ἀκρόκομοι
alpha%22y366,Ἀκραής
alpha%22y367,Ἀκράαντον
alpha%22y368,Ἄκρον
alpha%22y369,Ἄκριτον
alpha%22y370,Ἄκριτα
alpha%22y371,Ἀκρίς
alpha%22y372,Ἀκρασία
alpha%22y373,Ἀκριβής
alpha%22y374,Ἀκροῶ
alpha%22y375,Ἀκρέμων
alpha%22y376,Ἀκραιφνής
alpha%22y377,Ἄκρατον
alpha%22y378,Ἀκτή
alpha%22y379,Ἀκτή
alpha%22y381,Ἄκτιον
alpha%22y382,Ἄκτωρ
alpha%22y383,Ἀκτάζων
alpha%22y384,Ἀκταίνειν
alpha%22y385,Ἀκταίωρος
alpha%22y386,Ἀκτίς
alpha%22y387,Ἄκυτος
alpha%22y388,Ἄκυθος
alpha%22y389,Ἀκωκή
alpha%22y390,Ἀλάβαστρον
alpha%22y391,Ἀλαζών
alpha%22y392,Ἀλαίνω
alpha%22y393,Ἀλαλή
alpha%22y394,Ἀλαλητός
alpha%22y395,Ἀλαλκομενηΐς
alpha%22y396,Ἀλαλύκτημαι
alpha%22y397,Ἀλαός
alpha%22y399,Ἀλαπάξαι
alpha%22y400,Ἀλάστωρ
alpha%22y401,Ἀλαῶσαι
alpha%22y402,Ἀλάλημαι
alpha%22y403,Ἀλαλκεῖν
alpha%22y404,Ἀλαλκών
alpha%22y405,Ἀλαῖος
alpha%22y406,Ἀλαστός
alpha%22y407,Ἄλαστα
alpha%22y408,Ἄλαστον
alpha%22y409,Ἀλαστήσας
alpha%22y410,Ἀλαπαδνός
alpha%22y411,Ἀλαλάζειν
alpha%22y412,Ἀλακάτη καὶ ἀλακάτη Ἰωνικῶς
alpha%22y413,Ἄλγος
alpha%22y414,Ἀλδήμιος ἢ Ἄλδιος
alpha%22y416,Ἀλέγω
alpha%22y417,Ἀλεγεινός
alpha%22y418,Ἀλεξῶ
alpha%22y419,Ἀλεός
alpha%22y420,Ἀλεσούριος
alpha%22y421,Ἀλευάδα
alpha%22y422,Ἀλεωρή
alpha%22y423,Ἄλες
alpha%22y424,Ἀλεώμεθα
alpha%22y425,Ἀλευρόττησις
alpha%22y426,Ἀλεξίκακος
alpha%22y427,Ἀλεξίκακος
alpha%22y428,Ἀλεύατο
alpha%22y429,Ἀλεγίζω
alpha%22y430,Ἀλετρεύουσα
alpha%22y431,Ἀλεξιάρη
alpha%22y432,Ἀλέα
alpha%22y433,Ἀλεείνων
alpha%22y434,Ἀλεύω
alpha%22y435,Ἀλεύας
alpha%22y436,Ἀλέρα
alpha%22y437,Ἀλεγεινός
alpha%22y438,Ἀλέκτωρ
alpha%22y439,Ἄλεται
alpha%22y440,Ἀλειπής
alpha%22y441,Ἀλείτης
alpha%22y442,Ἄλειφα
alpha%22y443,Ἄλεισον
alpha%22y444,Ἀλείσιον
alpha%22y445,Ἀλείπτης
alpha%22y446,Ἀληθές
alpha%22y447,Ἀληθής
alpha%22y448,Ἀλήθω
alpha%22y449,Ἁλήπεδον
alpha%22y450,Ἀλησία
alpha%22y451,Ἀλησιάς
alpha%22y452,Ἀλήτης
alpha%22y453,Ἀλήτης
alpha%22y454,Ἀλῆτις
alpha%22y455,Ἄλη
alpha%22y456,Ἀλήατα
alpha%22y457,Ἄλητα
alpha%22y458,Ἄληκτον
alpha%22y459,Ἀλητῶ
alpha%22y461,Ἀλήϊον
alpha%22y462,Ἀλήϊος
alpha%22y463,Ἀλήμεναι
alpha%22y464,Ἀλθαία
alpha%22y465,Ἄλθετο
alpha%22y466,Ἀλθαίνω
alpha%22y467,Ἄλθαινος
alpha%22y468,Ἁλιβδύειν
alpha%22y469,Ἁλιζῶνες
alpha%22y470,Ἀλιμοῦς
alpha%22y471,Ἀλινδεῖσθαι
alpha%22y472,Ἀλινδῶ
alpha%22y473,Ἀλίω
alpha%22y474,Ἀλίωσε
alpha%22y475,Ἁλιτενής
alpha%22y476,Ἀλιτηρία Δημήτηρ καὶ ἀλιτήριος Ζεύς
alpha%22y477,Ἀλιτήριος
alpha%22y478,Ἀλιτήμων
alpha%22y479,Ἁλικαρνασός
alpha%22y480,Ἁλίαρτος
alpha%22y481,Ἀλίαστος
alpha%22y482,Ἀλιταίνω
alpha%22y483,Ἀλιτῶ
alpha%22y484,Ἅλιος
alpha%22y485,Ἅλιον
alpha%22y486,Ἅλιας
alpha%22y487,Ἁλίσκεται
alpha%22y488,Ἅλις
alpha%22y489,Ἀλίβας
alpha%22y490,Ἄλιππα
alpha%22y491,Ἁλίπλοα
alpha%22y492,Ἁλιεύς
alpha%22y493,Ἀλκαία
alpha%22y494,Ἄλκαρ
alpha%22y495,Ἀλκή
alpha%22y496,Ἄλκιμος
alpha%22y497,Ἀλκμάν
alpha%22y498,Ἀλκμάρες
alpha%22y499,Ἀλκμήνη
alpha%22y500,Ἀλκάος
alpha%22y501,Ἀλκυών
alpha%22y503,Ἀλκυόνην
alpha%22y504,Ἀλκυδών
alpha%22y505,Ἀλλόκοτον
alpha%22y506,Ἀλλάσσω
alpha%22y508,Ἀλλοπρόσαλλος
alpha%22y509,Ἄλλως
alpha%22y510,Ἀλλότριος
alpha%22y511,Ἀλλ' ἴθι
alpha%22y512,Ἀλλ' ἤ
alpha%22y513,Ἄλλος
alpha%22y514,Ἀλλά
alpha%22y515,Ἄλλιξ
alpha%22y516,Ἄλλεται
alpha%22y517,Ἅλμενος
alpha%22y518,Ἄλλυδις
alpha%22y519,Ἁλμυρόν
alpha%22y520,Ἄλμα
alpha%22y521,Ἅλμη
alpha%22y522,Ἄλξ
alpha%22y523,Ἀλογήσει
alpha%22y524,Ἀλοιμός
alpha%22y525,Ἀλοιτός
alpha%22y526,Ἀλοία
alpha%22y528,Ἀλόπη
alpha%22y529,Ἄλος
alpha%22y530,Ἁλοσύδνη
alpha%22y531,Ἁλὸς ἄχνη
alpha%22y532,Ἀλλοδαπός
alpha%22y533,Ἁλουργίς
alpha%22y534,Ἄλοχος
alpha%22y535,Ἄλπια
alpha%22y536,Ἄλπιος
alpha%22y537,Ἄλσος
alpha%22y539,Ἆλτο
alpha%22y540,Ἁλτὴρ καὶ ἁλτῆρες
alpha%22y541,Ἀλυκρόν
alpha%22y542,Ἀλυκτέων
alpha%22y543,Ἀλυίω
alpha%22y544,Ἀλύσκω
alpha%22y545,Ἅλυς
alpha%22y546,Ἀλυκτοπέδῃσι
alpha%22y547,Ἁλυκός
alpha%22y549,Ἀλύσσω
alpha%22y550,Ἀλύξαι
alpha%22y551,Ἀλυτάρχης
alpha%22y552,Ἀλυσκάζειν
alpha%22y553,Ἀλύειν
alpha%22y554,Ἀλφειός
alpha%22y555,Ἄλφιτα
alpha%22y556,Ἀλφός
alpha%22y557,Ἀλφηστής
alpha%22y558,Ἀλφησταί
alpha%22y559,Ἀλφεσίβοιαι
alpha%22y560,Ἀλφίτου ἀκτήν
alpha%22y561,Ἀλῶ
alpha%22y562,Ἁλῶ
alpha%22y563,Ἁλώνητα
alpha%22y564,Ἀλωπεκία
alpha%22y565,Ἀλωπεκόν<ν>ησος
alpha%22y566,Ἁλωρῆται
alpha%22y567,Ἅλως
alpha%22y568,Ἅλωα
alpha%22y569,Ἀλωήν
alpha%22y570,Ἀλῳάς
alpha%22y571,Ἀλώπηξ
alpha%22y572,Ἁλωτός
alpha%22y573,Ἁλῴη
alpha%22y574,Ἁλῶναι
alpha%22y575,Ἅμα
alpha%22y576,Ἁμάδιος
alpha%22y577,Ἄμαθος
alpha%22y578,Ἀμαιμάκετος
alpha%22y579,Ἀμαιμακέτην
alpha%22y580,Ἀμαλδύνω
alpha%22y581,Ἀμαλλοδετῆρες
alpha%22y582,Ἀμαλή
alpha%22y583,Ἀμάλθεια
alpha%22y584,Ἀμάμαξυς
alpha%22y585,Ἀμάρα
alpha%22y586,Ἀμαρία
alpha%22y587,Ἁμαρτία
alpha%22y588,Ἁμαρτάνω
alpha%22y589,Ἀμάρυγμα καὶ ἀμαρυγάς
alpha%22y590,Ἀμαρύσσω
alpha%22y591,Ἁμαρτῶ
alpha%22y592,Ἁμάρτῃ
alpha%22y593,Ἁμαρτῇ
alpha%22y594,Ἀμαζών
alpha%22y595,Ἁμαρτοεπής
alpha%22y596,Ἀμαυρόν
alpha%22y597,Ἀμαθύνειν
alpha%22y598,Ἄμαντες
alpha%22y600,Ἀμαστρίς
alpha%22y601,Ἀμαραντῶν
alpha%22y602,Ἁμαδρυάδες
alpha%22y603,Ἁμαρτίνους
alpha%22y604,Ἄμαξα
alpha%22y605,Ἁμάς
alpha%22y606,Ἁματροχιάς
alpha%22y607,†Ἀμβαλώμεθα
alpha%22y608,Ἀμάνδαλον
alpha%22y609,Ἀμᾶν
alpha%22y610,Ἀμβλυώττειν
alpha%22y611,Ἀμβλῶσαι
alpha%22y612,Ἄμβη
alpha%22y613,Ἄμβων
alpha%22y614,Ἀμβωμοῖσι
alpha%22y615,Ἀμβλύς
alpha%22y616,Ἀμβρόσιος ὕπνος
alpha%22y617,Ἀμβροσίην διὰ νύκτα
alpha%22y618,Ἀμβροσία
alpha%22y619,Ἀμβροσίου
alpha%22y620,Ἄμβροτον
alpha%22y621,Ἄμβροτοι
alpha%22y622,Ἀμβρακία
alpha%22y623,Ἀμβολιεργός
alpha%22y624,Ἀμβολάδην
alpha%22y625,Ἀμβαλόμεθα
alpha%22y626,Ἀμβατός
alpha%22y627,Ἀμέγαρτος
alpha%22y628,Ἀμέλγω
alpha%22y629,Ἀμενηνός
alpha%22y630,Ἀμέρδω
alpha%22y631,⟦<Ἀμέρσαι
alpha%22y632,Ἀμένης
alpha%22y633,Ἀμεύσιμος
alpha%22y634,Ἀμεύω
alpha%22y635,Ἀμείλιχος
alpha%22y636,Ἀμεινίας
alpha%22y637,Ἀμείνων
alpha%22y638,Ἀμείνω
alpha%22y639,Ἀμείδητος
alpha%22y640,Ἀμήρυτον
alpha%22y641,Ἀμήχανος
alpha%22y642,Ἀμήχανα
alpha%22y643,Ἄμη
alpha%22y644,Ἀμητῆρες
alpha%22y645,Ἀμήτειρα
alpha%22y646,Ἀμᾶν
alpha%22y647,Ἄμηρον
alpha%22y648,Ἄμης
alpha%22y649,Ἀμιθρῆσαι
alpha%22y650,Ἀμίς
alpha%22y651,Ἀμία
alpha%22y652,Ἀμίσαλλος
alpha%22y653,Ἀμίστυλλον
alpha%22y654,Ἀμισώδαρος
alpha%22y655,Ἀμιτροχίτωνας
alpha%22y656,Ἀμιχθαλόεσσαν
alpha%22y657,Ἀμμεῖναι
alpha%22y658,Ἄμμορον
alpha%22y659,Ἄμναμοι
alpha%22y660,Ἀμνίον
alpha%22y661,Ἄμνιος
alpha%22y662,Ἀμνειός
alpha%22y663,Ἀμνός
alpha%22y664,Ἀμογητί
alpha%22y665,Ἀμολγῷ
alpha%22y666,Ἀμορβής καὶ ἀμορβές
alpha%22y667,Ἀμόργινος
alpha%22y668,Ἄμοχθος
alpha%22y669,Ἁμός
alpha%22y670,Ἀμοπάονα
alpha%22y671,Ἄμοτον
alpha%22y672,Ἀμορμεύοντο
alpha%22y673,Ἀμορμεύεσκεν
alpha%22y674,Ἀμοιβήδην
alpha%22y675,Ἀμοιβοί
alpha%22y676,Ἀμπεχόνη
alpha%22y677,Ἄμπαυμα
alpha%22y678,Ἀμπίσχουσα
alpha%22y679,Ἀμπνύνθη
alpha%22y681,Ἄμ πόνον
alpha%22y682,Ἀμπρόν
alpha%22y683,Ἀμπρεύω
alpha%22y684,Ἄμπυξ
alpha%22y685,Ἄμπελος
alpha%22y686,Ἄμπωτις
alpha%22y687,Ἀμπλάκημα
alpha%22y688,Ἀμύρητον
alpha%22y689,Ἀμυμώνη
alpha%22y690,Ἄμυκος
alpha%22y691,Ἀμῦναι
alpha%22y692,Ἀμύντωρ
alpha%22y693,Ἀμύξ
alpha%22y694,Ἄμυρος
alpha%22y696,Ἄμυστις
alpha%22y697,Ἀμυσχρός
alpha%22y698,Ἀμυχή
alpha%22y699,Ἄμυδις
alpha%22y700,Ἀμυδρός
alpha%22y701,Ἀμυγδάλη
alpha%22y702,Ἀμύμων
alpha%22y703,Ἄμυκος
alpha%22y704,Ἀμύξεις
alpha%22y705,Ἀμφασίαν
alpha%22y706,Ἀμφαδίην
alpha%22y707,Ἀμφαδόν
alpha%22y709,Ἀμφεπονεῖτο
alpha%22y710,Ἄμφηκες
alpha%22y711,Ἀμφεποτᾶτο
alpha%22y712,Ἀμφίδυμοι
alpha%22y713,Ἀμφικαρῆ
alpha%22y714,Ἀμφιάραος> ἢ <Ἄμφιάρεως
alpha%22y715,Ἀμφίκαυτις
alpha%22y716,Ἀμφίγυα
alpha%22y717,Ἀμφιβέβηκας
alpha%22y718,Ἀμφίβασιν
alpha%22y719,Ἀμφιγυήεις
alpha%22y720,Ἀμφίδρυφοι
alpha%22y721,Ἀμφιδέδηε
alpha%22y722,Ἀμφικέφαλος
alpha%22y723,Ἀμφιλαφές
alpha%22y724,Ἀμφιελίσσας
alpha%22y725,Ἀμφίπολις
alpha%22y726,Ἄμφις
alpha%22y727,Ἀμφίς
alpha%22y728,Ἀμφίβασιν
alpha%22y729,Ἀμφισβητεῖν
alpha%22y730,Ἀμφιέννυται
alpha%22y732,Ἀμφιφῶν
alpha%22y733,Ἀμφιλύκη νύξ
alpha%22y734,Ἀμφιδρόμια
alpha%22y735,Ἀμφικύπελλον
alpha%22y736,Ἀμφικτύονες
alpha%22y737,Ἀμφιειμένοι
alpha%22y738,Ἀμφίβληστρον
alpha%22y739,Ἀμφιτρίτη
alpha%22y740,Ἀμφιβρότης
alpha%22y741,Ἀμφί
alpha%22y742,Ἀμφιρεφέαν
alpha%22y743,Ἀμφιῶ
alpha%22y744,Ἀμφιέννυμαι ἠμφιεννύμην
alpha%22y745,Ἀμφικινυρόμεναι
alpha%22y746,Ἀμφίων
alpha%22y747,Ἄμφιος
alpha%22y748,Ἀμφιφορίτης
alpha%22y749,Ἀμφίπολος
alpha%22y750,Ἀμφίφαλον
alpha%22y751,Ἀμφοῦδις
alpha%22y752,Ἀμφορεύς
alpha%22y753,Ἀμφῶες
alpha%22y754,Ἀμφωτίδες
alpha%22y755,Ἀμφόνον
alpha%22y756,Ἄμφω
alpha%22y757,Ἀμφοτέρωθεν
alpha%22y758,Ἄμωμος
alpha%22y759,Ἀναβέβρυκεν
alpha%22y760,Ἁμωσγέπως
alpha%22y761,Ἀνάβλησις
alpha%22y762,Ἀναδοιδυκίζει
alpha%22y763,Ἀναδῦναι
alpha%22y764,Ἀναζυγῶσαι
alpha%22y765,Ἀνακληθρίς
alpha%22y766,Ἀνακοί
alpha%22y767,Ἀνακῶς
alpha%22y768,Ἀνακυμβαλιάζω
alpha%22y769,Ἀνάλογος
alpha%22y770,Ἄναλτος
alpha%22y771,Ἄναλκις
alpha%22y772,Ἀνὰ ῥῶγας
alpha%22y773,Ἀνάνιον
alpha%22y774,Ἀναπαυόμενον ὕδωρ
alpha%22y775,Ἀνάρρυσις
alpha%22y776,Ἀνάσσω
alpha%22y777,Ἄναξ
alpha%22y778,Ἀναστήσειεν
alpha%22y779,Ἀνασταδόν
alpha%22y780,Ἀνασφῆλαι
alpha%22y781,Ἀνάχαρσις
alpha%22y783,Ἀνάγκη
alpha%22y784,Ἀναλῶ
alpha%22y785,Ἀναλωτικός
alpha%22y786,Ἀνάρσιος
alpha%22y787,Ἄνασσα
alpha%22y788,Ἀναφαίρετον
alpha%22y789,Ἀναψύχω
alpha%22y790,Ἀνὰ δρυμά
alpha%22y791,Ἀναλογία
alpha%22y792,Ἀνάπλεων
alpha%22y793,Ἀναθηλήσει
alpha%22y794,Ἀναπλήσῃς
alpha%22y795,Ἀναπρήσας
alpha%22y797,Ἀναστάς
alpha%22y798,Ἀνάσχεο
alpha%22y799,Ἀναγκάζω
alpha%22y800,†Ἀνάκτωρ
alpha%22y801,Ἀνάπνευσις
alpha%22y802,Ἀναδούμενος
alpha%22y803,Ἀναρροιβδεῖ
alpha%22y804,Ἄνατε
alpha%22y805,Ἀναρριχᾶσθαι
alpha%22y806,Ἄνα
alpha%22y807,Ἀναίνετο
alpha%22y808,Ἀναπεμπάζεσθαι
alpha%22y809,Ἀναίδεια
alpha%22y810,Ἀναισχυντῶ
alpha%22y811,Ἀναίδητος
alpha%22y812,Ἀνασχέσθαι
alpha%22y813,Ἀναχασσάμενος
alpha%22y814,Ἀν δὲ νάκην
alpha%22y815,Ἀνδρειφόντης
alpha%22y816,Ἀνδρόγεως
alpha%22y817,Ἀνδράγρια
alpha%22y818,Ἄνδηρα
alpha%22y819,Ἀνδάνεια
alpha%22y820,Ἀνδίκτης
alpha%22y822,Ἀνδρακάς
alpha%22y823,Ἀνδράποδον
alpha%22y824,Ἄνδραχλος
alpha%22y825,Ἀνδρόμεος
alpha%22y826,Ἀνδροτῆτα
alpha%22y827,Ἀνενδοιάστως
alpha%22y828,Ἀνδροκμήτῳ
alpha%22y829,Ἀνεμοτρεφές
alpha%22y830,Ἄνεται
alpha%22y831,Ἀνδροκτασίας
alpha%22y832,Ἀνέδην
alpha%22y833,Ἀνέεργεν
alpha%22y835,Ἀνέτειλεν
alpha%22y836,Ἀνεμώλιος
alpha%22y837,Ἀνεμώνη
alpha%22y838,Ἄνεμος
alpha%22y839,Ἀνεμούριον
alpha%22y840,Ἄνεως
alpha%22y842,Ἀνέδεντο
alpha%22y843,Ἄνετος
alpha%22y844,Ἀνεψιός
alpha%22y845,Ἀνέγναμψαν
alpha%22y846,Ἀνέσχεθε
alpha%22y847,Ἀνέστιος
alpha%22y848,Ἀνεῳγμένος
alpha%22y849,Ἀνέσταν
alpha%22y851,Ἀνεκτά
alpha%22y852,Ἀνεπαφρόδιτα
alpha%22y853,Ἀνέῳγε
alpha%22y854,Ἀνεκήκιεν
alpha%22y855,Ἀνεκυμβαλίαζον
alpha%22y857,Ἀνήλιπος
alpha%22y858,Ἀνήνηται
alpha%22y859,Ἀνήρεις
alpha%22y860,Ἀνηρίναστος
alpha%22y861,Ἀνήνοθεν
alpha%22y862,Ἀνησίδανος
alpha%22y863,Ἄνηστις
alpha%22y864,Ἀνηρίτης
alpha%22y865,Ἀνῆκεν
alpha%22y866,Ἀνημιοβολαία
alpha%22y867,Ἀνήῃ
alpha%22y868,Ἀνήγκακα
alpha%22y869,Ἀνήνασθαι
alpha%22y870,Ἀνήνοθεν
alpha%22y871,Ἀνείκαστος
alpha%22y872,Ἀνηκόντιζεν
alpha%22y874,Ἄνηθον
alpha%22y875,Ἀνήρ
alpha%22y876,Ἀνηρείψαντο
alpha%22y877,Ἄνθεια
alpha%22y878,Ἀνθεμοῦς
alpha%22y879,Ἀνθέρικος
alpha%22y880,Ἄνθραξ
alpha%22y881,Ἄνθρυσκα
alpha%22y882,Ἄνθος
alpha%22y883,Ἀνθοσμίας
alpha%22y884,Ἀνθίαν
alpha%22y885,Ἄνθρωπος
alpha%22y886,Ἀνθερεών
alpha%22y887,Ἀνθηδών
alpha%22y888,Ἀνθεστήρια
alpha%22y889,Ἀνθήλη
alpha%22y890,Ἀνθ' ὧν
alpha%22y891,Ἀνθεμίδης
alpha%22y892,Ἀνιγρός
alpha%22y893,Ἀνιαρός
alpha%22y894,Ἀνίψαλλον
alpha%22y895,Ἀνία
alpha%22y896,Ἀνιῶ
alpha%22y897,Ἀνιμῶμαι
alpha%22y898,Ἄνιος
alpha%22y899,Ἀν' ἰωχμόν
alpha%22y900,Ἀνιηρέστερον
alpha%22y901,Ἀνοπαῖα
alpha%22y902,Ἀνόστιμος
alpha%22y903,Ἀνόρουσεν
alpha%22y904,Ἀνομένοιο
alpha%22y905,Ἀνοχλίζω
alpha%22y906,Ἀντάξιον
alpha%22y907,Ἀνόστεος
alpha%22y908,Ἀνούτατος
alpha%22y909,Ἀνστάς
alpha%22y910,Ἀνστήτην
alpha%22y911,Ἀνταία
alpha%22y912,Ἄντην
alpha%22y913,Ἄντανδρος
alpha%22y914,Ἀντετόρησεν
alpha%22y915,Ἄντηστιν
alpha%22y916,Ἀντήνωρ
alpha%22y917,Ἀντικρύ
alpha%22y918,Ἀντίπαλος
alpha%22y919,Ἀντίχειρ
alpha%22y920,Ἀντιόωσαν
alpha%22y921,Ἄντα
alpha%22y922,Ἀντιλήπτωρ
alpha%22y923,Ἀντίπηξ
alpha%22y924,Ἀντίος
alpha%22y925,Ἀντίφαρα
alpha%22y926,Ἀντιφερίζω
alpha%22y927,<Ἀντιτορήσας>
alpha%22y928,Ἀντιάνειρα
alpha%22y929,Ἀντίβιος
alpha%22y930,Ἀντιβίοισιν
alpha%22y931,Ἀντιβολῆσαι
alpha%22y932,Ἀντήρεις
alpha%22y933,Ἄντα
alpha%22y934,Ἄντυξ
alpha%22y936,Ἀντανάκλασις
alpha%22y937,Ἀντιγονίζω
alpha%22y938,Ἄντρον
alpha%22y939,Ἀντρών
alpha%22y940,Ἀνύω
alpha%22y941,Ἀνύτω
alpha%22y942,Ἀνωϊστί
alpha%22y943,Ἀνῷγε
alpha%22y944,Ἀνώϊστος καὶ ἀνώϊστον
alpha%22y946,Ἄνωχθι
alpha%22y947,Ἄξυλον
alpha%22y948,Ἀξιόχρεων
alpha%22y949,Ἄξων
alpha%22y950,Ἄξιον
alpha%22y951,Ἀοίδιμος
alpha%22y952,Ἀοιδός
alpha%22y953,Ἀονία
alpha%22y954,Ἄορ
alpha%22y955,Ἀολλέες
alpha%22y956,Ἀοσσητήρ
alpha%22y957,Ἀπαλθήσεσθον
alpha%22y958,Ἀπαρτία
alpha%22y959,Ἄπαστος
alpha%22y960,Ἀπάτερθεν
alpha%22y961,Ἀπάνευθεν
alpha%22y962,Ἀπάτη
alpha%22y963,Ἀπατούρια
alpha%22y964,Ἀπαύλια
alpha%22y965,Ἀπαγορεύειν
alpha%22y966,Ἁπαλός
alpha%22y967,Ἀπάλαμνος
alpha%22y968,Ἀπαμείρεται
alpha%22y969,Ἀπαρκτίαις
alpha%22y970,Ἀπάργματα
alpha%22y971,Ἀπαιωρήσας
alpha%22y973,Ἀπάμεια
alpha%22y974,Ἀπαυρῶ
alpha%22y975,Ἀπαυθαδιάζω
alpha%22y976,Ἀπέκτατο
alpha%22y977,Ἀπεμυθεόμην
alpha%22y978,Ἀπαφῶ
alpha%22y979,Ἀπαισοῦ
alpha%22y980,Ἀπεμόρξατο
alpha%22y981,Ἀπεστύπαζον
alpha%22y982,Ἀπερείσια
alpha%22y983,Ἀπεβήσετο
alpha%22y984,Ἀπέσας
alpha%22y985,Ἀπέκτονε
alpha%22y986,Ἀπερύκοι
alpha%22y987,Ἀπεκαίνυτο
alpha%22y988,Ἀπέχθηαι
alpha%22y990,Ἀπεβουκόλησα
alpha%22y991,Ἄπελος
alpha%22y992,Ἀπέλεθρον
alpha%22y993,Ἀπενίζοντο
alpha%22y994,Ἀπένεικας
alpha%22y995,Ἀπεσκολυμμένος
alpha%22y996,Ἀπειλή
alpha%22y997,Ἀπειλῶ
alpha%22y998,Ἀπειλητῆρες
alpha%22y999,Ἄπειρος
alpha%22y1000,Ἀπερωεύς
alpha%22y1001,Ἀπεχθήρω
alpha%22y1002,Ἀπειλήτην
alpha%22y1003,Ἀπερωήσειας
alpha%22y1004,[Ἀπ]ηλεγέως
alpha%22y1005,Ἀπηλοίησεν
alpha%22y1006,Ἀπήμων
alpha%22y1007,Ἀπηνής
alpha%22y1008,Ἀπήνη
alpha%22y1009,Ἀπηρής
alpha%22y1010,Ἀπηχής
alpha%22y1011,Ἀπήορος
alpha%22y1012,Ἀπηύρων
alpha%22y1013,Ἀπηνήναντο
alpha%22y1014,Ἀπῇμεν
alpha%22y1016,Ἀπία
alpha%22y1017,Ἀπινύσσειν
alpha%22y1018,Ἀπήχθετο
alpha%22y1019,Ἀπ' Ἰδαίων
alpha%22y1020,Ἀπετρωπῶντο
alpha%22y1021,Ἀπίθησεν
alpha%22y1022,Ἀπισάονος
alpha%22y1023,Ἀποφθίμενον
alpha%22y1024,Ἀπίκια
alpha%22y1025,Ἄπιος
alpha%22y1026,Ἀμπλακία
alpha%22y1027,Ἁπληγίς
alpha%22y1028,Ἀπογυιώσῃς
alpha%22y1029,Ἀπόβλητον
alpha%22y1030,Ἀποβλύζων
alpha%22y1032,Ἀποπτύω
alpha%22y1033,Ἄπορος
alpha%22y1034,Ἀποστεπτικός
alpha%22y1035,Ἀπότριχες
alpha%22y1036,Ἀποφηληκίζει
alpha%22y1037,Ἀποφράδες
alpha%22y1038,Ἀποφώλιος
alpha%22y1039,Ἀπόστιχε
alpha%22y1040,Ἀπόερσε
alpha%22y1041,Ἀποκαίνυμαι
alpha%22y1042,Ἀπολιχμήσονται
alpha%22y1043,Ἀποχρή
alpha%22y1044,Ἀπολιβάζω
alpha%22y1045,Ἀπόμυιος
alpha%22y1046,Ἀπομηνίσας
alpha%22y1047,Ἀπονοστήσειν
alpha%22y1048,Ἀπόπατος
alpha%22y1050,Ἄποινα
alpha%22y1051,Ἀπόλλων
alpha%22y1052,Ἀπολαύω
alpha%22y1053,Ἀπολιταργεῖν
alpha%22y1054,Ἀποκναίω
alpha%22y1055,Ἀπόνοια
alpha%22y1056,Ἀποθανεῖν
alpha%22y1057,Ἀπὸ ἕθεν
alpha%22y1058,Ἀποσκυδμαίνω
alpha%22y1059,†<Ἀποτμήξαντα
alpha%22y1060,†<Ἀποπτανέουσιν
alpha%22y1061,Ἀποδρᾶν
alpha%22y1062,Ἀπὸ κυανέων
alpha%22y1064,Ἀπογαλακτίζω
alpha%22y1065,Ἀπολυμαίνεσθαι
alpha%22y1066,Ἀπὸ πεντόζοιο
alpha%22y1067,Ἀπορρῶγες
alpha%22y1068,Ἀπόφασθε
alpha%22y1069,Ἀπόθεστος
alpha%22y1070,Ἀποτομή
alpha%22y1071,Ἀποθρίξασθαι
alpha%22y1072,Ἀποσταδόν
alpha%22y1073,Ἀποθύμια
alpha%22y1074,Ἀποδιοπομπεῖσθαι
alpha%22y1075,Ἀποσχήσει
alpha%22y1076,Ἀποτίσας
alpha%22y1077,Ἀπούρας
alpha%22y1078,Ἀποφθείσθω
alpha%22y1079,Ἀπορρυήσεται
alpha%22y1080,Ἀποπεσέτωσαν
alpha%22y1081,Ἀποστρέψαντας
alpha%22y1082,Ἀποσφήλειε
alpha%22y1083,Ἀπολεῖται
alpha%22y1084,Ἀποτίνῃ
alpha%22y1085,Ἀπρίξ
alpha%22y1086,Ἀπριάτην
alpha%22y1087,Ἀπροτίμαστος
alpha%22y1088,Ἀπτέρω
alpha%22y1089,Ἀπτερέως
alpha%22y1090,Ἀπροτίοπτα
alpha%22y1091,Ἀπτοεπές
alpha%22y1092,Ἀπτοεπής
alpha%22y1093,Ἀπτέρα
alpha%22y1094,Ἀπτήν
alpha%22y1095,Ἄπτερος
alpha%22y1096,Ἄπυστος
alpha%22y1097,Ἀπύρους
alpha%22y1098,Ἀπφῦς
alpha%22y1099,Ἀπώνατο
alpha%22y1100,Ἄπωθεν
alpha%22y1101,Ἄραβος
alpha%22y1102,Ἀράβησεν
alpha%22y1103,Ἀράξης
alpha%22y1104,Ἄραρ
alpha%22y1105,Ἀράσσω
alpha%22y1106,Ἀράχνη
alpha%22y1107,Ἀράχνια
alpha%22y1108,Ἀρά
alpha%22y1109,Ἄραρεν
alpha%22y1110,Ἀραριημένος
alpha%22y1111,Ἄρα
alpha%22y1112,Ἀραρυίας
alpha%22y1113,Ἀρβύλη
alpha%22y1114,Ἀργαλέος
alpha%22y1115,Ἀραιήν
alpha%22y1116,†Ἀραιτασιείδης
alpha%22y1117,Ἀραιός
alpha%22y1118,Ἄργεμον
alpha%22y1119,Ἀργεννός
alpha%22y1120,Ἀργεννῇσι
alpha%22y1121,Ἀργός
alpha%22y1122,Ἀργής
alpha%22y1123,Ἀργαφίης
alpha%22y1124,Ἀργειφόντης
alpha%22y1125,Ἀργιόδους
alpha%22y1126,Ἄργμα
alpha%22y1127,Ἄργυρος
alpha%22y1128,Ἄργυφον
alpha%22y1129,Ἀργώ
alpha%22y1130,Ἀργειάν
alpha%22y1131,Ἀργανθώνειον
alpha%22y1132,Ἀργεστής
alpha%22y1133,Ἀργινοῦσαι
alpha%22y1134,Ἀρδηθμός
alpha%22y1135,Ἀρδμός
alpha%22y1136,Ἄρδην
alpha%22y1137,Ἄρδις
alpha%22y1138,Ἀρέθουσα
alpha%22y1139,Ἀρέσκω
alpha%22y1140,Ἀρεστήρ
alpha%22y1141,Ἀρετάν
alpha%22y1142,Ἀρετή
alpha%22y1143,Ἄρεω
alpha%22y1144,Ἀρέπυιαι
alpha%22y1145,Ἀρεστός
alpha%22y1146,Ἄρειος
alpha%22y1147,Ἄρειος Πάγος
alpha%22y1148,Ἄρειον
alpha%22y1149,Ἀρείων
alpha%22y1150,Ἀρειή
alpha%22y1151,Ἀρειμάνιος
alpha%22y1152,Ἀρεσόμεθα
alpha%22y1153,Ἀρηρώς
alpha%22y1154,Ἀρηγών
alpha%22y1155,Ἀρηΐθοος
alpha%22y1156,Ἀρήϊος
alpha%22y1157,Ἀρηΐφιλος
alpha%22y1158,Ἀρηϊφάτους
alpha%22y1159,Ἀρητόν
alpha%22y1160,Ἄρης
alpha%22y1161,Ἀρημένον
alpha%22y1162,Ἀρήρει
alpha%22y1163,Ἀρητήρ
alpha%22y1164,Ἀρήν
alpha%22y1165,Ἀρήγω
alpha%22y1166,Ἀρήνη
alpha%22y1167,Ἄρητος
alpha%22y1168,Ἀρητήσιον
alpha%22y1169,Ἀρθμός
alpha%22y1170,Ἀρίγνωτοι
alpha%22y1171,Ἄρθρον
alpha%22y1172,Ἄρθρον
alpha%22y1173,Ἀριδείκετος
alpha%22y1174,Ἀρίζηλος
alpha%22y1175,Ἀρισκυδής
alpha%22y1176,Ἄριστον
alpha%22y1177,Ἀρίστη
alpha%22y1178,Ἄριστος
alpha%22y1179,Ἀριστερά
alpha%22y1180,Ἀριθμός
alpha%22y1181,Ἀρίστυλλος
alpha%22y1182,Ἀριστῶ
alpha%22y1183,Ἀρίγνωτος
alpha%22y1184,Ἀριπρεπέα
alpha%22y1185,Ἀριπρεπέες
alpha%22y1186,Ἀρίσβη
alpha%22y1187,Ἀριήκοος
alpha%22y1188,Ἀρκτοῦρος
alpha%22y1189,Ἄρκυς
alpha%22y1190,Ἀρκείσιος
alpha%22y1191,Ἄρκιον
alpha%22y1192,Ἀρκέσιον
alpha%22y1193,Ἄρκευθος
alpha%22y1194,Ἄρκτος
alpha%22y1195,Ἀρκῶ
alpha%22y1196,Ἁρμαλιά
alpha%22y1197,Ἁρμῷ
alpha%22y1198,Ἁρμοῖ
alpha%22y1199,Ἁρμός
alpha%22y1200,Ἅρμα
alpha%22y1201,Ἁρμόττω
alpha%22y1202,Ἁρματροχιά
alpha%22y1203,Ἁρμάτειον μέλος
alpha%22y1204,Ἄρμενον
alpha%22y1205,Ἀρναῖος
alpha%22y1206,Ἀρνευτήρ
alpha%22y1207,Ἄρνη
alpha%22y1208,Ἄρνη
alpha%22y1209,Ἀρνός
alpha%22y1210,Ἀρνεῖσθαι
alpha%22y1211,†Ἀρνύμεθα
alpha%22y1212,Ἄρουρα
alpha%22y1213,Ἀροῦν
alpha%22y1214,Ἀρόη
alpha%22y1215,Ἀροτρεύς
alpha%22y1216,Ἀρόσω
alpha%22y1217,Ἄροσιν
alpha%22y1218,Ἁρπαλίων
alpha%22y1219,Ἅρπασος
alpha%22y1220,Ἁρπεδόεσσα
alpha%22y1221,Ἅρπη
alpha%22y1222,Ἁρπῶ
alpha%22y1223,Ἅρπυιαι
alpha%22y1224,Ἁρπίδες
alpha%22y1225,Ἅρπυς
alpha%22y1226,Ἅρπη
alpha%22y1227,Ἀρραβών
alpha%22y1228,Ἄρρηκτος
alpha%22y1229,Ἄρρατος
alpha%22y1230,Ἀρρηφόροι καὶ ἀρρηφορία
alpha%22y1231,Ἄρριχος
alpha%22y1232,Ἄρρωστος
alpha%22y1233,Ἀρσίνοος
alpha%22y1234,Ἄρσαντες ⟦τουτέστιν⟧ κατὰ θυμόν
alpha%22y1235,Ἄρσην
alpha%22y1236,Ἀρτύνθη
alpha%22y1237,Ἀρσινόη
alpha%22y1238,Ἄρταμος
alpha%22y1239,Ἀρτύνω
alpha%22y1240,Ἀρτεμής
alpha%22y1241,Ἄρτεμις
alpha%22y1242,Ἀρτίπος
alpha%22y1243,Ἀρτηρία
alpha%22y1244,Ἄρτος
alpha%22y1245,Ἀρτιέπειαι
alpha%22y1246,Ἄρυστις
alpha%22y1247,Ἄρυπες
alpha%22y1248,Ἀρύβαλλος
alpha%22y1249,Ἀρύω
alpha%22y1250,Ἄρχμενος
alpha%22y1251,Ἀρχογλυπτάδης
alpha%22y1252,Ἀρχολίπαρος
alpha%22y1253,Ἀρχός
alpha%22y1254,Ἀρχέστατον
alpha%22y1255,Ἀρωγός
alpha%22y1256,Ἀσαλής
alpha%22y1257,Ἀσαλὴς μανία
alpha%22y1258,Ἆσαι
alpha%22y1259,Ἄσασθαι
alpha%22y1260,Ἀσάμινθος
alpha%22y1261,Ἀσεβής
alpha%22y1262,Ἄσβεστος
alpha%22y1263,Ἀσελγαίνει<ν>
alpha%22y1264,Ἀσέληνα
alpha%22y1265,Ἆσθμα
alpha%22y1265A,Ἀσθμαίνω
alpha%22y1266,Ἀσημάντοις
alpha%22y1267,Ἀσθενής
alpha%22y1268,Ἀσία
alpha%22y1269,Ἄσιος
alpha%22y1270,Ἀσιᾶτις
alpha%22y1271,Ἀσιάδος κρούματα
alpha%22y1272,Ἀσινεῖς
alpha%22y1273,Ἄσις
alpha%22y1274,Ἀσίω
alpha%22y1275,Ἀσκός
alpha%22y1276,Ἀσκηθής
alpha%22y1277,Ἀσκαλαβώτης
alpha%22y1278,Ἀσκάνιος
alpha%22y1279,Ἀσκάντης
alpha%22y1280,Ἀσκληπιός
alpha%22y1281,Ἀσκελές
alpha%22y1282,Ἀσκελέως
alpha%22y1283,Ἀσκωλιάζειν
alpha%22y1284,Ἀσκώματα
alpha%22y1285,Ἀσκάλαφος
alpha%22y1286,Ἀσκαρίζειν
alpha%22y1287,Ἄσμενος
alpha%22y1288,Ἀσπάλαθος
alpha%22y1289,Ἀσπαλιεύω
alpha%22y1290,Ἀσπαλιευτής
alpha%22y1291,Ἀσπασίως
alpha%22y1292,Ἀσπληδών
alpha%22y1293,Ἀσπιδιώτης
alpha%22y1294,†Ἀσπάζεται
alpha%22y1296,Ἀσπερχές
alpha%22y1297,Ἀσπίς
alpha%22y1298,Ἀσπαστόν
alpha%22y1299,Ἀσπάραγος
alpha%22y1300,†Ἄσπιστον
alpha%22y1301,Ἀσπιστὴς
alpha%22y1302,Ἀσπουδεί
alpha%22y1303,Ἇσσον
alpha%22y1304,Ἀσσύριοι
alpha%22y1305,Ἀσσυρία
alpha%22y1306,Ἅσσ' ἐθέλῃσθα
alpha%22y1307,Ἀστάρτη
alpha%22y1308,Ἀστέμβακτον
alpha%22y1309,Ἀστεμφὴς καὶ ἀστεμφέως
alpha%22y1310,Ἄστικτον
alpha%22y1311,Ἀστραβής
alpha%22y1312,Ἄστρις
alpha%22y1313,Ἄστυ
alpha%22y1314,Ἀστυάναξ
alpha%22y1315,Ἀστυπάλαια
alpha%22y1316,Ἄστυρον
alpha%22y1317,Ἀστυβοώτην
alpha%22y1318,Ἄστρον
alpha%22y1319,Ἀστήρ
alpha%22y1320,Ἄστηνος
alpha%22y1321,Ἀστυφέλικτον
alpha%22y1322,Ἀστεροπή
alpha%22y1323,Ἀστεροπητὴς
alpha%22y1324,Ἀστράβη
alpha%22y1325,Ἀστράγαλος
alpha%22y1326,Ἄσταχυς
alpha%22y1327,Ἀσύφηλον
alpha%22y1328,Ἀσφάραγος
alpha%22y1329,Ἀσφαλής
alpha%22y1330,Ἀσφάλαξ
alpha%22y1331,Ἄσχετος
alpha%22y1332,Ἀσχάλλων
alpha%22y1333,Ἄσωμος
alpha%22y1334,Ἄσωτος
alpha%22y1335,Ἀσωπός
alpha%22y1336,Ἀταλός
alpha%22y1337,Ἀταλάφρονα
alpha%22y1338,Ἀτάρβητος
alpha%22y1339,Ἀτάρμυκτον
alpha%22y1340,Ἀτάσθαλος
alpha%22y1341,Ἀτασθαλία
alpha%22y1342,Ἀταρτηροῖς
alpha%22y1343,Ἀταρπός
alpha%22y1344,Ἀτάλαντος Ἄρηϊ
alpha%22y1345,Ἀτάλλων
alpha%22y1346,Ἀταίω
alpha%22y1347,Ἀτέμβω
alpha%22y1348,Ἀτεράμων
alpha%22y1349,Ἄτερπνος
alpha%22y1350,Ἀτεχνῶς
alpha%22y1351,Ἀτειρής
alpha%22y1352,Ἀτειρέα χαλκόν
alpha%22y1353,Ἀτημέλητα
alpha%22y1354,Ἄτη
alpha%22y1355,Ἀτιτάλλειν
alpha%22y1356,Ἀτίζων
alpha%22y1357,Ἄτλας
alpha%22y1358,Ἀτμεύειν
alpha%22y1359,Ἀτμήν
alpha%22y1360,Ἄτμητος
alpha%22y1361,Ἀτμός
alpha%22y1362,Ἄτοπον
alpha%22y1363,Ἄτρυτος
alpha%22y1364,Ἀτρέμας
alpha%22y1365,Ἀτρύγετος
alpha%22y1366,Ἀτραπὸς οἷνος
alpha%22y1367,†Ἀτρῶιος
alpha%22y1368,Ἀτρείδηισι
alpha%22y1369,Ἆτος
alpha%22y1370,Ἀτραπός
alpha%22y1371,Ἀτρεύς
alpha%22y1372,Ἄτρακτος
alpha%22y1373,Ἀτρακτυλίς
alpha%22y1374,Ἀτρεκέως
alpha%22y1375,Ἀτρία
alpha%22y1376,Ἀτρυτώνη
alpha%22y1377,Ἄττα
alpha%22y1378,Ἄττα
alpha%22y1379,Ἀττάραγος
alpha%22y1380,Ἀττικός
alpha%22y1381,Ἀτυχθείς
alpha%22y1382,Ἀτυχῆσαι
alpha%22y1383,Ἀτυζόμενοι
alpha%22y1384,Ἀτύζων
alpha%22y1385,Αὐαλέας
alpha%22y1386,Αὐγή
alpha%22y1387,Αὐδή
alpha%22y1388,Αὔδα
alpha%22y1389,Αὐέρυσαν
alpha%22y1390,Αὐθάδης
alpha%22y1391,Αὖθι
alpha%22y1392,Αὐθέντης
alpha%22y1393,Αὐΐαχοι
alpha%22y1394,Αὐλός
alpha%22y1395,Αὐλός
alpha%22y1396,Αὖλιν
alpha%22y1397,Αὐλῆς ἐν χόρτῳ
alpha%22y1398,Αὐλίς
alpha%22y1399,Αὐλή
alpha%22y1400,Αὐλισθῆναι
alpha%22y1401,Αὐλητρίς
alpha%22y1402,Αὔλιον ἄντρον
alpha%22y1403,Αὐλωνία
alpha%22y1404,Αὐλῶπις τρυφάλεια
alpha%22y1405,Αὐλοῖσι διδύμοισι
alpha%22y1406,Αὖος
alpha%22y1407,Αὐόνη
alpha%22y1408,Αὐρόσχας
alpha%22y1409,Αὔρα
alpha%22y1410,Αὔριον
alpha%22y1411,Αὔσονες
alpha%22y1412,Αὐσταλέας
alpha%22y1413,Αὐσίον
alpha%22y1414,Αὐσίτης
alpha%22y1415,Αὖτις
alpha%22y1416,Ἀτενίζω
alpha%22y1417,Αὖτε
alpha%22y1418,Αὐτάρκης
alpha%22y1419,Αὐτίκα
alpha%22y1420,Αὐτοκασίγνητος
alpha%22y1421,Αὐτοσχεδά
alpha%22y1422,Αὐτόγυον
alpha%22y1423,Αὔτως
alpha%22y1424,Αὐτόχρημα
alpha%22y1425,Αὐτοκράτωρ
alpha%22y1426,Αὐτοκάβδαλον
alpha%22y1427,Αὐτόματος
alpha%22y1428,Ἀϋτή
alpha%22y1428A,Ἀϋτμή
alpha%22y1429,Ἀΰτει
alpha%22y1430,Αὐτοσχεδόν
alpha%22y1431,Αὐτονυχεί
alpha%22y1432,Αὐχήν
alpha%22y1433,Αὐχμός
alpha%22y1434,Αὔω
alpha%22y1435,Αὔω
alpha%22y1436,Αὔας
alpha%22y1437,Αὔω
alpha%22y1438,Αὔως
alpha%22y1439,Ἀφαδία
alpha%22y1440,Ἀφάδιος
alpha%22y1441,Ἀφαμαρτοεπής
alpha%22y1442,Ἀφάμαρτεν
alpha%22y1443,Ἀφαρεύς
alpha%22y1444,Ἀφάρτερος
alpha%22y1445,Ἀφάσσειν
alpha%22y1446,Ἀφαυρός
alpha%22y1447,Ἄφαρ
alpha%22y1448,Ἄφαλον
alpha%22y1449,Ἀφάροτος
alpha%22y1450,Ἄφακα
alpha%22y1451,Ἀφελής
alpha%22y1452,Ἀφέσιος Ζεύς
alpha%22y1453,Ἀφέστατε
alpha%22y1454,Ἀφεστᾶσι
alpha%22y1455,Ἀφετήρ
alpha%22y1456,Ἄφεμα
alpha%22y1457,Ἀφ' Ἑστίας ἄρχεται
alpha%22y1458,Ἀφέωκα
alpha%22y1459,Ἀφερτή
alpha%22y1460,Ἀφέλεσθε
alpha%22y1461,Ἄφενος
alpha%22y1462,Ἀφεῖναι
alpha%22y1463,Ἀφῆκα
alpha%22y1464,Ἀφήμενος
alpha%22y1465,Ἀφ' ἡμῶν
alpha%22y1466,Ἀφήτωρ
alpha%22y1467,Ἄφθιτον
alpha%22y1468,Ἀφθονέστατον
alpha%22y1469,Ἀμφίδρυφοί εἰσι
alpha%22y1470,Ἀφίκου
alpha%22y1471,Ἀφιᾶσι
alpha%22y1472,Ἀφίει
alpha%22y1473,Ἀφίγμεθα
alpha%22y1474,Ἀφικνοῦμαι
alpha%22y1475,Ἀφλοισμός
alpha%22y1476,Ἄφλαστα
alpha%22y1477,Ἄφνω
alpha%22y1478,Ἀφνήμων
alpha%22y1479,Ἄφνει
alpha%22y1480,Ἀφνειός
alpha%22y1481,Ἄφοδος
alpha%22y1482,Ἀφοσιοῦται
alpha%22y1483,Ἁφόωντα
alpha%22y1484,Ἀφόρδιον
alpha%22y1485,Ἀφραδίῃσιν
alpha%22y1486,Ἀφρός
alpha%22y1487,Ἀφραίνοντα
alpha%22y1488,Ἀφραδίῃ
alpha%22y1489,Ἀφραδέως
alpha%22y1490,Ἀφροδίτη
alpha%22y1491,Ἄφρεον
alpha%22y1492,Ἀφρήτωρ
alpha%22y1493,Ἀφυλίσαι
alpha%22y1494,Ἀφυσγετόν
alpha%22y1495,Ἀφύη
alpha%22y1496,Ἀφύαι ἀφύων
alpha%22y1497,Ἄφευκτος
alpha%22y1498,Ἀφύξειν
alpha%22y1499,Ἀχανές
alpha%22y1500,Ἀχάναι
alpha%22y1501,Ἀχαιάν
alpha%22y1502,Ἀχαιϊνέα
alpha%22y1503,Ἀχαιμένης
alpha%22y1504,Ἄχερδος
alpha%22y1505,Ἀχερδούσιος
alpha%22y1506,Ἀχερουσιάς
alpha%22y1507,Ἀχερωΐς
alpha%22y1508,Ἀχέρων
alpha%22y1509,Ἀχελῷος
alpha%22y1510,Ἀχέων
alpha%22y1511,Ἀχῆνες
alpha%22y1512,Ἀχηρής
alpha%22y1513,Ἀχηνέα
alpha%22y1514,Ἄχθος
alpha%22y1515,Ἄχθομαι
alpha%22y1516,Ἀχιλλεύς
alpha%22y1517,Ἄχλαξ
alpha%22y1518,Ἀχλύς
alpha%22y1519,Ἀχνάσδημι
alpha%22y1520,Ἄχνη
alpha%22y1521,Ἀχνύς
alpha%22y1522,Ἀχνύμενος
alpha%22y1523,Ἄχος
alpha%22y1524,Ἄχραντον
alpha%22y1525,Ἀχράς
alpha%22y1526,Ἀχρεῖος
alpha%22y1527,Ἀχρεῖον
alpha%22y1528,Ἀχρήϊος
alpha%22y1529,Ἀχρής
alpha%22y1530,Ἄχρι
alpha%22y1531,Ἀχυρμιαί
alpha%22y1532,Ἀχύνετον
alpha%22y1533,Ἄχυρον
alpha%22y1534,Ἅψεα
alpha%22y1535,Ἀψεγέως
alpha%22y1536,Ἀψίνθιον
alpha%22y1537,Ἀψίς
alpha%22y1538,Ἄψορρον
alpha%22y1539,Ἀψοφέως
alpha%22y1540,Ἀψορρόου
alpha%22y1541,Ἄψυρτοι
alpha%22y1542,Ἄψ
alpha%22y1543,Ἀῶιος
alpha%22y1544,Ἄωρος
alpha%22y1545,Ἄωρες
alpha%22y1546,Ἄωρτο
alpha%22y1547,Ἄωτον
alpha%22y1548,Ἄωτον
alpha%22y1550,Ἀποδρύφοι
alpha%22y1551,Ἀνάρσιοι
alpha%22y1552,Ἀτέοντα
alpha%22y1553,Ἀκροκελαινιόων
alpha%22y1554,Ἄσιν
alpha%22y1555,Ἀν' ἰθύν
alpha%22y1556,Ἀμφιθαλής
alpha%22y1557,Ἀμβλήδην
alpha%22y1558,Ἄναντα κάταντα πάραντα
alpha%22y1559,Ἀριφραδέα
alpha%22y1560,Αὐγάζομαι
alpha%22y1561,Ἀπονάσσωσιν
alpha%22y1562,Ἀγάννιφον
alpha%22y1563,Ἁλοίη
alpha%22y1564,Ἀσελγής
alpha%22y1565,Αἴθρη
alpha%22y1566,Ἀπεσκοράκισεν
alpha%22y1567,Ἀτενίζειν
alpha%22y1568,Ἄπλητα
alpha%22y1569,Ἀκεύμενον
alpha%22y1570,Ἀγιστία
alpha%22y1571,Αἰολόπωλος
alpha%22y1572,Ἀρρενωπός
alpha%22y1573,Ἀποτυμπανίσαι
alpha%22y1574,Ἀπ' αἰγλήεντος
alpha%22y1575,Ἀργυρόπεζα
alpha%22y1576,Ἀπατήνορα
alpha%22y1577,Ἀπόχρη καὶ ἀποχρῆι· οἷον
alpha%22y1578,Ἀργειφόντης
beta%22y1,Βαβάκτης
beta%22y2,Βαβυλών
beta%22y3,Βάβαξ
beta%22y4,Βάδην
beta%22y5,Βαθυκόλπων
beta%22y6,Βάθυλλος
beta%22y7,Βαθύλειμος
beta%22y8,Βαθυζώνους
beta%22y9,Βαθεῖαν αὔλακα
beta%22y18,Βαλανεῖον
beta%22y19,Βαλίος
beta%22y20,Βαλιαί
beta%22y21,Βάλλις
beta%22y22,Βάλλω
beta%22y23,Βάλε
beta%22y24,Βάλλον
beta%22y25,Βαλβίς
beta%22y26,Βαλβῖσιν
beta%22y27,Βᾶμα καὶ σχᾶμα
beta%22y28,Βάμμα Κυζικηνόν
beta%22y29,Βάζω
beta%22y30,Βαλανάγρα
beta%22y31,Βαμβαίνει
beta%22y32,Βαθυλήϊος
beta%22y33,Βάναυσος
beta%22y34,Βᾶν
beta%22y35,Βάξις
beta%22y36,Βάπτω
beta%22y37,Βάραθρον
beta%22y38,Βάρβιτος
beta%22y39,Βάρβαρος
beta%22y40,Βάραγχος
beta%22y41,Βάρδιστος
beta%22y42,Βαραγχιᾶν
beta%22y43,Βαρδίνης
beta%22y44,Βαρκάζειν
beta%22y45,Βαρύνω
beta%22y46,Βασιλεύς
beta%22y47,Βασιλίς
beta%22y48,Βασιλεύτωρ
beta%22y49,Βασανίζειν
beta%22y50,Βασκαίνει
beta%22y51,Βάσκανος
beta%22y52,Βασαρίδες
beta%22y53,Βασσάρα
beta%22y54,Βασσάραι
beta%22y55,Βάσσων
beta%22y56,Βαστραχαλίσαι
beta%22y57,Βατίεια
beta%22y58,Βατία
beta%22y59,Βάτεια
beta%22y60,Βάτην
beta%22y61,Βατήρ
beta%22y62,Βάτης
beta%22y63,Βατοδρόπος
beta%22y64,Βάτραχος
beta%22y65,Βάτος
beta%22y66,Βάτταλος
beta%22y67,Βατταρίζειν  καὶ βαττολογεῖν
beta%22y68,Βαττολογία
beta%22y69,Βαῦνος
beta%22y70,Βδέλλα
beta%22y71,Βδέλυγμα
beta%22y72,Βδελυρός
beta%22y73,Βδόλος
beta%22y74,Βεβαία
beta%22y75,Βέβαιος
beta%22y76,Βεβάασι
beta%22y77,Βεβίηκεν
beta%22y78,Βέβηλος
beta%22y79,Βέβαμεν <καὶ> βεβάμεν
beta%22y80,Βεβολήατο
beta%22y81,Βέβουλα
beta%22y82,Βεβήκει
beta%22y83,Βεβρώσεται
beta%22y84,Βεβρώθοις
beta%22y85,Βέθρον
beta%22y86,Βείω
beta%22y87,Βέλεμνα
beta%22y88,Βελτίω
beta%22y89,Βελτίων
beta%22y90,Βέλτερος
beta%22y91,Βελλεροφόντης
beta%22y92,Βελόνη
beta%22y93,Βέλος
beta%22y94,Βέμβιξ
beta%22y95,Βένθος
beta%22y96,Βέω † βίω
beta%22y97,Βερενίκη
beta%22y98,Βέροια
beta%22y99,Βεστῖνοι
beta%22y100,Βεύδεα
beta%22y101,⟦Βέχειρες⟧ Βέχειρ
beta%22y102,Βῆ
beta%22y103,Βῆ
beta%22y104,Βηθύλος
beta%22y105,Βηλός
beta%22y106,Βῆμα
beta%22y107,Βῆσσα
beta%22y108,Βητάρμων
beta%22y109,Βία
beta%22y110,Βιβάσθων
beta%22y111,Βιβῶντα
beta%22y112,Βίβλινος οἶνος
beta%22y113,Βιβάξαντες
beta%22y114,Βίης Ἐτεοκληείης
beta%22y115,Βίηφι
beta%22y116,Βιθυνὶς Μελίη
beta%22y117,Βινεῖν
beta%22y118,Βίνη
beta%22y119,Βίος
beta%22y120,Βιός
beta%22y121,Βιοπλανές
beta%22y122,Βιπτάζω
beta%22y123,†Βιστονίης φόρμιγγος
beta%22y124,Βιῴατο
beta%22y125,Βιώτω
beta%22y126,Βιῴην
beta%22y127,Βιῶναι
beta%22y128,Βλαισός
beta%22y129,Βλάξ
beta%22y130,Βλάπτω
beta%22y131,Βλαστός
beta%22y132,Βλάσφημος
beta%22y133,Βλάβη
beta%22y134,Βλείς
beta%22y135,Βλείμην
beta%22y136,Βλεμεαίνων
beta%22y137,Βλεμύων
beta%22y138,Βλέφαρον
beta%22y139,Βλήμενος
beta%22y140,Βλῆρ
beta%22y141,Βλῆσθαι
beta%22y142,Βλῆτο
beta%22y143,Βληχρόν
beta%22y144,Βλήτροισι
beta%22y145,Βλιμάζων
beta%22y146,Βλιμάζειν
beta%22y147,Βλίσαι
beta%22y148,Βλίττειν
beta%22y149,Βλοσυρός
beta%22y150,Βλύω
beta%22y151,Βλωθρή
beta%22y152,Βλωμός
beta%22y153,Βλώσκω
beta%22y154,Βλῶσις
beta%22y155,Βόα
beta%22y156,Βοαγίδας
beta%22y157,Βοάγρια
beta%22y158,Βοᾷ
beta%22y159,Βοᾶν
beta%22y160,Βοείας
beta%22y161,Βοή
beta%22y162,Βοηδρομιών
beta%22y163,Βοηδρομεῖν
beta%22y164,Βοῇς
beta%22y165,Βοηθός
beta%22y166,Βόθρος
beta%22y167,Βόθυνος
beta%22y168,Βοιωτία
beta%22y169,Βοιωτός
beta%22y170,Βοΐ
beta%22y171,Βολβός
beta%22y172,Βολβός
beta%22y173,Βόλβιτον
beta%22y174,Βόλιμος
beta%22y175,Βόλινον
beta%22y176,Βόλιτον
beta%22y177,Βόμβος
beta%22y178,†Βομβηδή
beta%22y179,Βομβύκη
beta%22y180,Βομβυλιός
beta%22y181,Βοὸς πόδα
beta%22y182,Βορά
beta%22y183,Βοράζειν
beta%22y184,Βορέας
beta%22y185,Βόρμος
beta%22y186,Βόρβορος
beta%22y187,Βόσκω
beta%22y188,Βόσπορος
beta%22y189,Βόστρυχος
beta%22y190,Βοτήρ
beta%22y191,Βότρυς
beta%22y192,†Βόττιον
beta%22y193,Βουβάλιον
beta%22y194,Βουβάρας
beta%22y195,†Βούδιον
beta%22y196,Βούβασις
beta%22y197,Βούβρωστις
beta%22y198,Βουβών
beta%22y199,Βουβών
beta%22y200,Βουγάϊος
beta%22y201,Βουθόη
beta%22y202,Βούθοια
beta%22y203,Βούκαια
beta%22y204,Βουκαῖος
beta%22y205,Βουκάπη
beta%22y206,†Βούκερα
beta%22y207,Βουκεραΐς
beta%22y208,Βουκέφαλος
beta%22y209,†Βουκινῆσαι
beta%22y210,Βουκόλος
beta%22y211,Βουκολεῖν
beta%22y212,Βουλή
beta%22y213,Βουληφόρος
beta%22y214,Βούλιμος
beta%22y215,Βουλυτός
beta%22y216,Βοῦνις  καὶ βουνίτις
beta%22y217,Βουπράσιον
beta%22y218,Βουόα
beta%22y219,Βούπρηστις
beta%22y220,Βοῦς
beta%22y221,Βοῦς
beta%22y222,Βούσιρις
beta%22y223,Βούσυκον
beta%22y224,Βουτάδαι
beta%22y225,Βουτρόφους
beta%22y226,Βουτρωτός
beta%22y227,Βουτύπος
beta%22y228,Βουφόνια
beta%22y229,Βουφόνεον
beta%22y230,Βούχετα
beta%22y231,†Βῷμι
beta%22y232,Βραγχιᾶν
beta%22y233,Βρᾴ
beta%22y234,Βραβευταί
beta%22y235,Βραβεῖον
beta%22y236,†Βράβηλα
beta%22y237,Βραδύς
beta%22y238,Βράζει
beta%22y239,Βράσσω
beta%22y240,Βράχω
beta%22y241,Βράσσων
beta%22y242,Βραχίων
beta%22y243,Βραχύς
beta%22y244,Βρέγμα  καὶ βρεγμόν
beta%22y245,Βρέμει
beta%22y246,Βρενθύεται
beta%22y247,Βρεντήσιον
beta%22y248,Βρεττανοί
beta%22y249,Βρέτας
beta%22y250,Βρέφος
beta%22y251,Βρέχειν ἀπὸ τοῦ ἤχου τῶν ὑδάτων
beta%22y252,Βρίακχος
beta%22y253,Βριάρεως
beta%22y254,Βριαρός
beta%22y255,Βριάρηο
beta%22y256,Βρίζω
beta%22y257,Βριζώ
beta%22y258,Βριήπυος
beta%22y259,Βρίκελος
beta%22y260,Βριμαίνω
beta%22y261,Βριμώ
beta%22y262,Βρῖσαι
beta%22y263,Βρισαῖος
beta%22y264,Βρισεύς
beta%22y265,Βρισῇδες
beta%22y266,Βριτόμαρτις
beta%22y267,Βρόδον
beta%22y268,Βρόμος
beta%22y269,Βρόμιος
beta%22y270,Βροντή
beta%22y271,Βρόταχος
beta%22y272,Βρότος
beta%22y273,Βροτός
beta%22y274,Βροτολοιγέ
beta%22y275,Βροῦχος
beta%22y276,Βρόγχος
beta%22y277,Βρόχθος
beta%22y278,Βρόχος
beta%22y279,Βρυγμός
beta%22y280,Βρυκεδανός
beta%22y281,Βρύκω
beta%22y282,Βρυσμός
beta%22y283,Βρύτια
beta%22y284,Βρύττοντες
beta%22y285,Βρῶμα
beta%22y286,Βρῶσις
beta%22y287,Βύβλος
beta%22y288,Βυβλίον καὶ βιβλίον διαφέρει
beta%22y289,Βυθός
beta%22y290,Βύκτης
beta%22y291,Βύκχις
beta%22y292,Βύνη
beta%22y293,Βυρσοδέψης
beta%22y294,Βύρσα
beta%22y295,Βυσσός
beta%22y296,Βύσσος
beta%22y297,Βυσσοδομεύων
beta%22y298,Βώκαρος
beta%22y299,Βῶλος
beta%22y300,Βωμός
beta%22y301,Βωμολόχος
beta%22y302,Βώμαξ
beta%22y303,Βωμύκας
beta%22y304,Βωνίτης
beta%22y305,Βῶξ
beta%22y306,Βῶρος
beta%22y307,†Βώσεσθαι
beta%22y308,Βωσόμεθα
beta%22y309,Βωστρεῖν
beta%22y310,Βωτιάνειρα
beta%22y311,Βώτιον
beta%22y312,Βώτορες
