alpha%22y197z1,Ἀσχολεῖν
alpha%22y197z2,Ἀλλ' ὦ τάν
alpha%22y197z3,Ἀντίδοσις
alpha%22y197z8,Ἀπόχρη
alpha%22y197z9,Ἅττα
alpha%22y197z11,"Ἀμφισβητεῖν καὶ παρακαταβάλλειν, καὶ τίνι Ἀλλήλων διαφέρει"
alpha%22y197z17,Αἵρεσις
alpha%22y197z19,Ἀλαζονεύεσθαι
alpha%22y197z21,Αἱρετός
alpha%22y197z22,Ἄρειος πάγος
alpha%22y197z24,Ἀντιγραφεύς
alpha%22y198z1,Ἀποδέκται
alpha%22y198z7,Ἀντιδιαπλέκειν
alpha%22y198z8,Ἀγών
alpha%22y198z11,Ἀποβατῶ
alpha%22y198z17,Ἀντικρύ
alpha%22y198z19,Ἄντικρυς
alpha%22y198z20,Ἀποτυμπανίσαι
alpha%22y198z22,Ἀβέλτερος
alpha%22y198z24,Ἀσελγής
alpha%22y198z25,Ἀρχαίως
alpha%22y198z26,Ἄτιμος
alpha%22y198z29,Ἀπογινώσκειν
alpha%22y198z31,Ἀπογραφή καὶ ἀπογράψαι
alpha%22y199z4,Ἀπογράφειν
alpha%22y199z9,Ἄρχων
alpha%22y199z12,Ἀντιλαχεῖν
alpha%22y199z14,Ἀπρόσκλητος δίκη
alpha%22y199z17,Ἀρχιθεωρός
alpha%22y199z21,Αὐτόχειρ
alpha%22y199z22,Ἀποπληξία
alpha%22y199z24,Ἀγορανόμοι
alpha%22y199z26,Ἄβιοι
alpha%22y199z28,Ἀγραφίου
alpha%22y199z32,Ἀδικίου
alpha%22y200z3,Ἀδύνατοι
alpha%22y200z6,Ἀνακαλυπτήρια
alpha%22y200z9,Ἀντιγραφή
alpha%22y200z16,Ἀντωμοσία καὶ ἀντομνύναι
alpha%22y200z21,Ἄγριοι
alpha%22y200z25,"Ἀπαγωγή, καὶ ἐπὶ τίσιν ἐγίνετο, καὶ πρὸς τίνας"
alpha%22y200z29,Ἀπετίμησε καὶ ἀποτίμησις καὶ ἀποτίμημα
alpha%22y201z5,Ἀποστασίου
alpha%22y201z12,Ἀπροστασίου
alpha%22y201z17,Ἀποψηφισθέντα
alpha%22y201z22,Ἀπόλειψις
alpha%22y201z25,Ἀποτιμηταί
alpha%22y201z29,Ἀποτιμᾷν
alpha%22y201z30,Ἀποτιμήματα
alpha%22y201z32,Ἀργυρίου δίκη
alpha%22y202z3,Ἀῤῥηφορεῖν
alpha%22y202z6,Ἀῤῥηφορία
alpha%22y202z7,Ἀτίμητος ἀγὼν καὶ τιμητός
alpha%22y202z11,Ἀφεὶς καὶ ἀπαλλάξας
alpha%22y202z15,Ἀναγκαῖον
alpha%22y202z17,Ἄλληκτα
alpha%22y202z18,Ἀκεστῷ
alpha%22y202z18,Ἄλφιτα
alpha%22y202z20,Ἀετὸς προπύλαιος
alpha%22y202z22,Ἀφιδρύματα ἐν ταῖς σφενδόναις
alpha%22y202z24,Ἀκροστόλιον τριήρους
alpha%22y202z26,Ἀμφιδέῤῥεα
alpha%22y202z27,Ἀρχώνης
alpha%22y202z28,Ἀρχιτέκτων
alpha%22y202z31,Ἀμφοτερόπλου
alpha%22y202z33,Ἀνακτορίου
alpha%22y203z1,Ἄλογοι τίνες λέγονται
alpha%22y203z5,Ἀταλάντη τριήρης
alpha%22y203z9,Ἀντλία
alpha%22y203z12,Ἀκροθίνιον
alpha%22y203z15,Ἄφυα
alpha%22y203z19,Ἀδηφάγους τριήρεις
alpha%22y203z22,Ἀποστολεῖς
alpha%22y203z25,Ἀκαριαῖον
alpha%22y203z26,Ἀνέπαφα
alpha%22y203z28,Ἀναδενδράδες
alpha%22y203z30,Αὐχμοί
alpha%22y203z32,Αἱμασιά
alpha%22y204z3,Ἄξονες
alpha%22y204z6,Ἀγορὰ καὶ ἐφορία
alpha%22y204z9,Ἀμόργινα
alpha%22y204z10,Ἀντίθετα
alpha%22y204z14,Ἀμοιγέποι
alpha%22y204z15,Ἀμφίθυρος οἰκία
alpha%22y204z17,Ἄττων
alpha%22y204z19,Ἀφ' ἑστίας μυηθῆναι
alpha%22y204z21,Ἄρτημα
alpha%22y204z23,Ἀβρότων
alpha%22y204z27,Αὐτολήκυθος
alpha%22y204z31,Ἀποφράδες
alpha%22y205z1,Ἀστράγαλοι διάσειστοι
alpha%22y205z3,Ἀστράβη
alpha%22y205z5,Ἄμιππος
alpha%22y205z10,Ἀποσέσχεν τοὺς ὅρμους τοῦ μετάλλου
alpha%22y205z14,Ἄμφοδον
alpha%22y205z15,Ἀπόταφον
alpha%22y205z17,Ἀμνόν καὶ ἀμνήν
alpha%22y205z19,Ἀκρατοκώθωνες
alpha%22y205z23,Ἀκινάκης
alpha%22y205z24,Ἀρκτοῦρον
alpha%22y205z27,Ἀπατούρια
alpha%22y205z30,Ἅπλας
alpha%22y206z1,Ἀλαβαστοθήκας
alpha%22y206z4,Ἀρκτεῦσαι
alpha%22y206z7,Ἄγρας
alpha%22y206z9,Ἀλάστωρ
alpha%22y206z11,Ἄρτι καὶ ἀρτίως
alpha%22y206z14,Ἄγειν καὶ φέρειν
alpha%22y206z16,Ἁρμοσταί
alpha%22y206z18,Ἄμη
alpha%22y206z19,Ἀκίβδηλον
alpha%22y206z20,Αὐλών
alpha%22y206z22,Ἀφανίσαι
alpha%22y206z24,Ἀπενιαυτίσαι
alpha%22y206z26,Ἁψιμαχία
alpha%22y206z28,Ἀποσημάνασθαι
alpha%22y206z29,Ἀστεῖος
alpha%22y207z1,Αὐτομαχεῖν
alpha%22y207z2,Ἄρδηττος
alpha%22y207z6,Ἀπὸ μισθωμάτων θύειν
alpha%22y207z13,Ἀμφιδρόμια
alpha%22y207z17,Ἀτιμαζόμενοι
alpha%22y207z19,Ἀπηχῆ
alpha%22y207z23,Ἀναγωγή
alpha%22y207z25,Ἄτης ὕης
alpha%22y207z32,Ἀθηνᾶ ἱππία
alpha%22y208z6,Ἄρτι μῦς πίττης γεύεται
alpha%22y208z8,Ἀναβάλλειν
alpha%22y208z9,Ἀπὸ μηχανῆς
alpha%22y208z13,Ἀντίπαλος
alpha%22y208z16,Ἀποκτυπῆσαι
alpha%22y208z17,Ἁλίπεδον
alpha%22y208z21,Ἀδημονεῖν
alpha%22y208z22,Ἁλῶα
alpha%22y208z24,Ἄσας
alpha%22y208z25,Ἄῤῥιχος
alpha%22y208z26,Ἀστικὸν ἐμπόριον
alpha%22y208z28,Ἀνθεστηριών
alpha%22y208z29,"Ἀπόκριναι γάρ μοι δεῦρο ἀναστάς· οὐ γὰρ δι' Ἀπειρίαν ἀγνοήσεις, ὅ τι εἴπῃς"
alpha%22y209z3,Ἄτιμον τόπον
alpha%22y209z4,Ἀγαθοεργοί
alpha%22y209z7,Ἀβούλητα
alpha%22y209z8,Ἁβρά
alpha%22y209z9,Ἁβρύνεται
alpha%22y209z10,Ἀγασθείς
alpha%22y209z11,Ἀγαθὴ τύχη
alpha%22y209z12,Ἀγαθοί
alpha%22y209z14,Ἀγαθοῦ δαίμονος πόμα
alpha%22y209z17,Ἀγακλεές
alpha%22y209z18,Ἀγάλλεται
alpha%22y209z20,Ἄγαμαι
alpha%22y209z22,Ἄγαν
alpha%22y209z23,Ἀγαπητόν
alpha%22y209z24,Ἀγγαρεία
alpha%22y209z25,Ἀγέρωχοι
alpha%22y209z27,Ἄγκυρα
alpha%22y209z30,Ἁγνεύειν
alpha%22y209z32,Ἀξιόχρεως
alpha%22y209z33,Ἀγλαΐζει
alpha%22y210z1,Ἀναδύεσθαι
alpha%22y210z2,Ἀμφορεύς
alpha%22y210z3,Ἀναγυράσιος
alpha%22y210z6,Ἀποινᾷν
alpha%22y210z7,Ἀγχίνοια
alpha%22y210z8,Ἀγορά
alpha%22y210z11,Ἀθυμία
alpha%22y210z12,Ἄμυνα
alpha%22y210z13,Ἀδηφάγοι
alpha%22y210z14,Ἆθλος
alpha%22y210z15,Ἀνδριάντα
alpha%22y210z17,Ἀποψύχειν
alpha%22y210z19,Ἀδικοχρημάτους
alpha%22y210z21,Ἀπογενομένους
alpha%22y210z23,Ἀπαρτί
alpha%22y210z25,Ἀπόφασις δίκης
alpha%22y210z27,Ἄρτι
alpha%22y210z29,Ἀμοργὶς τί ἐστι
alpha%22y210z31,Ἀναποδίζειν
alpha%22y211z1,Αὐτήκοοι
alpha%22y211z3,Αὐτίκα μάλα
alpha%22y211z4,Αὐτίκα
alpha%22y211z5,Ἀπογνῶναι
alpha%22y211z6,Ἀνωμαλία
alpha%22y211z7,Ἁρμοστής
alpha%22y211z9,Ἀνάστατον τὴν πόλιν ποιήσας
alpha%22y211z12,Ἁλοίη
alpha%22y211z13,Ἀπαρτᾷν
alpha%22y211z14,Ἀνδριάντα
alpha%22y211z16,Αἰακὸς ἢ Ῥαδάμανθυς ἢ Μίνως
alpha%22y211z18,Ἀλάστωρ
alpha%22y211z20,Ἀλιτήριος
alpha%22y211z22,Ἀνομολόγητα
alpha%22y211z27,Ἀριστεῖον
alpha%22y211z28,Ἀκκώ
alpha%22y211z29,Ἀμφιετίδης καὶ Μελιτίδης
alpha%22y211z31,Ἄνυτος
alpha%22y211z32,Ἀρουραῖος Οἰνόμαος
alpha%22y212z3,Ἀγγάρους
alpha%22y212z9,Ἄρειος πάγος
alpha%22y212z10,Ἀκρόπολις
alpha%22y212z12,Ἀνακεῖον
alpha%22y212z14,Ἀνδοκίδου Ἑρμῆς
alpha%22y212z15,Αἰάκιον
alpha%22y212z16,Ἀστραπὴ δι' ἅρματος
alpha%22y212z18,Ἀκαδημία
alpha%22y212z20,Ἄγονον
alpha%22y212z22,Ἀγόντων
alpha%22y212z23,Ἀγορὰ ἀργείων
alpha%22y212z25,Ἀγορανόμος
alpha%22y212z26,Ἀγορητάς
alpha%22y212z27,Ἀγός
alpha%22y212z29,Ἀγοστούς
alpha%22y212z31,Ἄγος
alpha%22y213z1,Ἄγραυλοι
alpha%22y213z2,Ἀγριόθυμος
alpha%22y213z3,Ἄγροικος
alpha%22y213z4,Ἀγοσταί
alpha%22y213z6,Ἀγρῶσται
alpha%22y213z9,Ἀγύρτης
alpha%22y213z10,Ἀγυρτικά
alpha%22y213z11,Ἀγυρτώδη
alpha%22y213z12,Ἀγχέμαχος
alpha%22y213z13,Ἀγχίθυρος
alpha%22y213z14,Ἀγχίμολος
alpha%22y213z15,Ἀγχιστεία
alpha%22y213z20,Ἀδωροδοκήτως
alpha%22y213z21,Ἀδεκάστως
alpha%22y213z22,Ἀδιάκριτος
alpha%22y213z24,Ἀκονιτί
alpha%22y213z27,Ἄκομψον
alpha%22y213z28,Ἀναδήσασθαι
alpha%22y213z30,Ἀνδρολήψιον καὶ ἀνδροληψία
alpha%22y214z3,Ἀσκοφορεῖν
alpha%22y214z9,Ἀναγωγὴ οἰκέτου
alpha%22y214z16,Ἀνάγειν εἰς πράτην καὶ ἀνάγειν ὠνήν
alpha%22y214z22,Ἀμέλει
alpha%22y214z25,Ἀναίδην
alpha%22y214z26,Ἀναῤῥηθῆναι
alpha%22y214z27,Ἀνεῖλεν
alpha%22y214z29,Ἀπροόπτως
alpha%22y214z30,Ἀράβιος αὐλητής
alpha%22y214z32,Αὐτοβοεί
alpha%22y215z3,Ἀρχαιρεσίας
alpha%22y215z5,Ἄβυδος
alpha%22y215z9,Ἄμπωτις
alpha%22y215z11,Ἀναπεπτωκότες
alpha%22y215z12,Ἀνασεσυρμένη
alpha%22y215z14,Ἀνθερεῶνα
alpha%22y215z16,Ἀνθεστηριάδας
alpha%22y215z18,Ἀοίδιμος
alpha%22y215z22,Ἄξιον
alpha%22y215z27,Ἀναγινώσκειν
alpha%22y215z29,Ἀρεστήρ
alpha%22y215z31,Ἀπόμισθος
alpha%22y215z33,Ἀρχαίου
alpha%22y216z4,Ἅμα
alpha%22y216z7,Αἴσθεσθαι
alpha%22y216z8,Αἰσθάνεσθαι
alpha%22y216z9,Ἀνάργυρος τί ἐστιν
alpha%22y216z12,Ἄτακτοι
alpha%22y216z15,Ἀνάπηρος
alpha%22y216z17,Ἀπεψηφισμένοι
alpha%22y216z20,Ἀνάδικος δίκη
alpha%22y216z25,Ἀροῦν ἐπὶ καλάμῳ πυρούς
alpha%22y216z27,Ἀπειπεῖν
alpha%22y216z29,Ἅψασθαι
alpha%22y216z30,Ἀπόῤῥησις
alpha%22y216z32,Ἀποστελλόμενοι
alpha%22y217z3,Ἀπολαχεῖν
alpha%22y217z7,Ἀσπαλιεύεσθαι
alpha%22y217z9,Ἀσέλγεια
alpha%22y217z12,Ἀμύνεσθαι
alpha%22y217z15,Ἀμείβεσθαι
alpha%22y217z18,Ἀτυχεῖν
alpha%22y217z21,Ἀναυμαχίου
alpha%22y217z26,Ἀπόστολος
alpha%22y217z28,Ἀμνίδας
alpha%22y217z29,Ἀσκεῖν
alpha%22y218z3,Ἀποδεδύσθαι ἢ ἐκδεδύσθαι
alpha%22y218z8,Ἀδούλευτος
alpha%22y218z9,Ἀχαριστεῖν
alpha%22y218z13,Ἀνατιθέναι
alpha%22y218z16,Ἀκροθίνια
alpha%22y218z19,Ἀρκάδας μιμούμενος
alpha%22y218z22,Ἄτεγκτος
alpha%22y218z27,Ἄπαγε ξένων ἐν χειμῶνι
alpha%22y218z29,Ἀλώπηξ δωροδοκεῖται
alpha%22y218z31,Ἀριστίνδην
alpha%22y218z33,Ἄσμενοι
alpha%22y219z1,Ἀπόῤῥη<τ
alpha%22y219z2,Ἀνδραποδιστής
beta%22y219z8,Βάραθρον
beta%22y219z14,Βασιλεύς
beta%22y219z22,Βοώνης
beta%22y219z25,Βουλευτήριον
beta%22y219z26,Βουλή
beta%22y219z28,Βῆμα
beta%22y219z32,Βδελυρός
beta%22y219z33,Βεβαιώσεως
beta%22y220z7,Βομβυλιός
beta%22y220z11,Βουλεύσεως
beta%22y220z17,Βακτηρία
beta%22y220z21,Βρόχος
beta%22y220z26,Βραυρωνία
beta%22y220z29,Βαλανάγρα
beta%22y220z31,Βαλβίς
beta%22y221z1,Βουτύπος
beta%22y221z3,Βουλοκοπίδαι
beta%22y221z5,Βουτρόφος
beta%22y221z8,Βουζυγία
beta%22y221z12,Βωμολοχεύεσθαι
beta%22y221z16,Βλιμάζειν
beta%22y221z22,Βουφονία
beta%22y221z24,Βάτος
beta%22y221z26,Βάταλος
beta%22y221z30,Βοηδρομιών
beta%22y221z31,Βατίειαν
beta%22y221z33,Βολεῶνες
beta%22y222z1,Βοήθειαν
beta%22y222z2,Βοηθεῖν
beta%22y222z4,Βάκηλος
beta%22y222z5,Βρύτος
beta%22y222z6,Βουλαὶ πόσαι ἦσαν
beta%22y222z12,Βωμολόχος
beta%22y222z15,Βοσκήματα
beta%22y222z16,Βάσκανος
beta%22y222z19,Βασκαίνει
beta%22y222z20,Βάναυσοι
beta%22y222z26,Βασσάραι
beta%22y222z29,Βασίλειος στοά
beta%22y222z31,Βρενθύεται
beta%22y222z33,Βρέμει
beta%22y223z1,Βρενθύεσθαι
beta%22y223z3,Βρενθυόμενος
beta%22y223z4,Βρέτας
beta%22y223z6,Βριαροί
beta%22y223z7,Βριθομένη
beta%22y223z8,Βρίθων
beta%22y223z9,Βρέμεται
beta%22y223z10,Βρένθειον
beta%22y223z14,Βρένθος
beta%22y223z15,Βρεττηνοί
beta%22y223z17,Βρέτη
beta%22y223z18,Βρέττια
beta%22y223z20,Βραῦκος
beta%22y223z21,Βρεχμός
beta%22y223z22,Βρῆγμα
beta%22y223z25,Βέβηλον
beta%22y223z28,Βέβλωκεν
beta%22y223z30,Βάβαξ
beta%22y223z31,Βαβάκτης
beta%22y223z32,Βάρηκες
beta%22y224z1,Βαθμός
beta%22y224z3,Βαθμοί
beta%22y224z5,Βάθος
beta%22y224z7,Βάθρον
beta%22y224z10,Βαίτυλος
beta%22y224z12,Βατήρ
beta%22y224z17,Βέβλημαι
beta%22y224z18,Βάτια
beta%22y224z20,Βατίδες
beta%22y224z22,Βατραχίς
beta%22y224z24,Βατταρίζειν
beta%22y224z30,Βάττου σίλφιον
beta%22y224z32,Βάκχος
beta%22y225z4,Βάκχου διώνη
beta%22y225z6,Βαλανομφάλους
beta%22y225z9,Βάλανοι
beta%22y225z14,Βάσιμον
beta%22y225z15,Βραδυπλοήσας
beta%22y225z16,Βαρύ
beta%22y225z18,Βαρύηχος
beta%22y225z19,Βασανίτης λίθος
beta%22y225z22,Βασιλέως ὀφθαλμός
beta%22y225z24,Βαυκίδες
beta%22y225z26,Βαυκιζόμενον
beta%22y225z27,Βαυκίσματα
beta%22y225z28,Βαρυσυμφορώτατος
beta%22y225z29,Βῆλος
beta%22y225z31,Βίβλινος
beta%22y226z1,Βήρηκες
beta%22y226z5,Βῆσσαν
beta%22y226z11,Βητάρμονας
beta%22y226z12,Βιβλιαίγισθος
beta%22y226z14,Βιβλίδες
beta%22y226z16,Βίκον
beta%22y226z17,Βάσανος καὶ βασανίζειν
gamma%22y226z25,Γλίχεσθαι
gamma%22y226z26,Γραμματεῖον
gamma%22y226z27,Γραφή
gamma%22y226z30,Γραμματεύς
gamma%22y227z1,Γέῤῥα
gamma%22y227z3,Γνώμην
gamma%22y227z4,Γνῶμαι
gamma%22y227z5,Γεισίπους καὶ γεισιπόδισμα τί ἐστιν
gamma%22y227z9,Γεννῆται τίνες εἰσίν
gamma%22y227z16,Γεωφανεῖον
gamma%22y227z19,Γλεῦκος
gamma%22y227z22,Γήπεδα
gamma%22y227z23,Γρῖφοι
gamma%22y227z24,Γλαῦκος
gamma%22y227z29,Γερουσία καὶ γέροντες
gamma%22y227z33,Γαλεάγρα
gamma%22y228z1,Γρυμέα
gamma%22y228z2,Γρῦ
gamma%22y228z4,Γαμηλία
gamma%22y228z9,Γεραιράδας
gamma%22y228z10,Γωνιασμός
gamma%22y228z11,Γυμνασίαρχοι
gamma%22y228z15,Γραμματοκύφωνα
gamma%22y228z20,Γυμπάνειν
gamma%22y228z23,Γνώμονας
gamma%22y228z26,Γαμηλιών
gamma%22y228z27,Γνωσιμαχῆσαι
gamma%22y228z29,Γυλιός
gamma%22y228z32,Γαμβρόν
gamma%22y229z3,Γαμήλιος
gamma%22y229z4,Γαλῆ Ταρσία
gamma%22y229z8,Γαιήοχος
gamma%22y229z9,Γαιήοχος
gamma%22y229z10,Γαζοφυλάκιον
gamma%22y229z11,Γαμήλια
gamma%22y229z12,Γαστρίζεσθαι
gamma%22y229z13,Γεννάδας
gamma%22y229z14,Γαίειν
gamma%22y229z15,Γαιόν
gamma%22y229z16,Γαιός
gamma%22y229z17,Γαῖσος
gamma%22y229z20,Γαίων
gamma%22y229z22,Γαλαθηνόν
gamma%22y229z23,Γαλακτοκόμος
gamma%22y229z24,Γαλακτώδης
gamma%22y229z25,Γαλαξία
gamma%22y229z28,γαλαρίας
gamma%22y229z29,Γαλεώτην
gamma%22y229z31,Γαλερόν
gamma%22y229z33,Γαλερωπός
gamma%22y230z1,Γαληψός
gamma%22y230z3,Γαλιάγκων
gamma%22y230z4,Γάλλια
gamma%22y230z5,Γάλλος
gamma%22y230z6,Γαλῶμες
gamma%22y230z7,Γάννυται
gamma%22y230z8,Γανύματα
gamma%22y230z9,Γανύσεται
gamma%22y230z10,Γαργαρεών
gamma%22y230z11,Γάρκον
gamma%22y230z13,Γαστερόχειρες καὶ ἐγχειρογάστορες
gamma%22y230z15,Γαστέρες
gamma%22y230z16,Γαστρίδες
gamma%22y230z18,Γαστρίμαργοι
gamma%22y230z19,Γάστριον
gamma%22y230z20,Γάστρις
gamma%22y230z21,Γαυλόν
gamma%22y230z26,Γαῦρος
gamma%22y230z28,Γαυσόν
gamma%22y230z29,Γαφάγας
gamma%22y230z31,Γέγηθεν
gamma%22y230z32,Γεγυρωμένους
gamma%22y230z33,Γεγωνεῖν
gamma%22y231z1,Γεῖσα
gamma%22y231z4,Γεισίποδες
gamma%22y231z7,Γείσωσις
gamma%22y231z8,Γειτονᾷν
gamma%22y231z9,Γείτων
gamma%22y231z10,Γειώρας
gamma%22y231z11,Γενεά
gamma%22y231z17,Γενέθλια
gamma%22y231z19,Γενέσια
gamma%22y231z21,Γενναῖος
gamma%22y231z23,Γεννῆται
gamma%22y231z26,Γένους
gamma%22y231z28,Γενούστης
gamma%22y231z30,Γεραράδες
gamma%22y231z32,Γεραιραί
gamma%22y232z3,Γέρανος
gamma%22y232z9,Γεόλοφα ἢ γεώλοφα
gamma%22y232z10,Γεφύρας
gamma%22y232z12,Γεοφανεῖον
gamma%22y232z14,Γηθοσύνη
gamma%22y232z15,Γηοῦχος
gamma%22y232z16,Γῆρυν
gamma%22y232z17,Γηφάγοι
gamma%22y232z19,Γιγαντία
gamma%22y232z21,Γίγαντος
gamma%22y232z22,Γίγλυμος
gamma%22y232z24,Γλαῦκος Καρύστιος
gamma%22y232z30,Γλαὺξ ἔπτατο
gamma%22y233z3,Γλήνην
gamma%22y233z6,Γλίσχρον
gamma%22y233z7,Γλοιάζειν
gamma%22y233z9,Γλυκυθυμία
gamma%22y233z10,Γνύπετον
gamma%22y233z13,Γνῶθι σαυτόν
gamma%22y233z17,Γνώμων
gamma%22y233z19,Γνῶναι
gamma%22y233z20,Γνωσιμαχῆσαι
gamma%22y233z23,Γοισοῦται
gamma%22y233z25,Γόργυρα
gamma%22y233z28,Γνώμων
gamma%22y233z31,Γαμηλίαν εἰσενεγκεῖν
gamma%22y234z1,Γόργυρον
gamma%22y234z2,Γέροντες τίνες εἰσίν
gamma%22y234z4,Γυμνοπαιδία
delta%22y234z10,Δέοντα
delta%22y234z12,Δήπουθεν
delta%22y234z13,Δημαγωγός
delta%22y234z14,Δημοκρατία
delta%22y234z15,Δημόσιος
delta%22y234z20,Δημεύειν
delta%22y234z22,Δωροδόκος
delta%22y234z23,Δυσωποῦμαι
delta%22y234z25,Δεινός
delta%22y234z27,Δεκελεικὸν πόλεμον
delta%22y234z33,Δεκατεύοντες
delta%22y235z6,Διονύσια
delta%22y235z9,Διδάσκαλος χοροῦ
delta%22y235z11,Δοκιμασία
delta%22y235z16,Δεκαδάρχαι
delta%22y235z19,Δύσκολος
delta%22y235z20,Διαιτηταὶ τίνες εἰσί
delta%22y235z26,Διαιτητῶν αἵρεσις
delta%22y235z31,Δέκα τίνες εἰσί
delta%22y236z3,Δεκάζειν
delta%22y236z8,Δημόκοινος
delta%22y236z9,Διάγραμμα
delta%22y236z13,Διαγραφεὺς τί ἐστι
delta%22y236z16,Διαδικασία
delta%22y236z22,Διαψήφισις
delta%22y236z26,Δημότης
delta%22y236z28,Διαμαρτυρία
delta%22y237z3,Δώρων γραφή
delta%22y237z8,Δήμαρχος
delta%22y237z12,Δευσοποιὸς πονηρία
delta%22y237z15,Διωβελία
delta%22y237z17,Δαρεικὸς στατήρ
delta%22y237z20,Δεῖγμα
delta%22y237z23,Διοπωπεύων
delta%22y237z26,Δεκάτην ἑστιᾶσαι
delta%22y237z30,Δόρυ ἐπὶ τὴν ἐκφοράν
delta%22y237z33,Δίκη ἐμπορική
delta%22y238z4,Διεκωδώνισεν
delta%22y238z7,Δίκην σίτου
delta%22y238z10,Διωλύγια πράγματα
delta%22y238z13,Διεπιθήκισεν
delta%22y238z16,Διαμυδαίνεται
delta%22y238z18,Δοκιμαστής
delta%22y238z21,Διιπόλια
delta%22y238z24,Δωροξενία
delta%22y238z26,Διαγράψαι
delta%22y238z31,Διακόσιοι καὶ χίλιοι
delta%22y239z1,Δοῖδυξ
delta%22y239z2,Δανειζόμενοι τίνες λέγονται
delta%22y239z4,Διευκρινησάμενος
delta%22y239z6,Δεκατηλόγοι
delta%22y239z7,Δειπνοφόρος
delta%22y239z17,Δρομοκήρυκες
delta%22y239z20,Διεσκαριφησάμεθα
delta%22y239z23,Διωμοσία
delta%22y239z31,Διοικίσαι
delta%22y240z3,Δίκελλα
delta%22y240z5,Δασμολογεῖν
delta%22y240z6,Δελεαζόμενοι
delta%22y240z9,Δίκροτος ναῦς
delta%22y240z11,Δεκάδες
delta%22y240z14,Δερμηστής
delta%22y240z16,Δαιδάλου ποιημάτων
delta%22y240z22,Δέῤῥις
delta%22y240z24,Δαδαμᾶται
delta%22y240z25,Δεκέλεια
delta%22y240z26,Δειράδες
delta%22y240z27,Δειόμνα
delta%22y240z28,Δημοτελῆ καὶ δημοτικὰ ἱερεῖα
delta%22y240z32,Δωροξενίας δίκη
delta%22y241z3,Διάγραμμα
delta%22y241z6,Δίκη τί ἐστι
delta%22y241z12,Δενδαλίδες
delta%22y241z13,Διαρτᾷν
delta%22y241z14,Διαβασιλίζεται
delta%22y241z15,Δοκιμασίαν ἐπαγγεῖλαι
delta%22y241z17,Δεῦρο τί ἐστιν
delta%22y241z20,Διήγησις ἐξηγήσεως
delta%22y241z25,Διάθεσις
delta%22y241z29,Διατίθεσθαι
delta%22y241z31,Δίχα
delta%22y242z1,Διειληχώς
delta%22y242z3,Δρῦν φέρειν διὰ τῆς ἀγορᾶς
delta%22y242z7,Δεξαίμην
delta%22y242z9,Διέσειεν
delta%22y242z10,Δωδεκάπους σκιά
delta%22y242z14,Διάκρια
delta%22y242z16,Δήμαρχοι
delta%22y242z19,Δοξασταί
delta%22y242z23,Διμοιρῖται
delta%22y242z26,Δῖον κώδιον
delta%22y242z29,Δόξα
delta%22y242z33,Δωροδόκος
delta%22y243z1,Δημιουργοὶ τίνες λέγονται
epsilon%22y243z8,Ἐπηλυγάζειν
epsilon%22y243z10,Ἐφημοσύνη
epsilon%22y243z11,Ἐπιεικές
epsilon%22y243z12,Εὐήθης
epsilon%22y243z14,Εἰσφορά
epsilon%22y243z15,Ἐμποδών
epsilon%22y243z16,Ἐπάλξεις
epsilon%22y243z19,Ἐκνενευρισμένοι
epsilon%22y243z20,εἰρωνεία
epsilon%22y243z24,Εἶεν
epsilon%22y243z27,Ἐπικηρυκεία
epsilon%22y243z29,Ἐῤῥῶσθαι φράσας
epsilon%22y243z30,Ἐν Δελφοῖς σκιᾶς
epsilon%22y244z6,Ἐναργές
epsilon%22y244z7,Ἐχυρόν
epsilon%22y244z8,Ἔφεσις
epsilon%22y244z10,Ἐκποδών
epsilon%22y244z11,Εἰσφρήσειν
epsilon%22y244z14,Εἰσαγγελία
epsilon%22y244z24,Εἰκός
epsilon%22y244z25,Ἐγγυητής
epsilon%22y244z26,Ἐπιτείχισμα
epsilon%22y244z27,Ἐκτραχηλισθῆναι
epsilon%22y244z29,Εὐετηρία
epsilon%22y244z31,Ἐπιστάτης
epsilon%22y245z3,Ἑταιρήσεως
epsilon%22y245z5,Ἐθάδων
epsilon%22y245z6,Εὐθύνας
epsilon%22y245z11,Εἴσπραξις
epsilon%22y245z12,Εἰσπράττει
epsilon%22y245z13,Ἐκπώματα
epsilon%22y245z14,Ἐρήμην
epsilon%22y245z17,Ἐπώνυμοι
epsilon%22y245z20,Εἰσιτήρια
epsilon%22y245z24,Ἐπιδόσεις
epsilon%22y245z25,Ἐγγυθήκη
epsilon%22y245z32,Ἐγγύους
epsilon%22y245z33,Ἐκλογεῖς
epsilon%22y246z3,Ἕδος
epsilon%22y246z4,Εἰς ἐμφανῶν κατάστασιν
epsilon%22y246z14,Εἰσαγωγεῖς
epsilon%22y246z16,Εἵλωτες
epsilon%22y246z19,Εἰθύφαλλοι
epsilon%22y246z22,Εἰκόσορον ναῦν
epsilon%22y246z25,Εἰλικρινές
epsilon%22y246z26,Ἐρεσιάδαι
epsilon%22y247z1,Ἑκατομβαιών
epsilon%22y247z7,Ἑκάλη
epsilon%22y247z8,Ἐκφόρια
epsilon%22y247z9,Ἔνδεια
epsilon%22y247z10,Ἐκποίητον γενέσθαι
epsilon%22y247z20,Ἔμπυρα
epsilon%22y247z21,Ἔκδοσις
epsilon%22y247z24,Ἑκατόμπεδον
epsilon%22y247z27,Ἑκαταῖα
epsilon%22y247z30,Ἔκκλητος πόλις
epsilon%22y248z3,Ἐκμαρτυρία
epsilon%22y248z7,Ἐκφυλλοφορῆσαι
epsilon%22y248z19,Ἐλαιοκόμων
epsilon%22y248z23,Ἑλικτήρ
epsilon%22y248z25,Ἑλκοποιῆσαι
epsilon%22y248z29,Ἑλληνοταμίαι
epsilon%22y248z32,Ἑλλανοδίκης
epsilon%22y249z6,Ἐλαιούς
epsilon%22y249z7,Ἐλαφηβολιών
epsilon%22y249z10,Ἔμβιος
epsilon%22y249z14,Ἐμπεδοκλέους ἔχθρα
epsilon%22y249z18,Ἐμβατεῦσαι
epsilon%22y249z22,Ἔμπυος
epsilon%22y249z25,Ἐμβάδες
epsilon%22y249z27,Ἔμπουσα
epsilon%22y250z4,Ἕνδεκα τίνες εἰσί
epsilon%22y250z10,Ἔνδειξις
epsilon%22y250z14,Ἐνεπίσκημμα καὶ ἐνεπισκήψασθαι
epsilon%22y250z18,Ἔνη καὶ νέα
epsilon%22y250z20,Ἔνθρυπτα
epsilon%22y250z22,Ἐγκύκλιοι λειτουργίαι
epsilon%22y250z24,Ἐγκεκαυμένη
epsilon%22y250z26,Ἐγκόψαι
epsilon%22y250z27,Ἐν Δελφοῖς σκιᾶς μάχεσθαι
epsilon%22y250z30,Ἐγκάρδιον
epsilon%22y250z32,Ἐνθένδε
epsilon%22y251z1,Ἐγκτήματα
epsilon%22y251z4,Ἐν ὁδῷ καθελών
epsilon%22y251z7,Ἐν Φρεαττοῖ
epsilon%22y251z9,Ἐννέα ὁδοί
epsilon%22y251z18,Ἐν τοῖς μέρεσι καλουμένη μάχη
epsilon%22y251z21,Ἔναυλον
epsilon%22y251z23,Ἐνώπιον
epsilon%22y251z24,Ἐνδελεχεστάτης
epsilon%22y251z25,Ἐνάμιλλον
epsilon%22y251z26,Ἔγγαια χρήματα
epsilon%22y251z27,Ἐνεός
epsilon%22y251z30,Ἐνλιμενισταί
epsilon%22y251z31,Ἔνθεσμος βλάβη
epsilon%22y251z32,Ἐξετῶμεν
epsilon%22y251z33,Ἐξερεθιστήν
epsilon%22y252z1,Ἔξοκεῖλαι
epsilon%22y252z3,Ἐξιτήλους
epsilon%22y252z4,Ἐξηγητής
epsilon%22y252z6,Ἐξετασταί
epsilon%22y252z10,Ἐξαίρεσις
epsilon%22y252z12,Ἐξαιρέσεως δίκη
epsilon%22y252z15,Ἐξούλης
epsilon%22y252z19,Ἐπόγδοον
epsilon%22y252z21,Ἐπήβολον
epsilon%22y252z23,Ἐπίσιστον
epsilon%22y252z26,Ἐπίθετα
epsilon%22y252z28,Ἐπὶ γύης
epsilon%22y253z1,Ἐπιθέτους ἑορτάς
epsilon%22y253z3,Ἐπακρία γῆ
epsilon%22y253z5,Ἐπικλήρου
epsilon%22y253z6,Ἐπαπηχεῖαι
epsilon%22y253z8,Ἐπλινθεύθησαν
epsilon%22y253z13,Ἐπιτρίταις
epsilon%22y253z16,Ἐπιστολιμαίους δυνάμεις
epsilon%22y253z19,Ἐπεισόδιον
epsilon%22y253z22,Ἐπίσταθμοι
epsilon%22y253z26,Ἐπάνω δικαστήριον καὶ ὑποκάτω
epsilon%22y254z3,Ἐπιγραφεῖς
epsilon%22y254z7,Ἐπιδέκατον
epsilon%22y254z8,Ἐπαμήσασθαι
epsilon%22y254z10,Ἐπιτήθη
epsilon%22y254z11,Ἐπίβοιον
epsilon%22y254z12,Ἐπιμήνια
epsilon%22y254z14,Ἐπίκωποι
epsilon%22y254z15,Ἐπισκέπται
epsilon%22y254z17,Ἐπήλυδες
epsilon%22y254z19,Ἐπὶ κωλιάδα
epsilon%22y254z21,Ἐπικεκηρυχέναι καὶ ἐπικηρῦξαι
epsilon%22y254z24,Ἐπιβολή καὶ ἐπιβάλλειν
epsilon%22y254z29,Ἐπομβρία
epsilon%22y254z31,Ἐπιπόρπημα
epsilon%22y255z1,Ἐπώνια καὶ κηρύκεια
epsilon%22y255z5,Ἐπίληπτον
epsilon%22y255z6,Ἐπιτετιμημένον
epsilon%22y255z8,Ἐπὶ κόῤῥης
epsilon%22y255z11,Ἔπιπλα
epsilon%22y255z13,Ἐπακτροκέλης
epsilon%22y255z15,Ἐπὶ διετὲς ἡβῆσαι
epsilon%22y255z19,Ἐπὶ Δελφινίῳ
epsilon%22y255z22,Ἐπιμεληταί
epsilon%22y255z27,Ἐπίσκηψις
epsilon%22y255z29,Ἐπωβελία
epsilon%22y256z3,Ἐπιλαχών
epsilon%22y256z5,Ἐπαγγεῖλαι καὶ ἐπαγγελία
epsilon%22y256z8,Ἐπίδικος καὶ ἐπίκληρος καὶ ἐπίπροικος
epsilon%22y256z15,Ἑρμιόνη
epsilon%22y256z17,Ἐριθείας
epsilon%22y256z18,Ἑρπήνη
epsilon%22y256z20,Ἐργοδόται
epsilon%22y256z21,Ἕρκιον Δία
epsilon%22y256z23,Ἕρματα
epsilon%22y256z26,Ἐσπαθᾶτο
epsilon%22y256z30,Ἐσχατιάς
epsilon%22y256z32,Ἐσχάρα
epsilon%22y257z4,Ἐτεοβουτάδης
epsilon%22y257z6,Ἐτησίαι
epsilon%22y257z7,Εὐπατρίδαι
epsilon%22y257z12,Εὐθύορον
epsilon%22y257z13,Εὐανδρία
epsilon%22y257z15,Εὔθυνοι
epsilon%22y257z17,Εὐοῖ σαβοῖ
epsilon%22y257z18,Εὐρύβατος
epsilon%22y257z21,Εὐηνιώτατα
epsilon%22y257z23,Ἐφέται καὶ ἐπὶ Παλλαδίῳ
epsilon%22y257z26,Ἐφόλκια
epsilon%22y257z28,Ἔφοροι
epsilon%22y257z31,Ἐφάμιλλον
epsilon%22y257z33,Ἐφεκτός
epsilon%22y258z1,Ἐχόμενα
epsilon%22y258z3,Ἐχῖνος
epsilon%22y258z7,Ἐχιλιώθη
epsilon%22y258z8,Ἐψιμυθιῶσθαι
epsilon%22y258z12,Ἑωλοκρασία
epsilon%22y258z15,Εἴπουθεν
epsilon%22y258z17,Εἴσω
epsilon%22y258z18,Εἰκάζειν
epsilon%22y258z19,Ἐκτιλώσαντο
epsilon%22y258z20,Ἐκκλώζεται
epsilon%22y258z21,Ἐμπήκτης
epsilon%22y258z22,Ἐμβραχύ
epsilon%22y258z23,Ἐνονυχίζει
epsilon%22y258z24,Ἐπαμφοτερίσαι
epsilon%22y258z26,Ἐπήγγελλεν
epsilon%22y258z28,Ἐπιβατεύουσιν
epsilon%22y258z29,Ἐρεσχηλεῖν
epsilon%22y258z30,Ἔφεδρον
epsilon%22y258z31,Ἐχθὲς καὶ πρώην
epsilon%22y258z32,Ἑωθιναὶ δίκαι
epsilon%22y259z1,Ἐπιδανεῖσαι τί ἐστιν
epsilon%22y259z4,Εὐθυδικία
epsilon%22y259z6,Ἐναυλήματα
epsilon%22y259z9,Ἐπακρία
epsilon%22y259z11,Ἐσχηματισμένος
epsilon%22y259z13,Ἐργολάβος
epsilon%22y259z17,Ἐγγενής
epsilon%22y259z18,Ἐγχώριος
epsilon%22y259z20,Ἐπιχώριος
epsilon%22y259z21,Ἔκλειψις τί ἐστι καὶ τί τὸ ἐξέλιπεν
epsilon%22y259z27,Εὐσχήμων
epsilon%22y259z30,Ἐκγαμηθῆναι
epsilon%22y259z32,Ἑδωλιάσαι καὶ ἰκριῶσαι
epsilon%22y260z4,Ἐγκτήματα
epsilon%22y260z7,Ἐπίγραμμα
epsilon%22y260z9,Ἐδαπανᾶτο
epsilon%22y260z11,Ἐξαγωνίων
epsilon%22y260z17,Ἐπιτροπή
epsilon%22y260z20,Ἐπαγγείλασθαι
epsilon%22y260z21,Εὐδοκούμενος
epsilon%22y260z23,Ἐπικληρωτόν
zeta%22y260z29,Ζεῦγος
zeta%22y260z31,Ζειρά
zeta%22y260z33,"Ζευγήσιον, θητικόν"
zeta%22y261z3,Ζέας
zeta%22y261z4,Ζητηταί
zeta%22y261z7,Ζυγομαχεῖν
zeta%22y261z9,Ζηλωτοῦ
zeta%22y261z12,Ζήτρειον
zeta%22y261z13,Ζωπύϊον
zeta%22y261z15,Ζευγίτης
zeta%22y261z16,Ζαθερές
zeta%22y261z17,Ζακυνθίδες κολοκύνθαι
zeta%22y261z19,Ζειροφόρος
zeta%22y261z20,Ζευγήσιον
zeta%22y261z22,Ζοφομηνία
zeta%22y261z23,Ζωοφθόρον
zeta%22y261z24,Ζῶμα
zeta%22y261z27,Ζώννυντο
zeta%22y261z28,Ζώνην
eta%22y262z3,Ἥκιστα
eta%22y262z5,Ἠλίθιον
eta%22y262z6,Ἤδη
eta%22y262z8,Ἡταιρηκώς
eta%22y262z9,Ἡγεμών
eta%22y262z10,Ἡλιαία
eta%22y262z14,Ἡμεδαπή
eta%22y262z16,Ἥρως ἰατρός
eta%22y262z19,Ἦτρον
eta%22y262z21,Ἡγεμονία δικαστηρίων
eta%22y262z25,Ἠετιώνεια
eta%22y262z27,Ἠλινδημένον
eta%22y262z28,Ἡμίεκτον
eta%22y262z32,Ἡμιμέδιμνον
eta%22y263z3,Ἡμίσχοινον
eta%22y263z6,Ἡμίδραχμον
eta%22y263z7,Ἡμικοτύλιον
eta%22y263z8,Ἤπειρον καὶ ἠπειρώτας
eta%22y263z10,Ἠρινῶν
eta%22y263z11,Ἥρως ἰατρός
eta%22y263z13,Ἤρετο
eta%22y263z15,Ἠπίστησαν
theta%22y263z19,Θρυλεῖν
theta%22y263z20,Θαλλόν
theta%22y263z22,Θάμνον
theta%22y263z23,Θαργήλια
theta%22y263z26,Θᾶκοι
theta%22y263z27,Θαργηλιών
theta%22y263z31,Θεαιδέστατον
theta%22y263z32,Θέσιν
theta%22y264z3,Θέτην
theta%22y264z6,Θεοίνιον
theta%22y264z7,Θεωρικὴ ἀρχή καὶ θεωρικόν
theta%22y264z10,Θέμενος
theta%22y264z12,Θεσμός
theta%22y264z15,Θεσμοθέται
theta%22y264z18,Θημωνία
theta%22y264z19,Θητεία
theta%22y264z21,Θησεῖον
theta%22y264z23,Θιασώτης
theta%22y264z26,Θόλος
theta%22y264z30,Θριπηδεστόν
theta%22y264z32,Θρυλούμενόν ποτε ἀπόῤῥητον
theta%22y265z1,Θυρών
theta%22y265z3,Θυννίδες
theta%22y265z4,Θυσεῖον
theta%22y265z5,Θυλάκιον
theta%22y265z6,Θύσιον
theta%22y265z7,Θυραυλεῖν
theta%22y265z9,Θέρος
theta%22y265z11,Θριάσιον πεδίον
theta%22y265z17,Θωπεία
iota%22y265z21,Ἴυγξ
iota%22y265z22,Ἱεροποιοί
iota%22y265z27,Ἰσθμός
iota%22y265z30,Ἰδιώτης
iota%22y265z31,Ἰαμβοφάγος
iota%22y266z1,Ἱερομνήμονες
iota%22y266z6,Ἱερὰν ὁδόν
iota%22y266z7,Ἱερώσυνα
iota%22y266z9,Ἱερείας ἐνύπνιον
iota%22y266z21,Ἰκριώσαντες
iota%22y266z22,Ἱμᾷν καὶ καθιμῆσαι καὶ ἀνιμῆσαι
iota%22y266z25,Ἵνα
iota%22y266z26,Ἵππαρχος
iota%22y266z28,Ἱπποδάμεια ἀγορά
iota%22y266z32,Ἴπνος
iota%22y267z1,Ἰσοτελεῖς
iota%22y267z3,Ἰσοδαίτης θεός
iota%22y267z5,Ἱστός καὶ κεραία
iota%22y267z8,Ἱστιατόρια
iota%22y267z10,Ἰταμόν
iota%22y267z12,Ἰυγαί
iota%22y267z13,Ἱππάς
iota%22y267z15,Ἱκετεία καὶ ἱκετηρία
iota%22y267z19,Ἴσα βαίνων Πυθοκλεῖ
iota%22y267z21,Ἱεραὶ τριήρεις
kappa%22y267z27,Κορδακισμός
kappa%22y267z29,Κομιδῇ
kappa%22y267z31,Κληρούχους
kappa%22y268z1,Κακοδαίμων
kappa%22y268z3,Κεφάλαιον
kappa%22y268z4,Κόλαξ
kappa%22y268z5,Κατά
kappa%22y268z6,Κνισᾷν ἀγυιάς
kappa%22y268z11,Κλητῆρες
kappa%22y268z18,Κάδοι
kappa%22y268z19,Καθέδραι
kappa%22y268z24,Κακοτεχνιῶν
kappa%22y268z27,Καταχειροτονία
kappa%22y269z1,"Κακώσεως, καὶ κατὰ τίνος ἐδίδοτο"
kappa%22y269z7,Καλαμίτην
kappa%22y269z9,Καταχύσματα
kappa%22y269z14,Κάτωθεν νόμος
kappa%22y269z16,Καθαρσίων
kappa%22y269z18,Καταλεύσιμον
kappa%22y269z19,Καυσία
kappa%22y269z20,Κατάγειν τὰ πλοῖα
kappa%22y269z23,Κακῶν Ἰλιάς
kappa%22y269z25,Καλαμίδας
kappa%22y269z29,Κατανίπτης
kappa%22y269z32,Κακουχίαν σώματος
kappa%22y269z33,Κάλλιον
kappa%22y270z6,Κάλλιον
kappa%22y270z7,Καττύεσθαι
kappa%22y270z8,Κάθετον
kappa%22y270z10,Κατεῤῥωγότα
kappa%22y270z11,Κάμινος
kappa%22y270z13,Κατάῤῥους
kappa%22y270z17,Καταλογεύς
kappa%22y270z19,Καδμεία
kappa%22y270z21,Κατατομή
kappa%22y270z25,Καλινδεῖσθαι
kappa%22y270z27,Κατηλόησαν
kappa%22y270z30,Κατάστασις
kappa%22y270z32,Κανηφόροι
kappa%22y271z3,Καχλάζειν
kappa%22y271z7,Κανθούρου λιμήν
kappa%22y271z9,Καταλλάττειν
kappa%22y271z10,Κεκερτόμηται
kappa%22y271z11,Κέρκος
kappa%22y271z13,Κέρκωψ
kappa%22y271z14,Κέραμος
kappa%22y271z16,Κεκοινωμένοι
kappa%22y271z17,Κελέοντες
kappa%22y271z20,Κεστρίνους
kappa%22y271z21,Κερκώπη
kappa%22y271z23,Κεγχρεών
kappa%22y271z26,Κηκίς
kappa%22y271z28,Κηπούρευμα
kappa%22y271z30,Κιχλισμός
kappa%22y271z33,Κιγκλίδες
kappa%22y272z1,Κιττοφόρος
kappa%22y272z3,Κίναδος
kappa%22y272z6,Κλητεῦσαι
kappa%22y272z12,Κλινοπετής
kappa%22y272z13,Κλισιάς
kappa%22y272z15,Κλιμακίζει
kappa%22y272z18,Κλιμακίδες
kappa%22y272z19,Κλιτῆρες
kappa%22y272z21,Κοβαλεία
kappa%22y272z24,Κόμματα καὶ κυρήβια
kappa%22y272z27,Κοινὸν γραμματεῖον
kappa%22y272z30,Κέρκουρος
kappa%22y272z31,Κόρη
kappa%22y273z1,Κουρεῖον
kappa%22y273z5,Κοῖτις
kappa%22y273z6,Κομμώ
kappa%22y273z7,Κοιρωνίδαι
kappa%22y273z10,Κοπρολόγοι
kappa%22y273z12,Κομψόν
kappa%22y273z13,Κοῖλον γραμματεῖον
kappa%22y273z17,Κρηπιδουργός
kappa%22y273z20,Κρόνιον τέμενος
kappa%22y273z22,Κρεμαστὰ σκεύη νεώς
kappa%22y273z25,Κροκοῦν
kappa%22y273z28,Κράστις
kappa%22y273z31,Κραιπάλη
kappa%22y273z33,Κρυπτή
kappa%22y274z3,Κρατηρίζων
kappa%22y274z5,Κτηματίτην
kappa%22y274z6,Κυρίαν
kappa%22y274z7,Κυάμῳ λαχεῖν
kappa%22y274z9,Κυνᾶς
kappa%22y274z12,Κύκνους
kappa%22y274z14,Κυαμίτης
kappa%22y274z16,Κυννίδαι
kappa%22y274z18,Κύδαρον
kappa%22y274z19,Κυρία ἐκκλησία
kappa%22y274z21,Κυνόσαργες
kappa%22y274z24,Κύρβεις
kappa%22y274z28,Κυμβεῖον
kappa%22y274z30,Κῶμαι
kappa%22y274z31,Κώδη
kappa%22y274z32,Κωπέας
kappa%22y275z1,Κέρκυρα
kappa%22y275z2,Κερσοβλέπτης
kappa%22y275z4,Καυχᾷ
kappa%22y275z6,Καλλίας
kappa%22y275z7,Κοροπλάθος
kappa%22y275z10,Καρδιωσάμενοι
kappa%22y275z12,Καταλαβεῖν
kappa%22y275z14,Κυβευτήριον καὶ τηλία
kappa%22y275z19,Κεραμεικός
kappa%22y275z20,Κωλιάς
kappa%22y275z22,Κωλακρέται
kappa%22y275z25,Κημός
kappa%22y275z28,Καδίσκοι
kappa%22y275z30,Καταπροίξει
kappa%22y275z32,Κιβδηλίς
kappa%22y276z1,Καθελεῖν τὴν ἀσπίδα
kappa%22y276z3,Κυψέλη καὶ κυψελίδες
kappa%22y276z6,Κύων ἐν φάτνῃ
kappa%22y276z8,Κύων παρ' ἐντέροις
lambda%22y276z13,Λωποδύτης
lambda%22y276z14,Λῆμμα
lambda%22y276z15,Λήσεσθαι
lambda%22y276z16,Ληρεῖν
lambda%22y276z17,Λογισταί
lambda%22y276z20,Λάκκος
lambda%22y276z23,Λουτροφόρος
lambda%22y276z25,Λουτροφορεῖ
lambda%22y276z27,Λουτροφόρος ἐν τῷ μνήματι ἐπίκειται
lambda%22y276z31,Λιπομαρτυρίου
lambda%22y276z33,Λιποστρατίου
lambda%22y277z1,Λιποταξίου
lambda%22y277z2,Λεπρωσίου
lambda%22y277z4,Λιθολογήματα
lambda%22y277z5,Λυκουργείους
lambda%22y277z7,Λικνοφόρος
lambda%22y277z10,Λύκειον
lambda%22y277z13,Λεωκόριον
lambda%22y277z15,Λεύκωμα
lambda%22y277z17,Ληνός
lambda%22y277z20,Λαχεῖν δίκην
lambda%22y277z22,Λαμπάς καὶ λαμπαδηφόροι
lambda%22y277z26,Λόγος
lambda%22y277z27,Λαπίζειν
lambda%22y277z28,Λίθος
lambda%22y277z29,Λειτουργεῖν
lambda%22y277z33,Λιθουργικῆς καὶ λιθοτριβικῆς
lambda%22y278z4,Λιμοῦ πεδίον
lambda%22y278z11,Λήναιον
mu%22y278z13,Μέλλησις
mu%22y278z15,Μισθοφορεῖν
mu%22y278z17,Μνᾶ
mu%22y278z18,Μαλακός
mu%22y278z20,Μηχάνημα
mu%22y278z21,Μελίνη
mu%22y278z23,Μάλθη
mu%22y278z25,Μετρονόμοι
mu%22y278z29,Μὴ οὖσα
mu%22y279z1,Μυλωθρός
mu%22y279z3,Μεσεγγύημα
mu%22y279z6,Μαστῆρες
mu%22y279z7,Μειαγωγῆσαι
mu%22y279z8,Μεῖον
mu%22y279z10,"Μακρὸν πλοῖον τὸ πολεμικόν, στρογγύλον"
mu%22y279z12,Μαργίτης
mu%22y279z13,Μόρα
mu%22y279z15,Μυσῶν λεία
mu%22y279z18,Μελιτίδης
mu%22y279z20,Μυστηρίων ἐπιμελητής
mu%22y279z22,Μεθέορτα
mu%22y279z23,Μουνυχία
mu%22y279z26,Μαράθου καὶ λεύκης
mu%22y279z32,Μαρώνεια
mu%22y280z1,Μετοίκων λειτουργίαι
mu%22y280z4,Μύριοι
mu%22y280z6,Μητρῷον
mu%22y280z7,Μεσοκρινεῖς
mu%22y280z9,Μεταπεττεύων
mu%22y280z11,Μέταλλα
mu%22y280z14,Μωλύτερον
mu%22y280z16,Μορίαι
mu%22y280z17,Μανότερον
mu%22y280z18,Μοσχεύηται
mu%22y280z20,Μανδραγόρας
mu%22y280z22,Μονόφθαλμος
mu%22y280z25,Μυδαίνεται
mu%22y280z26,Μεταγειτνιών
mu%22y280z27,Μαιμακτηριών
mu%22y280z28,Μηλόβοτος
mu%22y280z30,Μετροῦσιν οἱ Ἀθηναῖοι τὸν μῆνα
mu%22y281z16,Μῆνες Ἀθηναίων οὗτοι
mu%22y281z19,Μέτοικοι
mu%22y281z22,Μεταλλάσσειν
mu%22y281z24,Μοχθηρόν
mu%22y281z25,Μελετών
mu%22y281z26,Μεγαρέων δάκρυα
nu%22y282z3,Νεώσοικοι
nu%22y282z6,Νεωρίων ἀρχήν
nu%22y282z9,Νεανιεύεσθαι
nu%22y282z10,Ναύκληρος
nu%22y282z14,Νομοθέται
nu%22y282z18,Νοθεῖα
nu%22y282z20,Νεβρίζειν
nu%22y282z22,Νεήλατα
nu%22y282z25,Ναυλοχίας
nu%22y282z27,Νεαλής
nu%22y282z29,Νευροῤῥάφους
nu%22y282z31,Νηφάλια
nu%22y282z32,Νεμέσια
nu%22y283z1,Νηποινί
nu%22y283z3,Ναυτοδίκαι
nu%22y283z5,Ναυφύλακες
nu%22y283z7,Ναματιαῖα
nu%22y283z9,Ναυτικὴ συγγραφή
nu%22y283z12,Νεῖα ξύλα
nu%22y283z13,Ναίου Διός
nu%22y283z15,Νεώς
nu%22y283z16,Νομοφύλακες
nu%22y283z20,Ναύκραροι
nu%22y283z22,Νάϊος Ζεύς
xi%22y283z29,Ξενίζειν
xi%22y284z1,Ξηραλοιφεῖν
xi%22y284z3,Ξυστίδες
xi%22y284z5,Ξενικὸν ἐμπόριον
xi%22y284z7,Ξάνιον
xi%22y284z9,Ξανθίζεσθαι
xi%22y284z11,Ξεναγία
xi%22y284z13,Ξηραλοιφεῖν
xi%22y284z14,Ξύστις
xi%22y284z18,Ξυστόν
omicron%22y284z24,Ὅμοροι
omicron%22y284z25,Ὀλιγωρία
omicron%22y284z26,Οἴχεται
omicron%22y284z27,Οἷοι
omicron%22y284z28,Ὀλυρῶν
omicron%22y284z29,Οὐδὲ πολλοῦ δεῖ
omicron%22y284z30,Ὀῤῥωδία
omicron%22y285z1,Ὁμοῦ
omicron%22y285z3,Ὀλιγαρχία
omicron%22y285z5,Ὀκνῶ μὴ μάταιος ὑμῖν ἡ στρατιά
omicron%22y285z9,Ὁλκοί
omicron%22y285z11,Ὁρκάνη
omicron%22y285z12,Ὅρος
omicron%22y285z20,Ὀστρακισμός
omicron%22y285z29,Ὀσχοφορία
omicron%22y285z33,Οὐσίας δίκη καὶ καρποῦ καὶ ἐνοικίων
omicron%22y286z11,Ὀργεῶνες
omicron%22y286z14,Ὀφθαλμιῷεν τί ἐστιν
omicron%22y286z16,Ὀρχήστρα
omicron%22y286z18,Οἰκότριβες
omicron%22y286z21,Ὀξυλαβῆσαι
omicron%22y286z22,Ὀλέκρανα
omicron%22y286z23,Ὀστολογῆσαι
omicron%22y286z24,Ὄροβοι
omicron%22y286z26,Ὀπισθόδομος
omicron%22y286z29,Ὄφεις παρεῖαι
omicron%22y286z31,Ὀβολοστάτης
omicron%22y286z32,Ὀβολοστατῆσαι
omicron%22y286z33,Ὁμοερκεῖς κίονες
omicron%22y287z1,Ὅροι
omicron%22y287z3,Ὁλόσχοινος
omicron%22y287z5,Ὀρνιθευτάς
omicron%22y287z6,Ὀχετοκράνια
omicron%22y287z10,Ὀτιαφόροι
omicron%22y287z14,Ὀργάς
omicron%22y287z16,Ὀρχοί
omicron%22y287z17,Ὀπτῆρα
omicron%22y287z18,Ὁρισταί
omicron%22y287z21,Ὀμπή
omicron%22y287z22,Οἰνόσπονδα
omicron%22y287z24,Ὀξυθύμια
omicron%22y287z26,Ὁμήρους
omicron%22y287z27,Ὅρον
omicron%22y287z30,Ὄχλος
omicron%22y287z31,Ὀργιάζειν
omicron%22y287z32,Ὀχεῖον
omicron%22y288z3,Ὅσιον
omicron%22y288z6,Ὁμηρίδαι
omicron%22y288z7,Ὀξυθύμια
omicron%22y288z9,Ὀθνεῖος
pi%22y288z14,Παρακρούεται
pi%22y288z15,Προώμεθα
pi%22y288z16,Πάρεδροι
pi%22y288z18,Προβολή καὶ προβάλλεσθαι
pi%22y288z23,Περιστοιχίζεται
pi%22y288z24,Πομπή
pi%22y288z25,Πρόεισθε
pi%22y288z26,Προῦπτον
pi%22y288z28,Πύθια
pi%22y288z29,Παρθενών
pi%22y288z31,Πειραιεύς
pi%22y288z32,Πινάκιον
pi%22y289z1,Παριών
pi%22y289z2,Παραδοξότερον
pi%22y289z3,Πώμαλα
pi%22y289z5,Πριάσθαι
pi%22y289z6,Πολεμιστὴς ἵππος
pi%22y289z8,Πεζέταιροι
pi%22y289z10,Πέμψαι
pi%22y289z12,Πέμπτον μέρος μὴ λαβεῖν τῶν ψήφων
pi%22y289z15,Παρέστησαν
pi%22y289z18,Προμαντεία
pi%22y289z21,Παραιτεῖσθαι
pi%22y289z22,Ποικίλον
pi%22y289z24,Παρεσπόνδησε
pi%22y289z25,Πρόβολοι
pi%22y289z26,Προβούλευμα
pi%22y289z31,Προβουλεύματα τίνα ἐστί
pi%22y290z1,Προπύλαια τί ἐστι
pi%22y290z3,Πρόφασις
pi%22y290z4,Πομπεῖα
pi%22y290z6,Πρέσβεις
pi%22y290z8,Πρόεδροι καὶ προεδρεύειν τί ἐστιν
pi%22y290z13,Παρακαταβολή καὶ παρακαταβάλλειν
pi%22y290z19,Παρακατάστασις
pi%22y290z23,Πιθάκνων
pi%22y290z25,Ποδοστράβη τί ἐστι
pi%22y290z27,Πολέμαρχος
pi%22y290z30,Προβόλιον
pi%22y290z33,Προμετρηταί
pi%22y291z3,Πρόθεσις
pi%22y291z4,"Πρυτάνεις τίνες εἰσί, καὶ πρυτανεύειν"
pi%22y291z11,Πρυτανεία τί ἐστι
pi%22y291z15,Πρυτανεῖα
pi%22y291z17,Πωληταὶ τίνες εἰσίν
pi%22y291z23,Πυροὶ ἐπικάλαμοι
pi%22y291z28,Προκαταβολή
pi%22y291z29,Παλίμβολος
pi%22y291z33,Πάτριος Ἀπόλλων Ἀθηναίοις διὰ τί ἐστιν
pi%22y292z7,Πενέσται
pi%22y292z10,Πάνδια
pi%22y292z12,Παρασκήνια
pi%22y292z15,Παράσημος ῥήτωρ
pi%22y292z19,Προπολέμια
pi%22y292z21,Ποδοκάκκη
pi%22y292z24,Παράβυστον
pi%22y292z26,Πυλαγόροι
pi%22y292z30,Πνύξ
pi%22y292z32,Περίπολος
pi%22y293z3,Πάραλος
pi%22y293z5,Προτέλεια
pi%22y293z7,Παρόδιος οἶκος
pi%22y293z9,Περισταλέντα
pi%22y293z10,Πλεκτάναι τίνες εἰσίν
pi%22y293z12,Παλαμναῖος
pi%22y293z13,Παίγνιον
pi%22y293z14,Πελινὸν τί ἐστι
pi%22y293z16,Παρορίζειν
pi%22y293z18,Πηλοὶ καὶ πίτυρα
pi%22y293z20,Πεφωριῶσθαι
pi%22y293z21,Πρεμνίζειν
pi%22y293z23,Προαγορεύειν τῷ μνήματι
pi%22y293z26,Προναία Ἀθηνᾶ
pi%22y293z29,Πρόσφατος
pi%22y293z32,Πεδίον
pi%22y294z1,Παράλιον
pi%22y294z3,Πρόσαντες
pi%22y294z6,Παλίσκιον
pi%22y294z7,Προηρόσια
pi%22y294z9,Παραπέτασμα
pi%22y294z12,Πατρίληκτος
pi%22y294z14,Προνάπης
pi%22y294z16,Πυῤῥιχισταί
pi%22y294z19,Πορισταί
pi%22y294z21,Προβατεία
pi%22y294z22,Περίδειπνον
pi%22y294z24,Προκώνια
pi%22y294z27,Πόπανον
pi%22y294z29,Πάγη
pi%22y294z30,Πλυνέας
pi%22y294z31,Προπάτωρ
pi%22y294z32,Προχοΐς
pi%22y295z1,Πεσσοί
pi%22y295z3,Προσχαριστήρια
pi%22y295z5,Πόλις
pi%22y295z7,Πυρκαϊά
pi%22y295z8,Πλινθεῖον
pi%22y295z9,Πλυνός
pi%22y295z10,Πυελίς
pi%22y295z11,Πλέθρον
pi%22y295z12,Παρ' ἵππον καὶ κόρην
pi%22y295z18,Παιπάλημα τί ἐστι
pi%22y295z21,Ποδεών
pi%22y295z23,Πυθαιός
pi%22y295z25,Ποικιλτής
pi%22y295z27,Πρώϊζον
pi%22y295z28,Περιγράψαι
pi%22y295z30,Πεντεκαιδεκαναΐα
pi%22y295z31,Παρίσωσις
pi%22y295z33,Παιάν
pi%22y296z4,Προστρόπαιος
pi%22y296z5,Παρακαλεῖν
pi%22y296z6,Περίστατοι
pi%22y296z8,Πρόπεμπτα
pi%22y296z12,Πορεῖον
pi%22y296z14,Πεδιακὰ πρόβατα
pi%22y296z17,Πλειστηριάσαντες
pi%22y296z19,Περιπετῆ
pi%22y296z21,Παιδιά
pi%22y296z22,Προβάτεια
pi%22y296z24,Περιττότης
pi%22y296z27,Περικόρημα
pi%22y296z30,Προεμπολεῖς
pi%22y296z31,Πανόπτης
pi%22y296z32,Παραστάται
pi%22y297z1,Περιστένεται
pi%22y297z3,Περιάμπεχε τὸ εὐτυχεῖν
pi%22y297z5,Ποδοκεῖν
pi%22y297z7,Προῦπτον
pi%22y297z8,Πελτασταί
pi%22y297z11,Πεντηκόνταρχος
pi%22y297z13,Παλαμναίους θεούς
pi%22y297z15,Πυανεψιών
pi%22y297z16,Ποσειδεών
pi%22y297z17,Παραγραφή
pi%22y297z20,Προσηλῶν
pi%22y297z21,Πεντηκοστεύονται καὶ τὸ πεντηκοστευόμενον
pi%22y297z27,Πυνθάνεσθαι
pi%22y297z30,Πατρῴων καὶ πατρίων καὶ πατρικῶν
pi%22y298z1,Πείσεται
pi%22y298z2,Προστάτην νέμειν
pi%22y298z5,Παταικίων
pi%22y298z7,Πρόσοδος
pi%22y298z10,Παιδάριον
pi%22y298z11,Πλεονεξία
pi%22y298z13,Παραφρυκτωρευόμενοι
pi%22y298z16,"Τὸν νοῦν προσέχειν, καὶ τί τὸ προσσχεῖν"
pi%22y298z20,Πεντακοσιομέδιμνοι
pi%22y298z22,Πεντηκόντοροι
pi%22y298z25,Πρόβουλοι
pi%22y298z27,Πρόξενοι καὶ ἰσοτελεῖς
pi%22y298z30,Προγραφήν
pi%22y298z32,Παράστασις
pi%22y299z3,Πινάκιον
pi%22y299z5,Προναία Ἀθηνᾶ
pi%22y299z8,Πύθιος καὶ Δήλιος Ἀπόλλων
pi%22y299z10,Πέλας
pi%22y299z11,Ποτνιᾶσθαι
pi%22y299z12,Πνύξ
pi%22y299z14,Παιωνία
pi%22y299z16,Πελαργικόν
rho%22y299z22,Ῥητορικὴν γραφήν καὶ ῥητορικὴν γραψάμενος
rho%22y299z27,Ῥῶπος
rho%22y299z28,Ῥυτὴρ τί ἐστιν
rho%22y299z31,Ῥυτὰ τί ἐστιν
rho%22y299z33,Ῥοδωνιά
rho%22y300z3,Ῥαψῳδοί καὶ ῥαψῳδοῦντες
rho%22y300z7,Ῥῆγμα
rho%22y300z8,Ῥᾳθυμεῖν
rho%22y300z10,Ῥαπίσαι
rho%22y300z12,Ῥόθιον
rho%22y300z13,Ῥᾳστώνη
sigma%22y300z17,Συνοίσειν
sigma%22y300z18,Σύνταξις
sigma%22y300z19,Σιτοφύλακες
sigma%22y300z23,Σκειραφεῖα
sigma%22y300z28,Συμμορία τί ἐστι
sigma%22y300z31,Συμμορίτης
sigma%22y300z32,Σύμβολον
sigma%22y301z4,Συνήγοροι
sigma%22y301z7,Σωφρονισταί
sigma%22y301z11,Σμήνη
sigma%22y301z13,Συγγραφεῖς
sigma%22y301z16,Σηράγγιον
sigma%22y301z19,Στεφανηφόρος ἥρως
sigma%22y301z23,Σαργάναι
sigma%22y301z25,Σκαφεῖον
sigma%22y301z26,Σιταρχία
sigma%22y301z27,Σπογγοκολυμβηταί
sigma%22y301z29,Στεφάνη
sigma%22y301z30,Σκαφεῖον
sigma%22y302z1,Σκαλμοὶ τίνες εἰσί
sigma%22y302z3,Σωλῆνες
sigma%22y302z5,Στρωτήρ
sigma%22y302z10,Στρόβιλοι
sigma%22y302z12,Στροβῶν
sigma%22y302z13,Στρέμμα
sigma%22y302z14,Σύνεδροι
sigma%22y302z16,Στυππεῖον
sigma%22y302z18,Σίσυφος
sigma%22y302z19,Στόμωμα
sigma%22y302z20,Σᾶ
sigma%22y302z21,Σκύτος
sigma%22y302z23,Σακχυφάνται
sigma%22y302z25,Στρεπτοί
sigma%22y302z26,Σχοινιοσυμβολεύς
sigma%22y302z28,Στεγανόμιον
sigma%22y302z30,Σιτοδοτούμενοι
sigma%22y302z31,Σκηνή
sigma%22y303z3,Σεμναὶ θεαί
sigma%22y303z4,Σπερμολόγος
sigma%22y303z5,Στλεγγιδοποιός
sigma%22y303z7,Στυράκιον
sigma%22y303z10,Στυρβάσαι
sigma%22y303z11,Σταθμοί
sigma%22y303z12,Στρωματοδεσμός
sigma%22y303z14,Σταφυλοβόλιον
sigma%22y303z19,Σπονδοφόροι
sigma%22y303z21,Συσσίτια
sigma%22y303z23,Σανίς
sigma%22y303z25,Συλλήβδην
sigma%22y303z27,Σῦλα δοῦναι κατὰ τῆς Χαλκηδονέων πόλεως
sigma%22y303z29,Σκευοθῆκαι
sigma%22y303z32,Σιπύα
sigma%22y304z1,Συνέσκληκεν
sigma%22y304z2,Σκειρά
sigma%22y304z4,Συλλογεῖς
sigma%22y304z6,Σκηνευτής
sigma%22y304z8,Σκειρὰς Ἀθηνᾶ
sigma%22y304z13,Σκορακίζονται
sigma%22y304z14,Σπαργανώματα
sigma%22y304z17,Σφακελίσαι
sigma%22y304z18,Σηκός
sigma%22y304z21,Σκιροφοριών
sigma%22y304z22,Συνέφηβος
sigma%22y304z23,Στάμνους οἴνου ἐξεστηκότος
sigma%22y304z27,Σκαφηφορεῖν
sigma%22y304z30,Συκοφαντεῖν
sigma%22y305z1,Ἡ ἀπὸ Σκυθῶν ῥῆσις τί ἐστιν
sigma%22y305z5,Σφάκελος
sigma%22y305z7,Σταθερόν
sigma%22y305z9,Σαμοθρᾴκη διὰ τί καλεῖται
sigma%22y305z12,Συνετιμήθη
sigma%22y305z13,Σοβαρός
sigma%22y305z14,Συσσημαίνεσθαι
sigma%22y305z15,Σύνδικος
sigma%22y305z16,Συγγενής
sigma%22y305z18,Σαπροί
sigma%22y305z19,Σκάνδιξ
sigma%22y305z20,Στατῶν
sigma%22y305z22,Σκιρίτης τί ἐστι
sigma%22y305z25,Σταφυλοδρόμοι
sigma%22y305z31,Στεμματιαῖον
tau%22y306z3,Τάλαντα
tau%22y306z7,Ταμίαι τίνες εἰσὶ καὶ πόσοι
tau%22y306z12,Ταξίαρχοι τίνες εἰσὶ καὶ πόσοι
tau%22y306z15,Τεσσαράκοντα τίνες εἰσίν
tau%22y306z19,Τρίτον ἡμίδραχμον
tau%22y306z22,Τριακόσιοι τίνες εἰσίν
tau%22y306z24,Τριττύς
tau%22y306z25,Τριττύαρχοι
tau%22y306z26,Τριτημόριον
tau%22y306z27,Τρικέφαλος
tau%22y306z28,Τροχισθεῖσα
tau%22y306z31,Τελεσιαζόμενα
tau%22y306z32,Τριτόμηνις
tau%22y307z1,Τραπεζοφόρος
tau%22y307z3,Τρίβαλλος
tau%22y307z5,Ταλασία
tau%22y307z7,Τρίγλυφοι
tau%22y307z9,Τρόπεις τίνες εἰσί
tau%22y307z12,Τρίγωνον
tau%22y307z13,Τετράδραχμον
tau%22y307z15,Τέλματα
tau%22y307z16,Τριπάτορες
tau%22y307z18,Τετρυπημένη ψῆφος
tau%22y307z23,Τραγικὸς Θεοκρίνης
tau%22y307z27,Τιμαγόρας
tau%22y307z30,Τοὖψον τί ἐστιν
tau%22y307z31,Τηλία
tau%22y308z1,Ταφέας τίνας λέγει
tau%22y308z3,Ταινίας
tau%22y308z4,Τύλιος
tau%22y308z5,Τριακάδας
tau%22y308z6,Τυφεῖν
tau%22y308z7,Τέλη
tau%22y308z10,Τετύφωμαι τί ἐστι
tau%22y308z13,Τυρεύειν
tau%22y308z15,Τρυτάνη
tau%22y308z16,Τιπαγίδαι τίνες εἰσὶ καὶ Θαρδαΐων
tau%22y308z18,Τοπεῖον τί ἐστι καὶ τριπτῆρες
tau%22y308z25,Τέρας
tau%22y308z27,Τύρβη
tau%22y308z28,τὴν ἐπὶ τοῖς μέρεσι καλουμένην μάχην τίνα λέγει
tau%22y309z3,Τύμβος
tau%22y309z5,Τριοδίτας
tau%22y309z6,Τροπωτῆρες
tau%22y309z8,Τραγῳδοῖσι
tau%22y309z13,Τελεσφορίαν
tau%22y309z14,Τὸ τάριχος
tau%22y309z16,Τέναγος
tau%22y309z17,Τέμενος Μητιόχου
tau%22y309z20,Τάχα
tau%22y309z23,Τέως
tau%22y309z25,Τρίγωνον
tau%22y309z27,Τίμιον
tau%22y309z28,Τετραδισταί
tau%22y309z29,Τήθη
tau%22y309z30,Τηθίς
tau%22y309z31,Τριταγωνιστής
tau%22y309z33,Τίνες ποίων δικαστηρίων εἶχον τὴν ἡγεμονίαν
tau%22y310z28,Ἐν ποίοις δικαστηρίοις τίνες λαγχάνονται δίκαι;
tau%22y311z23,Τί ἐστιν ἀμφιορκία
upsilon%22y311z28,Ὑπερήμεροι καὶ ὑπερημερία τί ἐστιν
upsilon%22y311z33,Ὑποβολῆς γραφὴ τί ἐστιν
upsilon%22y312z3,Ὑποστείλασθαι τί ἐστιν
upsilon%22y312z5,Ὑποκυδεῖς τίνες εἰσί
upsilon%22y312z6,Ὑπογενειάζων
upsilon%22y312z8,Ὑπόλογον
upsilon%22y312z10,Ὑφορμισάμενος
upsilon%22y312z11,Ὑπομνήστριαι τίνες εἰσίν
upsilon%22y312z13,Ὕπερα
upsilon%22y312z16,Ὑδρορόη
upsilon%22y312z17,Ὑμέναιος
upsilon%22y312z19,Ὑποτροπιαζούσης
upsilon%22y312z21,Ὑπωπιάζων
upsilon%22y312z22,Ὑπόθεσις
upsilon%22y312z24,Ὑποτείνουσιν
upsilon%22y312z25,Ὑπεκήρυξε
upsilon%22y312z27,Ὑπηρέσιον
upsilon%22y312z29,Ὑπερίστορα
upsilon%22y312z30,Ὕβρις
upsilon%22y312z31,Ὑφήγησις
upsilon%22y313z3,Ὑπὸ μάλης
upsilon%22y313z5,Ὑποφόνια
upsilon%22y313z8,Ὑπωμοσία
upsilon%22y313z13,Ὑγεία τί ἐστι
upsilon%22y313z15,Ὑπόγυον
phi%22y313z19,Φενακίζειν
phi%22y313z20,Φαίνειν
phi%22y313z26,Φθόη τίς ἐστιν
phi%22y313z27,Φράτορες καὶ φρατορία καὶ φρατορίαρχος
phi%22y313z32,Φύλαρχος
phi%22y314z3,Φιμοί
phi%22y314z4,Φασκώλιον
phi%22y314z7,Φυλλίδαι τί ἐστιν
phi%22y314z9,Φορβαντεῖον
phi%22y314z11,Φαιδρυντής
phi%22y314z13,Φροῦδος
phi%22y314z14,Φραγμός
phi%22y314z16,Φαρμακοτρίπται
phi%22y314z18,Φαλάγγιον
phi%22y314z19,Φώκη
phi%22y314z20,Φαρμακοπῶλαι
phi%22y314z21,Φιλοσόφημα
phi%22y314z22,Φερεφαττεῖον
phi%22y314z23,Φαρμακῶντα
phi%22y314z24,Φιλάμμων
phi%22y314z26,Φρυνώνδας
phi%22y314z28,Φιλοτησία
phi%22y314z30,Φωρᾷν
phi%22y314z31,Φόρεινα
phi%22y314z32,Φοίνικες
phi%22y315z1,Φαῦλον
phi%22y315z7,Φορμός
phi%22y315z10,Φέλλερα
phi%22y315z11,Φηλώματα
phi%22y315z14,Φωρῶν λιμένα
phi%22y315z16,Φάσις
phi%22y315z20,Φιλουργός
phi%22y315z21,Φράτορες
phi%22y315z22,Φαρμακός
phi%22y315z23,Φιλόνεικος
phi%22y315z24,Φιλότιμος
phi%22y315z26,Φρυκτός
chi%22y315z30,Χιλιωθέντα
chi%22y315z31,Χλίδος τί ἐστιν
chi%22y316z1,Χρήστης
chi%22y316z3,Χρυσοχοεῖν ἐμάνθανε τί ἐστι
chi%22y316z5,Χύτροι τίνες εἰσίν
chi%22y316z8,Χοίνικες
chi%22y316z10,Χόες
chi%22y316z11,Χωρὶς οἰκοῦντες
chi%22y316z14,Χρυσίδες τίνες λέγονται
chi%22y316z15,Χῶμα τί ἐστιν
chi%22y316z16,Χειμάδια
chi%22y316z18,Χωράρχαι
chi%22y316z19,Χόρειον
chi%22y316z20,Χάρακες
chi%22y316z21,Χαρακτήρ
chi%22y316z22,Χρηματίζεσθαι
chi%22y316z23,Χαλκῶ
chi%22y316z25,Χάλαζα
chi%22y316z27,Χρημάτων
chi%22y316z31,Χέρνιψ
chi%22y317z2,Χρηματισάμενοι
psi%22y317z3,Ψευδοκλησίας
psi%22y317z7,Ψευδεγγραφή
psi%22y317z11,Ψιθυριστὴς Ἑρμῆς
psi%22y317z18,Ψωφίς
psi%22y317z19,Ψυχάζουσιν
psi%22y317z21,Ψυχαγώγιον
psi%22y317z26,Ψαιστά
psi%22y317z28,Ψύχουσιν οἶνον
omega%22y317z32,Ὠιδεῖον
omega%22y318z3,Ὤκιμον
omega%22y318z4,Ὦ τάν
omega%22y318z5,Ὤγανον
omega%22y318z6,Ὥδησα
omega%22y318z7,Ὤκλαζε
omega%22y318z8,Ὠλένιον
omega%22y318z9,Ὠλεσίοικοι
omega%22y318z10,Ὠλίγγην
omega%22y318z15,Ὠμοργές
omega%22y318z17,Ὠμήλυσις
omega%22y318z19,Ὠμοκυδιᾷ
omega%22y318z20,Ὡς σέλινος ἀναβάλλει τὸν τόκον
omega%22y318z22,Ὠσχοί
omega%22y318z27,Ὠσχοφορίον
