alpha%22y1,Ἀγαθόν
alpha%22y1,Ἀρετή
alpha%22y2,Ἄφενος
alpha%22y2,Αὖος
alpha%22y3,Ἀπερείσια
alpha%22y3,Ἄναυρος
alpha%22y3,Ἄνθος
alpha%22y3,Ἀγαυός
alpha%22y3,Ἁβρός
alpha%22y3,Ἀκέων
alpha%22y4,Ἄχος
alpha%22y4,Ἄρνυσθαι
alpha%22y4,Ἀταρτηρός
alpha%22y4,Ἀπούρας
alpha%22y5,Ἀτρεκές
alpha%22y5,Ἀμφισβητεῖν
alpha%22y5,Αἰγίς
alpha%22y5,Ἄρουραν
alpha%22y5,Ἀθέσφατον
alpha%22y5,Ἄελλα
alpha%22y5,Ἀγέρωχος
alpha%22y5,Αἶψα
alpha%22y5,Αἰπόλος
alpha%22y6,Ἄτη
alpha%22y6,Αἰγιαλός
alpha%22y6,Ἀλαλητός
alpha%22y6,Ἀλυσκάζειν
alpha%22y6,Ἀλύειν
alpha%22y6,Ἀσκός
alpha%22y7,Ἀβληχρόν
alpha%22y7,Ἄλθετο
alpha%22y7,Ἄχνη
alpha%22y7,Ἀχυρμιαί
alpha%22y7,Ἅλιον
alpha%22y7,Ἀντίβιον
alpha%22y7,Ἀντιβολῆσαι
alpha%22y7,Ἀμφιλύκη
alpha%22y7,Ἀσχαλάαν
alpha%22y7,Ἀτυχθείς
alpha%22y8,Ἀκήν
alpha%22y8,Ἀζηχές
alpha%22y8,Ἀπεκαίνυτο
alpha%22y8,Ἀλδαίνειν
alpha%22y8,Ἀκιδνοί
alpha%22y8,Ἅψεα
alpha%22y8,Αἱμασιά
alpha%22y8,Ἄλεισον
alpha%22y8,Ἄμυστις
alpha%22y8,Αἶσα
alpha%22y8,Ἀρνεῖσθαι
alpha%22y8,Ἀράχνια
alpha%22y9,Αἰπύς
alpha%22y9,Αἰπὰ
alpha%22y9,Ἀθερίζειν
alpha%22y9,Ἄμη
alpha%22y9,Ἀσκελὲς
alpha%22y9,Ἀθηρῆ
alpha%22y10,Ἀποβρίξαι
alpha%22y10,Ἀλαᾶσαι
alpha%22y10,Ἀλωή
alpha%22y10,Ἀκτή
alpha%22y10,Ἀμαυρόν
alpha%22y10,Ἀσάμινθος
alpha%22y10,Ἄμπελος
alpha%22y11,Ἀποφώλια
alpha%22y11,Αὖον
alpha%22y11,Ἀρά
alpha%22y11,Ἀχλύς
alpha%22y11,Ἄπιος
alpha%22y11,Ἀφλοισμός
alpha%22y11,Ἀκήν
alpha%22y11,Ἀτύζεσθαι
alpha%22y11,Ἄμυδις
alpha%22y11,Ἄντυγες
alpha%22y11,Ἀμάρα
alpha%22y11,Ἀράβησεν
alpha%22y12,Ἄκος
alpha%22y12,Ἀσφάραγον
alpha%22y12,Ἀφάρτεροι
alpha%22y12,Αἱμύλος
alpha%22y12,Ἄνεμοι
alpha%22y13,Ἀπηλεγέως
alpha%22y13,Ἄμαθος
alpha%22y13,Ἀλκύων
alpha%22y13,Ἀσύφηλον
alpha%22y13,Ἀβροτάξομεν
alpha%22y13,Ἀφυσγετόν
alpha%22y13,Ἁλῶναι
alpha%22y13,Ἀμέρδω
alpha%22y13,Αὐλός
alpha%22y13,Ἀστεροπή
alpha%22y13,Ἀζηχής
alpha%22y13,Ἀσπαστός
alpha%22y14,Ἀγαυρός
alpha%22y14,Ἄῤῥην
alpha%22y14,Αἰώρα
alpha%22y14,Ἀμβλύς
alpha%22y14,Αὖρα
alpha%22y14,Ἀνάγκη
alpha%22y14,Ἄγγος
alpha%22y14,Ἀγρός
alpha%22y14,Ἀβλεμέως
alpha%22y14,Ἀκμή
alpha%22y14,Αὔριον
alpha%22y14,Ἀφορδία
alpha%22y15,Ἀφυσγετός
alpha%22y15,Ἄγχειν
alpha%22y15,Ἀχανής
alpha%22y15,Ἀκρίς
alpha%22y15,Ἀσκληπιός
alpha%22y15,Ἄστρον
alpha%22y15,Ἀμαλδῦναι
alpha%22y15,Ἄνδηρα
alpha%22y15,Αἰδοῖα
alpha%22y16,Ἀστράγαλος
alpha%22y16,Αἷμα
alpha%22y16,Ἄνθρωπος
alpha%22y16,Ἄναξ
alpha%22y16,Ἀνήρ
alpha%22y16,Ἀνθερεών
alpha%22y17,Αὐχήν
alpha%22y17,Ἀρτηρία
alpha%22y17,Ἀγοστός
alpha%22y17,Ἀγκών
alpha%22y17,Ἀράχις
alpha%22y17,Αἴγειρος
alpha%22y17,Ἄτρακτος
alpha%22y17,Ἄνω
alpha%22y17,Ἀστεροπή
alpha%22y17,Ἄορες
alpha%22y18,Αἶρα
alpha%22y18,Ἀλλότριος
alpha%22y18,Ἀνία
alpha%22y18,Ἀκριβής
alpha%22y18,Ἀμφιτρίτη
alpha%22y18,Ἀμείνων
alpha%22y18,Ἀρειή
alpha%22y18,Ἀτειρής
alpha%22y18,Ἄβαξ
alpha%22y18,Ἀγρυπνία
alpha%22y18,Ἀχαῖα
alpha%22y19,Ἄρης
alpha%22y19,Ἀὴρ
alpha%22y19,Ἀμβροσία
alpha%22y19,Ἀγγεῖον
alpha%22y19,Ἄγκη
alpha%22y19,Ἀχλύς
alpha%22y19,Ἀήτης
alpha%22y19,Ἀμνός
alpha%22y19,Ἀσπάζεσθαι
alpha%22y19,Ἄλα
alpha%22y19,Ἀβροτάξαι
alpha%22y19,Ἄτλας
alpha%22y19,Ἀκολασία
alpha%22y19,Ἄνεως
alpha%22y20,Ἀττικῶς
alpha%22y20,Ἄχερδος
alpha%22y20,Ἀμέρδω
alpha%22y20,Ἀκμή
alpha%22y20,Ἀσκελές
alpha%22y20,Ἄσωτος
alpha%22y20,Ἅμαξα
alpha%22y20,Ἄρδην
alpha%22y20,Αἴγλη
alpha%22y20,Αὐλή
alpha%22y20,Ἄγκος
alpha%22y20,Ἄμωτον
alpha%22y20,Ἀχανές
alpha%22y20,Ἀσχαλάαν
alpha%22y21,Ἀποδρᾶν
alpha%22y21,Ἀϊδνός
alpha%22y21,Αἴσυλος
alpha%22y21,Ἀφρός
alpha%22y21,Ἀκέραιος
alpha%22y21,Ἀλαός
alpha%22y21,Ἄρτος
alpha%22y21,Ἀκόλαστος
alpha%22y21,Ἄῤῥωστος
alpha%22y22,Ἀχρεῖον
alpha%22y22,Ἀκωκή
alpha%22y22,Ἀμέγαρτον
alpha%22y22,Ἀγυιά
alpha%22y22,Ἀλέκτωρ
alpha%22y22,Ἀκροῶ
alpha%22y22,Ἀκόνη
alpha%22y22,Ἀπτήν
alpha%22y22,Ἀκτίς
alpha%22y22,Ἀκῶ
alpha%22y22,Ἀθῶος
alpha%22y23,Ἀδολεσχεῖν
alpha%22y23,Ἀείδηλον
alpha%22y23,Ἄλεισον
alpha%22y23,Ἄχνη
alpha%22y23,Ἀληθής
alpha%22y23,Ἀμαρύσσειν
alpha%22y23,Ἀποκναίω
alpha%22y23,Ἀλαλάζειν
alpha%22y24,Αἴξ
alpha%22y24,Ἅρπη
alpha%22y24,Ἀοίδιμος
alpha%22y24,Ἄχραντος
alpha%22y24,Ἀκαλαρείτα
alpha%22y24,Ἄκατος
alpha%22y24,Αἴγισθος
alpha%22y24,Ἀριδείκτος
alpha%22y24,Ἀδευκὴς
alpha%22y24,Ἀμαλδῦναι
alpha%22y25,Ἀποφράζω
alpha%22y25,Ἀμφικτύονες
alpha%22y25,Ἄφνω
alpha%22y25,Ἄριστος
alpha%22y25,Ἄδην
alpha%22y25,Ἀποθανεῖν
alpha%22y25,Ἀνέδην
alpha%22y25,Ἀγνοῶ
alpha%22y25,Ἄχνυμαι
alpha%22y26,Ἄνασσα
alpha%22y26,Ἄκρατος
alpha%22y26,Ἀλίαστος
alpha%22y26,Ἀλινόμενον
alpha%22y26,Ἁδρός
alpha%22y26,Ἆσθμα
alpha%22y26,Ἀριθμός
alpha%22y26,Ἀνήκεστος
alpha%22y26,Ἄδης
alpha%22y26,Ἀπινύσσειν
alpha%22y27,Ἅλις
alpha%22y27,Ἄγυρις
alpha%22y27,Ἅζομαι
alpha%22y27,Ἄζω
alpha%22y27,Ἀσπασίως
alpha%22y27,Ἀντίον
alpha%22y27,Ἀλκή
alpha%22y28,Ἀηδών
alpha%22y28,Ἀποσκύδμαινε
alpha%22y28,Ἀμύμων
alpha%22y28,Ἅρπυια
alpha%22y28,Ἀθρόως
alpha%22y28,Ἀνεψιός
alpha%22y28,Αὐγή
alpha%22y28,Ἀμενηνός
alpha%22y28,Ἀκρέμων
alpha%22y29,Ἀγαθός
alpha%22y29,Ἀσπίς
alpha%22y29,α
alpha%22y29,Ἀεικέλιος
alpha%22y29,Ἁπαλός
alpha%22y29,Ἀελλής
alpha%22y29,Ἀττική
alpha%22y30,Ἄφαρ
alpha%22y30,Ἀείδω
alpha%22y30,Ἀτρεύς
alpha%22y30,Ἀγριώτης
alpha%22y30,Ἀγαυός
alpha%22y30,Ἀσκληπιός
alpha%22y30,Ἀλίβας
alpha%22y30,Ἄμπελος
alpha%22y30,Ἀμύγδαλα
alpha%22y30,Ἀϋτμή
alpha%22y30,τ
alpha%22y30,Ἀμβροσία
alpha%22y31,Ἀναλογία
alpha%22y31,Ἀκρεφνές
alpha%22y31,Ἀγγεῖλαι
alpha%22y31,Ἄμυδις
alpha%22y31,Ἀμφωρεὺς
alpha%22y32,Ἅρμα
alpha%22y32,Ἀλιτήριος
beta%22y31,Βιός
beta%22y31,Βοιωτία
beta%22y31,Βασαρίδες
beta%22y31,Βίος
beta%22y31,Βλεμεαίνων
beta%22y32,Βράσων
beta%22y32,Βουκόλον
beta%22y32,Βότρυς
beta%22y32,Βάναυσος
beta%22y32,Βητάρμων
beta%22y32,Βραβευταί
beta%22y33,Βυσσοδομεύειν
beta%22y33,Βία
beta%22y33,Βαλβίς
beta%22y33,Βάσκανος
beta%22y33,Βάκχος
beta%22y33,Βάπτω
beta%22y33,Βλάξ
beta%22y33,Βουβών
beta%22y33,Βροτός
beta%22y34,Βρέγμα
beta%22y34,Βόστρυχοι
beta%22y34,Βολβός
beta%22y34,Βλέφαρα
beta%22y34,Βραχίονες
beta%22y34,Βρεχμός
beta%22y34,Βραδύς
beta%22y34,Βάτραχος
beta%22y34,Βινεῖν
beta%22y35,Βορέας
beta%22y35,Βροντή
beta%22y35,Βλαστός
beta%22y35,Βρέφος
beta%22y35,Βράγχος
beta%22y35,Βῶλος
beta%22y35,Βλωθρή
beta%22y35,Βλωμός
beta%22y35,Βλάπτω
beta%22y35,Βρώμη
beta%22y35,Βδέλλα
beta%22y36,Βάθι
beta%22y36,Βρενθύεται
beta%22y36,Βέλτερος
beta%22y36,Βόθυνος
beta%22y36,Βρόχος
beta%22y36,Βαμβαίνω
beta%22y37,Βάζειν
beta%22y37,Βάβαξ
beta%22y37,Βᾶθρον
beta%22y37,Βλώσκω
beta%22y37,Βρῶμα
beta%22y37,Βορά
beta%22y37,Βολβός
beta%22y38,Βρόγχος
beta%22y38,Βουλή
beta%22y38,Βάζω
beta%22y38,Βάδεα
beta%22y38,Βαῦνοι
beta%22y38,Βυθός
gamma%22y37,Γέφυρα
gamma%22y37,Γνόφος
gamma%22y37,Γνύξ
gamma%22y38,Γλωχίν
gamma%22y38,Γνῶστις
gamma%22y38,Γυμνάσια
gamma%22y38,Γουνὸς
gamma%22y39,Γαμβρός
gamma%22y39,Γαστήρ
gamma%22y39,Γλουτοί
gamma%22y39,Γόνυ
gamma%22y39,Γάλα
gamma%22y39,Γυνή
gamma%22y39,Γωγυῖα
gamma%22y39,Γυῖα
gamma%22y39,Γλήνη
gamma%22y40,Γλαυκός
gamma%22y40,Γνάθος
gamma%22y40,Γένυς
gamma%22y40,Γένειον
gamma%22y40,Γεγωνεῖν
gamma%22y40,Γράστις
gamma%22y40,Γλίχεσθαι
gamma%22y40,Γρίπος
gamma%22y40,Γείτων
gamma%22y40,Γάδειρα
gamma%22y40,Γαιήοχος
gamma%22y40,Γῆρας
gamma%22y41,Γαλήνη
gamma%22y41,Γέρανος
gamma%22y41,Γαῦρος
gamma%22y41,Γρυπός
gamma%22y41,Γαγγαλίζεσθαι
gamma%22y41,α
gamma%22y41,Γαμψός
gamma%22y41,Γαλαθηνός
gamma%22y41,Γέρας
gamma%22y41,Γομφίος
gamma%22y42,Γαμφολή
gamma%22y42,Γάνος
gamma%22y42,Γωρητός
gamma%22y42,Γαστήρ
gamma%22y42,Ἔντο
gamma%22y42,Γωνία
gamma%22y42,Γινώσκω
gamma%22y42,Γνώμη
gamma%22y42,Γάμος
gamma%22y42,Γέῤῥα
gamma%22y42,Γλαφόν
gamma%22y43,Γραῦς
gamma%22y43,Γύαλον
gamma%22y44,Γαυλός
gamma%22y44,Γαγγεῖον
gamma%22y44,Γάγγαμος
gamma%22y44,Γρώνη
gamma%22y44,Γυρῖνοι
gamma%22y44,Γνόφος
delta%22y43,Δαφοινός
delta%22y43,Δῶρον
delta%22y43,Δέπας
delta%22y43,Δνοφερόν
delta%22y43,δ
delta%22y43,Δαιμόνιος
delta%22y43,Δοῦπος
delta%22y43,Δειλός
delta%22y44,Δινατή
delta%22y44,Δίφρος
delta%22y44,Δεύτατος
delta%22y44,Δίσκος
delta%22y44,Δέμνια
delta%22y44,Δαρδάπτουσιν
delta%22y44,Δόρυ
delta%22y44,Δεῖπνον
delta%22y45,Δαλός
delta%22y45,Διάκτορος
delta%22y45,Δέλεαρ
delta%22y45,Δημός
delta%22y45,Δακτύλιος
delta%22y45,Δελφύς
delta%22y45,Διαίνει
delta%22y45,Δέρματα
delta%22y45,Δάκρυον
delta%22y46,Δάκτυλοι
delta%22y46,Δεξιά
delta%22y46,Δραθεῖν
delta%22y46,Διφᾶν
delta%22y46,Δεινός
delta%22y46,Δείλη
delta%22y46,Δίκτυον
delta%22y46,Δημήτηρ
delta%22y46,Διώνη
delta%22y46,Δελφίνιος
delta%22y47,Δεύειν
delta%22y47,Δικαιοσύνη
delta%22y47,Δρόσος
delta%22y47,Δυάς
delta%22y47,Δυάζειν
delta%22y47,Δεσπότης
delta%22y47,Δραπέτης
delta%22y47,Δέρτερον
delta%22y47,Δίκη
delta%22y48,Διερός
delta%22y48,Διαμπερὲς
delta%22y48,Ωʹς
delta%22y48,ω
delta%22y48,Δᾴς
delta%22y48,Διάκονος
delta%22y48,Δύσκολος
delta%22y48,Δήνεια
delta%22y48,δ
delta%22y48,Δοίδυξ
delta%22y49,Δύστηνος
delta%22y49,Δάπτειν
delta%22y49,Δοῦλος
delta%22y49,Δαιταλεύς
delta%22y49,Δαπάνη
delta%22y49,Δάκνω
delta%22y49,Δέχνυμαι.
delta%22y49,Δέσποινα
delta%22y49,Διαῤῥήδην
delta%22y49,Δῖος
delta%22y50,Διάκτορος
delta%22y50,Δόξα
delta%22y50,Δεῖος
delta%22y50,Δόμος
delta%22y50,Δεσμός
delta%22y50,Δῆμος
delta%22y50,Δῆρις
delta%22y50,Δαύω
delta%22y50,Δῖος
epsilon%22y51,Ἐέλδω
epsilon%22y51,Ἐγγυαλίξαι
epsilon%22y51,Ἐπασσώτερος
epsilon%22y51,Εὐνή
epsilon%22y51,Ἐπίῤῥοθος
epsilon%22y51,Ἐπίσατρα
epsilon%22y51,Ἐμμαπέως
epsilon%22y51,Ἐρεπόμενοι
epsilon%22y51,Ἐνιαυτός
epsilon%22y51,Ἐρεχθεύς
epsilon%22y51,Ἔτησιν
epsilon%22y51,Ἑρμῶνες
epsilon%22y52,Εἴρεος
epsilon%22y52,Ἐξεισία
epsilon%22y52,Ἐρημνή
epsilon%22y52,Εὐλαί
epsilon%22y52,Ἔνεροι
epsilon%22y52,Ἐδρύφθη
epsilon%22y52,Εὔληρα
epsilon%22y52,Ἔνδινα
epsilon%22y52,Ἔντεα
epsilon%22y52,Ἕως
epsilon%22y53,Ἐπηγκενίδες
epsilon%22y53,Εὖρος
epsilon%22y53,Ἐπωγαί
epsilon%22y53,Εὐχή
epsilon%22y53,Ἐπισκύσαι
epsilon%22y53,Ἐρίηρες
epsilon%22y53,Εἴδατα
epsilon%22y53,Ἔθειραι
epsilon%22y53,Ἐλεόν
epsilon%22y53,Ἐπισχερῶ
epsilon%22y54,Εὐράξ
epsilon%22y54,Ἔπαλξις
epsilon%22y54,Ἐρικεῖν
epsilon%22y54,Εἶλαρ
epsilon%22y54,Ἑδανόν
epsilon%22y54,Ἑανόν
epsilon%22y54,Ἐφετμή
epsilon%22y54,Ἐέρσαι
epsilon%22y54,Ἑρμῆς
epsilon%22y54,Ἐγνηής
epsilon%22y54,Ἐρυμνή
epsilon%22y54,Εὔκηλος
epsilon%22y54,Ἔλεγχος
epsilon%22y55,Ἕρκος
epsilon%22y55,Ἐνίπτω
epsilon%22y55,Ἐξετάζω
epsilon%22y55,Ἐμπέραμος
epsilon%22y55,Εἱμαρμένη
epsilon%22y55,Εἰσμερνή
epsilon%22y55,Ἐπίῤῥησις
epsilon%22y56,Ἔντερα
epsilon%22y56,Ἔμβρυον
epsilon%22y56,Ἐπίπλους
epsilon%22y56,Ἐπιγονατίς
epsilon%22y56,Ἐπιγουνίς
epsilon%22y56,Ἔαρ
epsilon%22y56,Εἶδος
epsilon%22y57,Ἐγκέφαλος
epsilon%22y57,Ἔδνον
epsilon%22y57,Ἐκεῖθεν
epsilon%22y57,θεν
epsilon%22y57,Ἐτήτυμον
epsilon%22y57,Ἐρινύες
epsilon%22y57,Ἐρωδιός
epsilon%22y57,διος
epsilon%22y57,Ἔκπλαγον
epsilon%22y57,Ἐχθρός
epsilon%22y57,Εὖνις
epsilon%22y58,Ἐλαφρός
epsilon%22y58,Εἴρων
epsilon%22y58,Εἰλικρινής
epsilon%22y58,Ἔλεγος
epsilon%22y58,Ἐπιστάτης
epsilon%22y58,Εὐώνυμος
epsilon%22y58,Εὐδία
epsilon%22y58,Εὐφρόνη
epsilon%22y58,Ἑσπέρα
epsilon%22y58,Ἐλπίς
epsilon%22y58,Ἕρπυλος
epsilon%22y58,Εὐνοῦχος
epsilon%22y59,Εἴρα
epsilon%22y59,Ἕωλον
epsilon%22y59,Ἐξέτρω
epsilon%22y59,Ἐρέτης
epsilon%22y59,Ἐρωτῶ
epsilon%22y59,Εὐθημοσύνη
epsilon%22y59,Ἐρωή
epsilon%22y59,Ἐπίσσωτρον
epsilon%22y59,Ἑτερόγναθος
epsilon%22y59,Ἐτεόν
epsilon%22y59,Ἐπιτάξ
epsilon%22y60,Ἔναρα
epsilon%22y60,Ἔνδιος
epsilon%22y60,Ἐσμὸς
epsilon%22y60,Ἐΰς
epsilon%22y60,Ἐϋῤῥεῖος
epsilon%22y60,Ἔπος
epsilon%22y60,Εὐτράπελος
epsilon%22y60,Ἐσθής
epsilon%22y60,Ἐδωδή
epsilon%22y60,Ἐγκονεῖν
epsilon%22y60,Ἕδη
epsilon%22y60,Ἐνέδραι
epsilon%22y60,Ἑδώλια
epsilon%22y60,Ἔριον
epsilon%22y61,Ἐρετμός
epsilon%22y61,Ἐπητής
epsilon%22y61,Ἑρπετόν
epsilon%22y61,Ἐσσήν
epsilon%22y61,Ἔκπαγλος
epsilon%22y61,Ἔκδικος
epsilon%22y61,Ἐγγυτέρω
epsilon%22y61,Ἐρινεός
epsilon%22y61,Ἐπιεική
epsilon%22y61,Εἰρήνη
epsilon%22y61,Εἰλείσθη
epsilon%22y61,Εἴκελος
epsilon%22y62,Ἑδανόν
epsilon%22y62,Εὐμαρής
epsilon%22y62,Ἐγγύη
epsilon%22y62,Ἔρεβος
epsilon%22y62,Εἰδαλίμας
epsilon%22y62,Ἐνυάλιος
epsilon%22y62,Ἐντροπαλιζόμενος
epsilon%22y63,Ἐναλίγκιος
epsilon%22y63,Ἐκάπυσσεν
epsilon%22y63,Εἱρκτή
epsilon%22y63,Ἐπικουρεῖν
epsilon%22y63,Ἐπιορκεῖν
epsilon%22y63,Ἐξαίσιον
epsilon%22y63,Ἔναγχος
epsilon%22y63,Εἶδος
epsilon%22y63,Ἕρματα
epsilon%22y63,Ἐλύσθη
epsilon%22y63,Ἔλυτρον
epsilon%22y63,Ἑρμαίας
epsilon%22y63,Ἐριούνιος
epsilon%22y64,Εἷμα
epsilon%22y64,Ἐλεφέρω
epsilon%22y64,Ἔρδω
epsilon%22y64,Ἐλάπη
epsilon%22y64,Ἔγχελυς
epsilon%22y64,Ἐάφθη
epsilon%22y64,Ἐπίθημα
epsilon%22y64,Ἐπίμιξ
epsilon%22y64,Ἐπητύος
epsilon%22y64,Εὖρος
epsilon%22y64,Ἐάλη
epsilon%22y65,Ἐκεχειρία
epsilon%22y65,Ἔμπλην
epsilon%22y65,Ἐξαυστηρίκυω
epsilon%22y65,Ἐπυράκτεον
epsilon%22y66,Ἑταῖρος
epsilon%22y66,Ἐλαύνω
epsilon%22y66,Ἑληθερεύς
epsilon%22y66,Εἰλυφάζει
epsilon%22y66,Ἐπίουρος
epsilon%22y66,Ἑορτή
epsilon%22y66,Ἔριθος
epsilon%22y66,Ἐλιδανός
zeta%22y65,Ζαφελῶς
zeta%22y65,Ζῶον
zeta%22y65,Ζεύς
zeta%22y66,Ζέφυρος
zeta%22y66,Ζάφελος
zeta%22y67,Ζαχρείης
zeta%22y67,Εἰρά
zeta%22y68,Ζεύγλη
zeta%22y68,Ζωρότερον
zeta%22y68,Ζαθέη
eta%22y67,Ἡνίαι
eta%22y67,Ἠερία
eta%22y67,Ἡνίοχος
eta%22y67,Ἠλεμάτως
eta%22y67,Ἠλίβατος
eta%22y67,Ἠερέθονται
eta%22y67,Ἠϊόνες
eta%22y67,Ἠλακάτη
eta%22y67,Ἤμβροτες
eta%22y67,Ἦτορ
eta%22y67,Ἠβαιόν
eta%22y67,Ἧπαρ
eta%22y67,Ἦρι
eta%22y67,Ἠλακάτη
eta%22y67,Ἠπύει
eta%22y67,Ἠθεῖε
eta%22y67,Ἥρα
eta%22y69,Ἠώς
eta%22y69,Ἥφαιστος
eta%22y69,Ἡρακλείδης
eta%22y69,Ἧλος
eta%22y69,Ἤϊα
eta%22y69,Ἦκα
eta%22y69,Ἠπεδανός
eta%22y69,Ἦνις
eta%22y69,Ἦτορ
eta%22y69,Ἠλάσκουσαι
eta%22y70,Ἠλασκάζω
eta%22y70,Ἠμαθόους
eta%22y70,Ἤλιθα
eta%22y70,Ἠλίθιος
eta%22y70,Ἠπεροπέα
eta%22y70,Ἠγηλάζει
eta%22y70,Ἤπιος
eta%22y70,Ἤριον
eta%22y70,Ἠκέστας
eta%22y71,Ἥλεος
eta%22y72,Ἥμονες
eta%22y72,Ἥμισυ
theta%22y71,Θεράπων
theta%22y71,Θοῦρις
theta%22y71,Θύον
theta%22y71,Θῶκος
theta%22y71,Θεσπεσία
theta%22y71,Θρῆνυς
theta%22y71,Θρυλλίχθη
theta%22y71,Θριγκός
theta%22y71,Θάλασσα
theta%22y71,Θήγω
theta%22y71,Θάπτω
theta%22y71,Θνητός
theta%22y72,Θάνατος
theta%22y72,Θώραξ
theta%22y72,Θυμέλη
theta%22y72,Θρίαι
theta%22y72,Θοῦρος
theta%22y72,Θορός
theta%22y72,Θαμά
theta%22y73,Θίς
theta%22y73,Θίς
theta%22y73,Θώραξ
theta%22y73,Θοίνη
theta%22y73,Θηλή
theta%22y73,Θῶκος
theta%22y73,Θάλλω
theta%22y73,Θημών
theta%22y73,Θυοσκόος
theta%22y73,Θυάδες
theta%22y73,Θελημός
theta%22y73,Θύελλα
theta%22y73,Θᾶσσον
theta%22y73,Θρησκεύειν
theta%22y74,Θύσανος
theta%22y74,Θυόεις
theta%22y74,Θεουδής
theta%22y74,Θεμέλια
theta%22y74,Θέρω
theta%22y74,Θρώσκω
theta%22y74,Θρασύς
theta%22y74,Θάτερον
theta%22y74,Θύρα
theta%22y74,Θολῶ
theta%22y74,Θαῦμα
theta%22y74,Θέα
iota%22y75,Ἱερὸν
iota%22y75,Ἰωχμός
iota%22y75,Ἰωή
iota%22y75,Ἰγνύα
iota%22y75,Ἰδνωθείς
iota%22y75,Ἰόμωροι
iota%22y75,Ἰκρία
iota%22y75,Ἰξύς
iota%22y75,Ἴσθιον
iota%22y75,Ἰλλίζειν
iota%22y75,Ἰάψαι
iota%22y75,Ἰήϊος
iota%22y76,Ἰσχνός
iota%22y76,Ἰνίον
iota%22y76,Ἰατρική
iota%22y76,Ἴουλος
iota%22y76,Ἱερὸν
iota%22y76,Ἰσθμός
iota%22y76,Ἴφια
iota%22y76,Ἰλύς
iota%22y76,Ἴνις
iota%22y76,Ἴσις
iota%22y76,Ἰμονία
iota%22y76,Ἰτέα
iota%22y76,Ἵμερος
iota%22y77,Ἵππος
iota%22y77,Ἴλη
iota%22y77,Ἰκμάς
iota%22y77,Ἶρις
iota%22y77,Ἴον
iota%22y77,Ἶνες
iota%22y77,Ἰξός
iota%22y77,Ἰάλλω
iota%22y77,Ἰσχάδες
iota%22y78,Ἱστία
iota%22y78,Ἴτης
iota%22y78,Ἰχθύς
iota%22y78,Ἰλύς
iota%22y78,Ἰωκή
iota%22y78,Ἰήϊος
iota%22y78,Ἴδρις
iota%22y79,Ἰξάλου
iota%22y80,Ἰδάλιμος
iota%22y80,Ἰωή
iota%22y80,Ἶσος
kappa%22y79,Κάλχας
kappa%22y79,Κρήγυον
kappa%22y79,Καρπός
kappa%22y79,Κρῆτες
kappa%22y79,Κονίσσαλος
kappa%22y79,Κτίλος
kappa%22y79,Κατήφεια
kappa%22y79,Κύπελλον
kappa%22y79,Κενεών
kappa%22y79,Κάπη
kappa%22y79,Κερδαίνειν
kappa%22y79,Κυθέρεια
kappa%22y80,Κνώδαλα
kappa%22y80,Κόλοψ
kappa%22y80,Κεντρηνεκέας
kappa%22y80,Καγχαλᾶν
kappa%22y80,Κέραμος
kappa%22y80,Καρδία
kappa%22y80,Κόλποι
kappa%22y80,Κοτυλήῤῥυτον
kappa%22y80,Κοχῶναι
kappa%22y80,Κῶπα
kappa%22y80,Κείρειν
kappa%22y81,Κυψέλη
kappa%22y81,Κεφαλή
kappa%22y81,Κελύφη
kappa%22y81,Κάρα
kappa%22y81,Κράτα
kappa%22y81,Κώδια
kappa%22y82,Κορυφή
kappa%22y82,Κιονίς
kappa%22y82,Κωφός
kappa%22y82,Κριθή
kappa%22y82,Κριός
kappa%22y82,Κρίβανος
kappa%22y82,Κλοιός
kappa%22y82,Καταπροίξεσθαι
kappa%22y83,Καλύβη
kappa%22y83,Καλός
kappa%22y83,Κνίσσα
kappa%22y83,Κίων
kappa%22y83,Κειρία
kappa%22y83,Κολώνιον
kappa%22y83,Κολεόν
kappa%22y83,Κελαινεφής
kappa%22y83,Κέαρ
kappa%22y83,Κῆρ
kappa%22y83,Κέλος
kappa%22y83,Κάμηλος
kappa%22y83,Κεραυνός
kappa%22y83,Κόσμος
kappa%22y83,Κανοῦν
kappa%22y83,Κρύος
kappa%22y83,Κολυμβᾶν
kappa%22y84,Κλέος
kappa%22y84,Καλός
kappa%22y84,Κναφεύς
kappa%22y84,Κλῆρος
kappa%22y84,Κρωσσόν
kappa%22y84,Κλείω
kappa%22y84,Κῶμα
kappa%22y84,Κόπος
kappa%22y84,Κορμός
kappa%22y84,Κλαίω
kappa%22y84,Κῆλον
kappa%22y84,Κήλη
kappa%22y85,Κώμη
kappa%22y85,Καταχήνη
kappa%22y85,Κελαρύζω
kappa%22y85,Κλαγγή
kappa%22y85,Κρούω
kappa%22y85,Κλύω
kappa%22y85,Κολῳός
kappa%22y85,Κεδνός
kappa%22y85,Καρκίνος
kappa%22y85,Καρίς
kappa%22y85,Κνώσσω
kappa%22y85,Κτύπος
kappa%22y85,Καῦρος
kappa%22y85,Κωφός
kappa%22y85,Κορύβαντες
kappa%22y85,Κάθαρμα
kappa%22y85,Κρησφύγετα
kappa%22y85,Κηώεις
kappa%22y86,Κλώψ
kappa%22y86,Κονιορτός
kappa%22y86,Κοντὸς
kappa%22y86,Κωτίλος
kappa%22y86,Κλαίω
kappa%22y86,Κλίνω
kappa%22y86,Κόλαξ
kappa%22y86,Κύμβια
kappa%22y86,Κύμβαλα
kappa%22y86,Κάπηλον
kappa%22y86,Κόρυς
kappa%22y86,Κροσοί
kappa%22y87,Κόσμος
kappa%22y87,Κουράλια
kappa%22y87,Κάμινος
kappa%22y87,Κῖκυς
kappa%22y87,Κίβησις
kappa%22y87,Κάγκανα
kappa%22y87,Καπνός
kappa%22y87,Καρχαρόδων
kappa%22y87,Κλωστήρ
kappa%22y87,Κακκάβη
kappa%22y88,Κάκκαβος
kappa%22y88,Κόχλος
kappa%22y88,Κραιπνός
kappa%22y88,Κοάλεμος
kappa%22y88,Κυρκάνη
kappa%22y88,Κορυθαίολος
kappa%22y88,Καλλιγύναικα
kappa%22y88,Κομιδή
kappa%22y88,Κονία
kappa%22y88,Κῦμα
kappa%22y88,Κνίσσα
kappa%22y89,Κρατερός
kappa%22y89,Κάραβος
kappa%22y89,Κοίρανος
kappa%22y89,Κάλλιμος
kappa%22y89,Κουρά
kappa%22y89,Κακός
kappa%22y89,Κακὸς
kappa%22y89,Κηδεστής
kappa%22y89,Κάδος
kappa%22y89,Κισσᾶν
kappa%22y89,Κόνις
kappa%22y89,Κρηπίς
kappa%22y90,Καγχαλῶ
kappa%22y90,Κορύβαντες
kappa%22y90,Κρούειν
kappa%22y90,Κρίβανος
kappa%22y90,Κληΐδες
kappa%22y90,Κύμβαχον
kappa%22y90,Κρήνη
kappa%22y90,Κνυζοῦν
kappa%22y90,Κομψός
kappa%22y90,Κέντε
lambda%22y91,Λίσσεσθαι
lambda%22y91,Λήϊον
lambda%22y91,Λαγὼς
lambda%22y91,Λαισήϊα
lambda%22y91,Λυγαῖον
lambda%22y91,Λύθρος
lambda%22y91,Λευρόν
lambda%22y91,Λέκτρον
lambda%22y91,Λόφοι
lambda%22y91,Λόχμη
lambda%22y91,Λύσσα
lambda%22y91,Λαῦρα
lambda%22y91,Λὶς
lambda%22y91,Λιλαίομαι
lambda%22y91,Ληνός
lambda%22y91,Λέπαδνα
lambda%22y92,Λέξασθαι
lambda%22y92,Λίμνη
lambda%22y92,Λογάδες
lambda%22y92,Λύπη
lambda%22y92,Λοβός
lambda%22y92,Λᾶντα
lambda%22y92,Λεοκανία
lambda%22y92,Λαιὰ
lambda%22y92,Λιαρός
lambda%22y92,Λακέρυζα
lambda%22y92,ε
lambda%22y93,Λεχήν
lambda%22y93,Λειμών
lambda%22y93,Λιρός
lambda%22y93,Λιπαρεῖν
lambda%22y93,Λωποδύτης
lambda%22y93,Λάχανον
lambda%22y93,Λοξίας
lambda%22y93,Λήκιθος
lambda%22y93,Λυαῖος
lambda%22y93,Λαιμός
lambda%22y93,Λῆρος
lambda%22y94,Λύκος
lambda%22y94,Λίβανος
lambda%22y94,Λάβρος
lambda%22y94,Λαγώς
lambda%22y94,Λικριφίς
lambda%22y94,Λεπρός
lambda%22y94,Λύχνος
lambda%22y94,Λαρύξ
lambda%22y94,Λίπω
lambda%22y94,Λόγχη
lambda%22y95,Λείρια
lambda%22y95,Λαγνεία
lambda%22y95,Λίχανος
lambda%22y95,Λιμβός
lambda%22y95,Λαλῶ
lambda%22y95,Λάλλαι
lambda%22y95,Λεπτός
lambda%22y95,Λεύσω
lambda%22y95,Λάχνη
lambda%22y96,Λάπτω
lambda%22y96,Λύρα
lambda%22y96,Λαίλαψ
lambda%22y96,Λάβραξ
lambda%22y96,Λάγνος
lambda%22y96,Λάξ
lambda%22y96,Λόγχη
lambda%22y96,Λίβανος
lambda%22y96,Λοιμός
lambda%22y96,Λακίδες
mu%22y97,Μάρτυς
mu%22y97,Μάρνασθαι
mu%22y97,Μυκάλη
mu%22y97,Μαιμώωσα
mu%22y97,Μαργαίνειν
mu%22y98,Μέτωπον
mu%22y98,Μενοεικές
mu%22y98,Μιστύλλειν
mu%22y98,Μαλερόν
mu%22y98,Μαίρα
mu%22y98,Μάρψαι
mu%22y98,Μύρεσθαι
mu%22y98,Μελπόμενος
mu%22y98,Μόρσιμος
mu%22y98,Μῖσος
mu%22y98,Μήρινθος
mu%22y98,Μυλήφατος
mu%22y98,Μάσταξ
mu%22y99,Μετέωρος
mu%22y99,Μύλη
mu%22y99,Μᾶσσον
mu%22y99,Μυκαλεσσός
mu%22y99,Μικρός
mu%22y99,Μιγητή
mu%22y99,Μοῖρα
mu%22y99,Μαρίλη
mu%22y99,Μέρος
mu%22y99,Μήδεα
mu%22y99,Μέζεα
mu%22y99,Μήτρα
mu%22y99,Μύλη
mu%22y100,Μύξα
mu%22y100,Μάγειρος
mu%22y100,Μάστυξ
mu%22y100,Μαλλός
mu%22y100,Μήνιγγες
mu%22y100,Μυελός
mu%22y100,Μύωψ
mu%22y100,Μυκτήρ
mu%22y100,Μύλαι
mu%22y100,Μασχάλη
mu%22y101,Μαστοί
mu%22y101,Μήτηρ
mu%22y101,Μετάφρενον
mu%22y101,Μάκαρ
mu%22y101,Μηκίων
mu%22y101,Μέτρον
mu%22y101,Μενθῆραι
mu%22y101,Μαστροπός
mu%22y101,Μελέαγρος
mu%22y101,Μέταλλον
mu%22y102,Μοχθηρός
mu%22y102,Μυλωθρός
mu%22y102,Μήνη
mu%22y102,Μήνυνθα
mu%22y102,Μῦς
mu%22y102,Μόρος
mu%22y102,Μήλη
mu%22y102,Μῶμος
mu%22y102,Μακκοᾶν
mu%22y102,Μακάριος
mu%22y102,Μάκτρα
mu%22y102,Μέλισσα
mu%22y102,Μῆλον
mu%22y103,Μένος
mu%22y103,Μοχλός
mu%22y103,Μόρφνος
mu%22y103,Μέγεθος
mu%22y103,Μιαρός
mu%22y103,Μίς
mu%22y103,Μήν
mu%22y103,Μῆτις
mu%22y103,Μακεδνός
mu%22y103,Μολοβρός
mu%22y104,Μάχη
mu%22y104,Μειδιᾶν
mu%22y104,Μαυροῦσι
mu%22y104,Μάραγδος
mu%22y104,Μαρμαρυγή
mu%22y104,Μυκήνη
mu%22y104,Μασχάλη
mu%22y104,Μασῶμαι
mu%22y104,Μάχλος
mu%22y104,Μαθεῖν
mu%22y104,Μοιχός
mu%22y105,Μακρός
mu%22y105,Μέγεθος
mu%22y105,Μεγαίρω
mu%22y105,Μερμερίζειν
mu%22y105,Μέριμνα
mu%22y105,Μέρμερα
mu%22y105,Μέρμις
mu%22y105,Μεστός
mu%22y105,Μάκαρ
mu%22y105,Μάραθον
mu%22y105,Μελεδήματα
mu%22y105,Μέλαν
mu%22y106,Μαλλός
mu%22y106,Μεμαὼς
mu%22y106,Μύρεσθαι
mu%22y106,Μελδόμενος
mu%22y106,Μόθος
mu%22y106,Μῶλος
mu%22y106,Μαντική
nu%22y105,Νόσος
nu%22y105,Νῶροψ
nu%22y106,Νέκταρ
nu%22y107,Νωλεμέως
nu%22y107,Νότος
nu%22y107,Νόθος
nu%22y107,Νοῦς
nu%22y107,Νυστάζειν
nu%22y107,Ναστός
nu%22y107,Νύμφη
nu%22y107,Νέρθεν
nu%22y107,Νύσσα
nu%22y107,Νίκη
nu%22y107,Νίτρον
nu%22y107,Νεαρός
nu%22y107,Νηδύς
nu%22y108,Νῆστις
nu%22y108,Νεφροί
nu%22y108,Νέφος
nu%22y108,Νήπιος
nu%22y108,Νῶτος
nu%22y108,Νάνος
nu%22y108,Νάπυ
nu%22y108,Νεῖκος
nu%22y108,Νεῖλος
nu%22y108,Νέαιρα
nu%22y108,Νήφω
nu%22y108,Νάρθηξ
nu%22y108,Νωθρός
nu%22y109,Νωχελής
nu%22y109,Νέκυς
nu%22y109,Νότος
nu%22y109,Νύξ
nu%22y109,Νέος
nu%22y109,Νεοῦν
nu%22y109,Νεῦρον
nu%22y109,Νόσφι
nu%22y109,Νήχω
nu%22y109,Νῆσος
nu%22y109,Ναῦς
nu%22y109,Νεβρός
nu%22y109,Νάμα
nu%22y110,Ναρόν
nu%22y110,Νόμος
nu%22y110,Νεογνός
nu%22y110,Νειός
nu%22y110,Νείφω
nu%22y110,Νωθείς
nu%22y110,Νῶκαρ
nu%22y110,Νῆϊς
nu%22y110,Νῆσσα
nu%22y110,Νῆστης
nu%22y110,Νυίς
nu%22y112,Νέεσθαι
nu%22y112,Νύμφη
xi%22y111,Ξύνιον
xi%22y111,Ξίφος
xi%22y111,Ξύλον
xi%22y111,Ξηρόν
xi%22y111,Ξυρόν
xi%22y111,Ξόανον
xi%22y111,Ξέστης
omicron%22y111,Ὅρκος
omicron%22y111,Οἰωνός
omicron%22y112,Ὀρεύς
omicron%22y112,Ὁμίχλη
omicron%22y113,Ὄνειρος
omicron%22y113,Οὐρούς
omicron%22y113,Ὅμαδος
omicron%22y113,Ὀφείλημα
omicron%22y113,Οἶτος
omicron%22y113,Οὐλαμός
omicron%22y113,Ὅρπεξ
omicron%22y113,Ὄκνος
omicron%22y113,Ὀλοφυρόμενος
omicron%22y113,Ὀτρηρός
omicron%22y113,Ὅπλα
omicron%22y113,Ὀβελίσκος
omicron%22y113,Ὄσσε
omicron%22y113,Ὄρχατος
omicron%22y113,Ὀρχός
omicron%22y113,Ὄχνη
omicron%22y114,Οἴμη
omicron%22y114,Οἶμος
omicron%22y114,Ὀρχήσασθαι
omicron%22y114,Ὅρμος
omicron%22y114,Ὀπύειν
omicron%22y114,Ὀλοφώϊος
omicron%22y114,Ὄσσετο
omicron%22y114,Ὄμος
omicron%22y114,Οὐλή
omicron%22y114,Ὄαροι
omicron%22y114,Οὖλαι
omicron%22y114,Ὄγμος
omicron%22y114,Ὁμιλεῖν
omicron%22y115,Ὀκλαδίαι
omicron%22y115,Οὖρος
omicron%22y115,Οὖρος
omicron%22y115,Οἰήϊον
omicron%22y115,Ὀμφαλός
omicron%22y115,Ὀδύναι
omicron%22y115,Ὄρθρος
omicron%22y115,Οὖας
omicron%22y115,Ὀβελός
omicron%22y115,Οὖλος
omicron%22y115,Οὐρά
omicron%22y115,Οὐλοχύται
omicron%22y115,Ὀδμή
omicron%22y115,Ὄρνις
omicron%22y116,Ὀσχεός
omicron%22y116,Ὄρχις
omicron%22y116,Οὖρον
omicron%22y116,Ὀρτάλιχος
omicron%22y116,Ὄνυξ
omicron%22y116,Ὀτρύνω
omicron%22y116,Ὁδεῖνα
omicron%22y116,Ὀργυιά
omicron%22y116,Ὀσφύς
omicron%22y116,Ὀμφαλός
omicron%22y116,Ὄστλιγγες
omicron%22y116,Ὀφθαλμοί
omicron%22y117,Ὅρασις
omicron%22y117,Ὄμματα
omicron%22y117,Ὀφρύες
omicron%22y117,Ὀδόντες
omicron%22y117,Οὖλον
omicron%22y117,Οὐρανίσκος
omicron%22y117,Ὁμαρτῶ
omicron%22y117,Ὄρθρος
omicron%22y117,Οἶμα
omicron%22y117,Ὀροθύνω
omicron%22y117,Ὀθνεῖον
omicron%22y117,Ὄμβρος
omicron%22y118,Οἶκος
omicron%22y118,Ὄβριμος
omicron%22y118,Ὄμφαξ
omicron%22y118,Ὀπήτιον
omicron%22y118,Ὄνος
omicron%22y118,Ὅμιλος
omicron%22y118,Ὄξος
omicron%22y118,Ὀβολός
omicron%22y118,Οὐρανός
omicron%22y119,Ὀπώρα
omicron%22y119,Οἰζύω
omicron%22y119,Οὐσία
omicron%22y119,Οἰμώζειν
omicron%22y119,Ὄτλος
omicron%22y119,ο
omicron%22y119,Οἶδμα
omicron%22y119,Ὄνειαρ
omicron%22y119,Ὀρεσκῷος
omicron%22y119,Ὀλίγωρος
omicron%22y119,Ὀπή
omicron%22y119,Ὀψέ
omicron%22y120,Ὄνειρος
omicron%22y120,Ὀκλάσας
omicron%22y120,Ὀϊστός
omicron%22y120,Ὀρόδαμνος
omicron%22y120,Ὀρεκτῇσι
omicron%22y120,Ὄπα
omicron%22y120,Ὀπωπή
omicron%22y120,Ὄτριχας
omicron%22y120,Ὁλκός
omicron%22y120,Ὀπαδός
omicron%22y120,Ὄπις
omicron%22y121,Ὀχθήσας
omicron%22y121,Ὀτρηρός
omicron%22y121,Ὄβριμος
omicron%22y121,Ὄρχαμος
omicron%22y121,Ὀῤῥωδῶ
omicron%22y121,Ὁμαρτεῖν
omicron%22y122,Ὁμηρεῦσαι
omicron%22y122,Ὅμηροι
omicron%22y122,Ὀκριόεις
omicron%22y122,Ὀμιχεῖν
omicron%22y122,Ὄρος
omicron%22y122,Ὄρφνη
omicron%22y122,Ὅσιος
omicron%22y122,Ὀπιπεύω
omicron%22y122,Ὄσπρεον
omicron%22y122,Ὄνειδος
omicron%22y122,Ὁδεῖνα
omicron%22y122,Ὄχλος
omicron%22y123,ο
omicron%22y123,Ὀτραλέως
omicron%22y123,Οἶσα
omicron%22y123,Ὀρταλίζειν
omicron%22y123,Οὐδαμῶς
omicron%22y123,Ὄφλω
omicron%22y123,Ὁμοκλή
omicron%22y123,Ὄχθαι
omicron%22y123,Ὁδός
omicron%22y123,Οἶος
omicron%22y123,Ὅρκος
omicron%22y123,Ὀθόνη
omicron%22y123,Ὄζος
omicron%22y123,Ὁπλή
omicron%22y123,Ὀρυγμαδός
omicron%22y123,Οἶδα
omicron%22y123,Οἶσθα
omicron%22y125,Ὄχανος
omicron%22y125,Ὀστέον
omicron%22y126,Ὀψία
omicron%22y126,Οὐρῆας
omicron%22y126,Ὄρπηκες
pi%22y125,Παστός
pi%22y125,Παιφάσκειν
pi%22y125,Πῆμα
pi%22y125,Πηός
pi%22y125,Πυός
pi%22y125,Παπταίνω
pi%22y125,Πρηνής
pi%22y125,Πόρτις
pi%22y125,Πρύμνην
pi%22y125,Πέπλος
pi%22y125,Πόνος
pi%22y125,Πότμος
pi%22y125,Πόρκης
pi%22y125,Πόλεμος
pi%22y126,Πηλίς
pi%22y126,Πευκαλίμας
pi%22y126,Πρόχνυ
pi%22y126,Παλλακίς
pi%22y126,Πρότμηστιν
pi%22y126,Παιπαλόεντα
pi%22y126,Πρόβατον
pi%22y126,Πυπνοίειν
pi%22y126,Πεπρωμένη
pi%22y126,Πτέλας
pi%22y126,Πόρνη
pi%22y126,Πείρινθα
pi%22y126,Πεσσοί
pi%22y127,Πύελος
pi%22y127,Πένθος
pi%22y127,Πίσυρες
pi%22y127,Πάγουροι
pi%22y127,Προοίμιον
pi%22y127,Πρᾶσις
pi%22y128,Πήρα
pi%22y128,Περόνη
pi%22y128,Πλῆμναι
pi%22y128,Πλαγγών
pi%22y128,Πορθμός
pi%22y128,Παμφαλῶ
pi%22y128,Πόρπη
pi%22y128,Πτίλα
pi%22y128,Παφίη
pi%22y128,Πύματος
pi%22y128,Παραστάται
pi%22y128,Πρωκτός
pi%22y128,Ποῦς
pi%22y129,Πέλμα
pi%22y129,Πνεῦμα
pi%22y129,Περίττωμα
pi%22y129,Πιμελή
pi%22y129,Πέσκος
pi%22y129,Πόκος
pi%22y129,Πολιά
pi%22y129,Πώγων
pi%22y129,Πρόσωπον
pi%22y129,Παρίθμια
pi%22y129,Πνεύμων
pi%22y129,Παλάμη
pi%22y129,Παλαιστή
pi%22y131,Πλευραί
pi%22y131,Πίσυνος
pi%22y131,Πινυτός
pi%22y131,Παῤῥησία
pi%22y131,Πλοχμός
pi%22y131,Πρόμος
pi%22y131,Πυῤῥός
pi%22y131,Πίτυλος
pi%22y131,Πταίω
pi%22y131,Πύματος
pi%22y131,Παγός
pi%22y132,Πατήρ
pi%22y132,Πυθμήν
pi%22y132,Πέδιλα
pi%22y132,Πίδα
pi%22y132,Πάχνη
pi%22y132,Πλειών
pi%22y132,Πωλεῖσθαι
pi%22y132,Πόλοι
pi%22y132,Πῆχυς
pi%22y132,Πένης
pi%22y132,Πλούσιος
pi%22y132,Πεσεῖν
pi%22y132,Πεσσός
pi%22y132,Πυραμίς
pi%22y133,Πονηρός
pi%22y133,Πρέσβεις
pi%22y133,Πρεσβεύω
pi%22y133,Πῦρ
pi%22y133,Πάππος
pi%22y133,Παῖς
pi%22y133,Πρωΐ
pi%22y133,Πόσις
pi%22y133,Προΐξ
pi%22y133,Πτέρνα
pi%22y133,Πορεία
pi%22y133,Προΐκτης
pi%22y133,Πρόνοια
pi%22y133,Προπετής
pi%22y133,Πύξ
pi%22y133,Παιών
pi%22y133,Πτώξ
pi%22y134,Πίθηκος
pi%22y134,Παλαίω
pi%22y134,Πόντος
pi%22y134,Ποταμός
pi%22y134,Παρθένος
pi%22y134,Πόῤῥω
pi%22y134,Παιδνός
pi%22y134,Πάσσαλος
pi%22y134,Πρόφρασσα
pi%22y134,Πιτύζειν
pi%22y134,Πυδαρίζειν
pi%22y134,Πέλας
pi%22y134,Πρόκροσσοι
pi%22y135,Πτιλλός
pi%22y135,Ποτνιᾶσθαι
pi%22y135,Πιφάσκω
pi%22y135,Πρόσφατος
pi%22y135,Παραβλώψ
pi%22y135,Πάσσων
pi%22y135,Πάλος
pi%22y135,Πτισάνη
pi%22y135,Παγίς
pi%22y135,Ποίμνιον
pi%22y135,Πέδον
pi%22y135,Πομφόλυξ
pi%22y135,Πλεῖν
pi%22y135,Παροινία
pi%22y135,Πάσασθαι
pi%22y135,Πειραιεύς
pi%22y135,Πεπάλη
pi%22y136,Πτωχός
pi%22y136,Πίθος
pi%22y136,Πιμελή
pi%22y136,Πῖλος
pi%22y136,Πεινῶ
pi%22y136,Πρυτανεῖον
pi%22y136,Πολυκαγκέα
pi%22y136,Πτύον
pi%22y136,Πάππα
pi%22y136,Παπταίνω
pi%22y136,Παφλάζων
pi%22y136,Πευκεδμός
pi%22y136,Πρόβασις
pi%22y136,Παιφάσσειν
pi%22y136,Πραπίδες
pi%22y137,Περίπατος
pi%22y137,Πέτεσθαι
pi%22y137,Πώμαλα
pi%22y137,Πότμος
pi%22y137,Πλησίος
pi%22y137,Πανήγυρις
pi%22y137,Πελωρίς
pi%22y138,Πάγχυ
pi%22y138,Πηλός
pi%22y138,Πυρούς
pi%22y138,Πυκνός
pi%22y138,Πτερόν
pi%22y138,Παίζω
pi%22y138,Πηγή
pi%22y138,Πάμπαν
pi%22y138,Πλήν
pi%22y138,Πείσεται
pi%22y138,Πῖον
pi%22y138,Πασσυδία
pi%22y138,Προμνηστῖνοι
rho%22y139,Ῥῆγος
rho%22y139,Ῥίμφα
rho%22y139,Ῥαιστήρ
rho%22y139,Ῥόχθει
rho%22y139,Ῥώψ
rho%22y139,Ῥόδος
rho%22y139,Ῥιρός
rho%22y139,Ῥίν
rho%22y139,Ῥάκος
rho%22y139,Ῥυτήρ
rho%22y139,Ῥῖγος
rho%22y140,Ῥᾷον
rho%22y140,Ῥίζα
rho%22y140,Ῥωχμὸς
rho%22y140,Ῥῆσις
rho%22y140,Ῥωγάς
rho%22y140,Ῥυμός
rho%22y140,Ῥυμβός
rho%22y140,Ῥύμη
rho%22y140,Ῥιγεδανός
rho%22y140,Ῥόδον
rho%22y140,Ῥυθμός
sigma%22y141,Σκῆπτρον
sigma%22y141,Στεῖραν
sigma%22y141,Σμῶδιξ
sigma%22y141,Σέλινον
sigma%22y141,Σιγαλόεν
sigma%22y141,Σμερδνόν
sigma%22y141,Σκαιή
sigma%22y141,Στεῦται
sigma%22y141,Σανίς
sigma%22y141,Σαυρωτήρ
sigma%22y141,Σχεδόν
sigma%22y141,Πέος
sigma%22y142,Σφεδανόν
sigma%22y142,Σέλας
sigma%22y142,Σπεῖσαι
sigma%22y142,Σῶκος
sigma%22y142,Στυφελίζειν
sigma%22y142,Σορός
sigma%22y142,Σκυδμαίνειν
sigma%22y142,Σταμῖνας
sigma%22y142,Σπείρα
sigma%22y142,Σπινθήρ
sigma%22y142,Συνάορος
sigma%22y142,Σφαῖρα
sigma%22y143,Σφαραγῶντο
sigma%22y143,Σταθμός
sigma%22y143,Συβαρός
sigma%22y143,Σίβδαι
sigma%22y143,Στράγξ
sigma%22y143,Στρυφνός
sigma%22y143,Σαργάνη
sigma%22y143,Σπυρίς
sigma%22y143,Στυππίον
sigma%22y143,Σειρά
sigma%22y143,Συρφετός
sigma%22y143,Σκορακισμὸς
sigma%22y143,Σιωπή
sigma%22y143,Σμερδαλέον
sigma%22y143,Σπλήν
sigma%22y143,Σπλάγχνον
sigma%22y144,Σφυρόν
sigma%22y144,Σίαλος
sigma%22y144,Σκύβαλον
sigma%22y144,Σύφαρ
sigma%22y144,Σῶμα
sigma%22y144,Σέρφος
sigma%22y145,Σκῆνος
sigma%22y145,Σήραγγες
sigma%22y145,Σιαγόνες
sigma%22y145,Στόμα
sigma%22y145,Στόμαχος
sigma%22y145,Σπιθαμή
sigma%22y145,Σπάθαι
sigma%22y145,Στέρνον
sigma%22y145,Στῆθος
sigma%22y145,Σπλάγχνα
sigma%22y145,Σκέλη
sigma%22y145,Στυγνός
sigma%22y146,Σπάργανον
sigma%22y146,Στεῤῥός
sigma%22y146,Στρηνιᾶν
sigma%22y146,Στεροπή
sigma%22y146,Σῦς
sigma%22y146,Σκίπων
sigma%22y146,Σιρμός
sigma%22y146,Στρόβιλος
sigma%22y146,Σπόνδυλος
sigma%22y146,Στέαρ
sigma%22y146,Σκελετός
sigma%22y146,Σύριγξ
sigma%22y146,Σείριος
sigma%22y146,Σπάθη
sigma%22y147,Σπάδων
sigma%22y147,Σελήνη
sigma%22y147,Σκότος
sigma%22y147,Σκιά
sigma%22y147,Σάρκα
sigma%22y147,Σάτυρος
sigma%22y147,Στρεβλός
sigma%22y147,Συλλήβδην
sigma%22y147,Σαπρός
sigma%22y147,Σκληρός
sigma%22y147,Στεῖρα
sigma%22y147,Σπείρω
sigma%22y147,Στιλπνός
sigma%22y147,Σεμνός
sigma%22y147,Σόλος
sigma%22y148,Σαλάμβη
sigma%22y148,Σαλαμβάς
sigma%22y148,Συστῆσαι
sigma%22y148,Σιλλοί
sigma%22y148,Σωρός
sigma%22y148,Σκυθρωπάσαι
sigma%22y148,Σφέλας
sigma%22y148,Σφάζω
sigma%22y148,Στατήρ
sigma%22y148,Σταγών
sigma%22y148,Στήλη
sigma%22y148,Σιτοδεία
sigma%22y148,Σκνιπὸς
sigma%22y148,Σίφων
sigma%22y148,Σκαρθμός
sigma%22y149,Σκαρδαμύττειν
sigma%22y149,Σκάφος
sigma%22y149,Στραβός
sigma%22y149,Σήθω
sigma%22y149,Στροφάλιγξ
sigma%22y149,Σεῖστρον
sigma%22y149,Στήμων
sigma%22y149,Στίζω
sigma%22y149,Σταλαγμός
sigma%22y150,Σύλος
sigma%22y150,Σποδός
sigma%22y150,Στολή
sigma%22y150,Σκῆψις
sigma%22y150,Σκῶλον
sigma%22y150,Σιφλός
sigma%22y150,Συρία
sigma%22y150,Σπόγγος
sigma%22y150,Συνημοσύναι
sigma%22y150,Στηκός
sigma%22y150,Στράτα
tau%22y149,Τράπεζα
tau%22y150,Τέναγος
tau%22y150,Τάφρος
tau%22y151,Τέκνον
tau%22y151,Τύμπανον
tau%22y151,Τήγανον
tau%22y151,Τριτογένεια
tau%22y151,Τρίβον
tau%22y151,Τάριχος
tau%22y151,Τανύηκες
tau%22y151,Τροχός
tau%22y151,Τείρεα
tau%22y151,Τηθύς
tau%22y151,Τάφος
tau%22y151,Τάφος
tau%22y152,π
tau%22y152,Τηλοῦ
tau%22y152,Τάλας
tau%22y152,Τλήμων
tau%22y152,Τρύχειν
tau%22y152,Τρώσω
tau%22y152,Τρῶκται
tau%22y152,Τέρτρον
tau%22y152,Τρίζω
tau%22y152,Τανηλεγής
tau%22y152,Τέρσεσθαι
tau%22y152,Τιθήνη
tau%22y153,Τυρός
tau%22y153,Τριτογένεια
tau%22y153,Τροπός
tau%22y153,Τρίβακος
tau%22y153,Τρήρων
tau%22y153,Τόξον
tau%22y153,Τραπέουσι
tau%22y153,Τρώγλη
tau%22y154,Τρυφή
tau%22y154,Τάλαντον
tau%22y154,Τηλία
tau%22y154,Ταινία
tau%22y154,Τελαμών
tau%22y154,Τέρεν
tau%22y154,Τέρεν
tau%22y154,Τροία
tau%22y154,Τρύγοιπος
tau%22y154,Τέκμωρ
upsilon%22y153,Ὑπεροπλία
upsilon%22y153,Ὑψηχέες
upsilon%22y153,Ὑσμίνη
upsilon%22y154,Ὑπερφίαλος
upsilon%22y154,Ὑπέραι
upsilon%22y154,Ὑβόν
upsilon%22y154,Ὑστέρα
upsilon%22y155,Ὑπήνη
upsilon%22y155,Ὑπώπια
upsilon%22y155,Ὑπερώα
upsilon%22y155,Ὕστερος
upsilon%22y155,Ὕσπληξ
upsilon%22y155,Ὑπερώσιος
upsilon%22y155,Ὕμνος
upsilon%22y156,Ὕαλος
upsilon%22y156,Ὑμήν
upsilon%22y156,Ὕπουλος
upsilon%22y156,Ὑδρία
upsilon%22y156,Ὕλη
upsilon%22y156,Ὕδωρ
upsilon%22y156,Ὑγρόν
upsilon%22y156,Ὑάδες
upsilon%22y156,Ὕπαρ
upsilon%22y156,Ὑποβλήδην
upsilon%22y156,Ὑπερφίαλος
upsilon%22y157,Ὑπηρέσια
upsilon%22y157,Ὑπόδρα
upsilon%22y157,Ὑπέρινον
upsilon%22y157,Ὑπερβασία
upsilon%22y157,Ὑπόνοια
upsilon%22y158,Ὑποκριτής
upsilon%22y158,Ὕψος
upsilon%22y158,Ὑπεραέϊ
upsilon%22y158,Ὕνις
upsilon%22y158,Ὑγιής
upsilon%22y158,Ὑπερκύδαντος
phi%22y157,Φοῖβος
phi%22y157,Φέρτερος
phi%22y157,Φύλοπις
phi%22y157,Φρήτρη
phi%22y157,Φάλαγγες
phi%22y157,Φέρεκλος
phi%22y158,Φάρος
phi%22y158,Φύκος
phi%22y158,Φαλός
phi%22y158,Φρίσσειν
phi%22y158,Φρουρός
phi%22y158,Φλύαρος
phi%22y158,Φιάλη
phi%22y158,Φάρμας
phi%22y159,Φωλεός
phi%22y159,Φόρμιγξ
phi%22y159,Φυτροί
phi%22y159,Φθόνος
phi%22y159,Φύλλον
phi%22y159,Φοξός
phi%22y159,Φλέγμα
phi%22y159,Φαλακρός
phi%22y159,Φάη
phi%22y159,Φολκός
phi%22y159,Φιλήτης
phi%22y159,Φολίς
phi%22y160,Φακή
phi%22y160,Φιγμός
phi%22y160,γ
phi%22y160,Φειδωλός
phi%22y160,Φθείρ
phi%22y160,Φρόνησις
phi%22y160,Φερνή
phi%22y160,Φωνή
phi%22y160,Φώς
phi%22y160,Φόνος
phi%22y160,Φύσις
phi%22y160,Φυλή
phi%22y160,Φαρέτρα
phi%22y160,Φάρος
phi%22y160,Φάσγανον
phi%22y160,Φλιαί
phi%22y160,Φρούριον
phi%22y160,Φρέαρ
phi%22y161,Φρήν
phi%22y161,Φράζω
phi%22y161,Φύσκη
phi%22y161,Φρύγανα
phi%22y161,Φοίνικες
phi%22y161,Φενίνδα
phi%22y161,Φώρ
phi%22y161,Φοῖνιξ
phi%22y161,Φάρυγξ
phi%22y161,Φρίκη
phi%22y162,Φορμός
phi%22y162,Φρόνιμος
phi%22y162,Φλέω
phi%22y162,Φόρτος
phi%22y162,Φθέγγεσθαι
phi%22y162,Φωριαμός
phi%22y162,Φάτνη
phi%22y162,Φοινός
chi%22y161,Χόρτος
chi%22y161,Χείρων
chi%22y161,Χείρων
chi%22y161,Χαράδραι
chi%22y161,Χαίτη
chi%22y162,Χάρμη
chi%22y162,Χώσασθαι
chi%22y162,Χέρειες
chi%22y162,Χαλίφρων
chi%22y162,Χαῦνος
chi%22y162,Χθές
chi%22y163,Χείρ
chi%22y163,Χυλός
chi%22y163,Χιτών
chi%22y163,Χορδή
chi%22y163,Χαλινά
chi%22y163,Χείλη
chi%22y163,Χεῖρες
chi%22y163,Χολάδες
chi%22y163,Χορίον
chi%22y163,Χέδροψ
chi%22y163,Χαμαί
chi%22y164,Χρῆμα
chi%22y164,Χωλός
chi%22y164,Χαίρειν
chi%22y164,Χάλαζα
chi%22y164,Χθών
chi%22y164,Χώρα
chi%22y164,Χελώνη
chi%22y164,Χώνη
chi%22y164,Χοῖνιξ
chi%22y164,Χεῦμα
chi%22y164,Χρέος
chi%22y164,Χαίρω
chi%22y164,Χάσμα
chi%22y164,Χαός
chi%22y164,Χηλός
chi%22y164,Χηραμός
chi%22y164,Χεὰ
chi%22y165,Χῶρος
chi%22y165,Χορός
chi%22y165,Χάρτης
chi%22y165,Χάρων
chi%22y165,Χῆτος
chi%22y165,Χορτάσαι
chi%22y165,Χείμεθλα
chi%22y165,Χωρίς
chi%22y165,Χηρωστής
chi%22y166,Χαλεπαίνω
chi%22y166,Χερείων
chi%22y166,Χαράδρα
chi%22y166,Χίμαιρα
chi%22y166,Χερμάδιον
chi%22y166,Χλαῖνα
chi%22y166,Χρώς
chi%22y166,Χηλή
chi%22y166,Χαραδριός
psi%22y165,Ψάμμος
psi%22y165,Ψιάδες
psi%22y167,Ψύχος
psi%22y167,Ψωλίς
psi%22y167,Ψυχρός
psi%22y167,Ψωμοί
psi%22y167,Ψιλός
psi%22y167,Ψώρα
psi%22y168,Ψεδνός
psi%22y168,Ψηνὸς
psi%22y168,Ψύη
psi%22y168,Ψάλλειν
psi%22y168,Ψιάς
omega%22y169,Ὦρες
omega%22y169,Ὤπυεν
omega%22y169,Ὤρος
omega%22y169,Ὠδύσσατο
omega%22y169,Ὠρακίω
omega%22y169,Ὠμόν
omega%22y169,Ὠλέναι
omega%22y169,Ὦπες
omega%22y170,Ὦτα
omega%22y170,Ὦχρος
omega%22y170,Ὥρα
omega%22y170,Ὦμος
omega%22y170,Ὦταν
omega%22y170,Ὡρολογεῖον
omega%22y171,Ὦλκα
omega%22y171,Ὤμοι
omega%22y172,Ὠμηστής
omega%22y172,Ὥρα
