1,Ἑκοντὴν
2,Ὄπιθεν
3,Ἱκεσία
4,Ὑπόδειγμα
5,Ὠνάμην
6,Μέχρις
7,Ἀπίναι
8,Ἐμπτύει
9,Εὐκοίτει
10,Εὐχαριστεῖν
11,Ἄρτι ἥξω
12,Τέμαχος
13,Ἄμυναν
14,Ἀποτάσσομαί
15,Σημᾶναι ἐσήμαναν
16,Διωρία
17,"Ἐφλέγμανε, φλεγμᾶναι"
18,Ἀνεῖναι
19,Περιέσσευσεν
20,Σπῖλος
21,Ἀνειλεῖν
22,Πιοῦμαι
23,Ἤλειπται
24,Ἀπελεύσομαι
25,Ὤμοκε
26,Ἀλκαϊκὸν
27,Νηρὸν
28,Ποῖ ἄπει
29,Ἔκτοτε
30,Πηνίκα
31,Ὀρθρινὸς
32,Μεσονύκτιον
33,"Ἡ ὄμφαξ, ἡ βῶλος"
34,Ἡ πηλὸς
35,Ὀψινός
36,Ποταπὸς
37,Φανὸς
38,Ἐν χρῷ κουρίας
39,"Πεινῆν, διψῆν"
40,Ἡ χάραξ
41,Σκίμπους
42,Ἐρεύγεσθαι
43,Ὁ φάρυγξ
44,Αὐθαδίζεσθαι
45,Υἱέως
46,Τελευταιότατον
47,Βεβίασται
48,Ἡ ὕσπληξ
49,Ἰλὺς
50,Κόριον ἢ κορίδιον ἢ κορίσκη
51,Ἡ ῥάξ
52,Τάχιον
53,Κωλύφιον
54,Κακοδαιμονεῖν
55,Κόρημα
56,Ἀφῆλιξ
57,Ἐπιτροπιάζειν
58,Προκόπτειν
59,Βιβλιαγράφος
60,Βασκάνιον
61,Νοίδιον
62,Ὀσμὴ
63,Βελόνη
64,Ἀκεστὴς
65,Ἀγαθὸς μᾶλλον
66,Ἀρχῆθεν
67,Γαστρίζειν
68,Γαργαλίζειν
69,Γήινον
70,Γλωσσόκομον
71,Βράδιον
72,Γρυλλίζειν
73,Γογγύλη
74,Πάντοτε
75,Γενέσια
76,Ἀργὴ
77,Πνῖγος
78,Ἀποκριθῆναι
79,Γενηθῆναι
80,Πελαργός
81,Ἀσπάραγος
82,Ἀσβόλη
83,Σάρωσον
84,Θερμότης
85,Αἴθαλος
86,Ἀτταγήν
87,Κολυμβάδες ἐλᾶαι
88,Γρηγορῶ
89,Αὐθέντης
90,Ἀγήοχεν
91,Μεσιδιωθῆναι
92,Καλλιγραφεῖν
93,Ἀκμὴν
94,Εἶτεν
95,"Ἀπόπαλαι, ἔκπαλαι"
96,Ἀνατέλλει
97,Εὐκαιρεῖν
98,Ἐξεπιπολῆς
99,Ἔνδον
100,Κληρονομεῖν τόνδε
101,Θρίδακα
102,Ἐπίκλιντρον
103,Ἐπίδοξον
104,Μάμμην
105,Ἔσχατον
106,Εἰ ποιητὴς εἶπεν ἀμεινότερον
107,Μονόφθαλμον
108,Ἐωνησάμην
109,Παρασίτους
110,Εὕρασθαι
111,Ῥάφανον
112,Εὔνως ἔχει μοι
113,Εὐθύ
114,Ζωρότερον
115,Χειρσὶν
116,Εὐέριον
117,Νεομηνία μὴ
118,Ἦς ἐν ἀγορᾷ
119,"Ἠκηκόεσαν, ἐγεγράφεσαν, ἐπεποιήκεσαν, ἐνενοήκεσαν"
120,Ὁ ῥύπος
121,Ἀλεῖν
122,Μέθυσος
123,Ἤμην
124,"Ὤιδηκεν, ᾠκοδόμηκεν"
125,Ἀνίστατο
126,Βρῶμος
127,"Ἡρακλέα, Περικλέα, Θεμιστοκλέα"
128,Ἀνέῳγεν
129,Οἱ ἥρως
130,Ἱερόθυτον
131,Διεφθορὸς
132,Ἀνατοιχεῖν
133,Ἤνυστρον
134,Ἐλλύχνιον
135,Θυμέλην
136,Θυείαν
137,Ἱστὼν
138,Πυθαύλης
139,Καταπροΐξεται
140,Αἱ νῆες
141,Εἰσιέτω
142,"Κνημίδα, πινακίδα, καρίδα"
143,Κλαδ}ᾶν
144,Πολίτης
145,Τύλην
146,Τὸ ῥάπισμα
147,Παροψὶς
148,Κροῦσαι τὴν θύραν
149,Ἐνήλατα
150,Κλίβανος
151,Κυνίδιον
152,Ἐδεδίεσαν
153,Οὐθεὶς
154,Ἀφείλατο
155,Λάγνης
156,Λαγὼς
157,Λίβανον
158,Τὴν λιμὸν
159,Ἐλουόμην
160,Δυσωπεῖσθαι
161,Ἐπεξελευσόμενος
162,Σαλπικτὴς
163,Ἀφιερῶσαι
164,Κολλάβους
165,Νίμμα
166,Νὴ τὼ θεώ
167,Μεσοδάκτυλα
168,Λάσταυρος
169,Μάλη
170,Μεγιστᾶνες
171,Λόγιος
172,Ἐξιδιάζονται
173,Μύκας
174,Αὐτότροφος
175,Τὸ ὁλοσφύρατον
176,Ὀπωροπώλης
177,"Νοσσός, νοσσίον"
178,"Χρύσεα, ἀργύρεα, χάλκεα, κυάνεα"
179,Ἐκτρῶσαι
180,Δυσὶ
181,Δυεῖν
182,Ὤτοις
183,Μείρακες
184,Ἀναθέσθαι
185,Σταθερὸς ἄνθρωπος
186,Ἀναπεσεῖν
187,Ἀνάκειται
188,Ἀντιβάλλειν
189,Σκορπίζεται
190,Κατασχάσαι
191,Ἀρχαιϊκὸν
192,"Ῥέει, ζέει, πλέει"
193,Ἀρτοκόπος
194,Ἐνθήκη
195,Ἐξυπνισθῆναι
196,Βαλαντοκλέπτης
197,Βασίλισσα
198,Σικχαίνομαι
199,Γελάσιμον
200,Ἀλεκτορίς
201,Γλωσσίδας
202,Γρύτη
203,Διώρυγος
204,Δίκρανον
205,Διόσκουροι
206,Ἔφης
207,Ὑστερίζειν
208,Παραβόλιον
209,Στατὸς
210,Παιδίσκη
211,Παῖξαι
212,Παλαιστρικός
213,Κορυφαιότατον
214,Ἐπαοιδὴ
215,Διδοῦσιν
216,Προαλῶς
217,"Πηχῶν, πήχως"
218,Σύμπτωμα
219,Ἔκθεμα
220,Κατορθώματα
221,Ὕπαιθρον
222,Τὸ μὲν κοιτὼν
223,Ῥοΐδιον
224,Σμῆγμα
225,Σάκκος
226,Πέπων
227,Ἐπαρίστερον
228,Πλόκιον
229,Στυππέϊνον
230,Ἀντίρρησιν
231,Βασίλισσαν
232,Εὐαγγελίζομαί
233,Ἐκαθέσθη
234,Υἱέα
235,Ἀνέκαθεν
236,Κεφαλαιωδέστατον
237,Ἐσθ' ὅπῃ
238,Βάκηλος
239,Ἑκὼν εἶναι
240,Ὄρθρος
241,Μαγειρεῖον
242,Τυγχάνω
243,Σύγκρισις
244,Κατ' ἐκεῖνο καιροῦ
245,Ἐπέστησε
246,Εὐστάθεια ἢ εὐσταθής
247,Πάλι
248,Ὑπόστασις ἔργων
249,Γεννήματα
250,Ἵνα ἄξωσιν
251,Συνήντετο
252,Σίναπι
253,Ὀνυχίζειν
254,Ὁ νῶτος
255,Βρέχει
256,Λάμυρος
257,Ἐξέτρωσεν
258,Ἔκτρωμα
259,Ἐπίδεσμος
260,Τὸ σκάτος
261,Φλοῦς
262,Πεποίθησις
263,Παλαστὴ
264,Ἔγγιον
265,Ξύστραν
266,Μαμμόθρεπτον
267,Σίλφην
268,Ψύα
269,Ὑλιστήρ
270,Πάπυρος
271,Ἀφρόνιτρον
272,Νίτρον
273,Ἐξάδελφος
274,Ὑπάλλαγμα
275,Πανδοχεῖον
276,Τὴν φθεῖρα
277,Μοκλὸν
278,Κατὰ κοιλίας ποιεῖν
279,Ἐφιόρκους
280,"Ψίεθος, μιερὸς, ὕελος"
281,Πύελος
282,Οἱ χόλικες
283,Χονδροκώνειον
284,Ἐκτενῶς
285,Πρώτως
286,Παραθήκην
287,Ἀπαράβατον
288,Λυχνίαν
289,Ἀγωγόν
290,Κρύβεται
291,Καρῆναι
292,Κοχλιάριον
293,Δεξαμενή
294,Χθιζὸν
295,Βαθμὸς
296,Πυρία
297,Ἵπτασθαι
298,Νήστης
299,Κατὰ χειρῶν
300,Φάγομαι
301,Ἡμικεφάλαιον
302,Ἐνάρετος
303,Γαστροκνημίαν
304,Θέρμα
305,Τεθεληκέναι
306,Ψύλλος
307,Εὐσχήμων
308,Ἐπίτοκος
309,Ἐγκάθετος
310,Ἐνδυμενία
311,Ἐμπυρισμός
312,Ἡμίκακον
313,Ἔμελλον ποιῆσαι
314,Κραυγασμός
315,Κορυδαλός
316,Καμμύειν
317,Κεφαλοτομεῖν
318,Λάκαιναν
319,“Μὲν οὖν
320,Μιαρία
321,Γαμῴη
322,Ἐργοδότης
323,Ἐντέχνως
324,Διδῴη
325,Βρώσομαι
326,Ἐὰν ἄξῃς
327,Ἄγαγον
328,Ἀναισθητεύομαι
329,Αὐθεκαστότης
330,“Τὸν παῖδα τὸν ἀκολουθοῦντα μετ' αὐτοῦ
331,Βιωτικόν
332,Βουνός
333,Μονθυλεύω
334,Βόλβιτον
335,Γογγυσμὸς
336,Δύνῃ
337,“Ὥρκωσε
338,Εὐκερματεῖν
339,Ἐνιαυσιαῖον
340,"Ἐδέετο, ἐπλέετο"
341,Ἐξαλλάξαι
342,Ἐνεχυριμαῖα
343,Ἐκλείψας
344,Χρηστὸς τὰ ἤθη
345,Θυρεός
346,Διονυσεῖον
347,Ἔμελλον γράψαι
348,Οὐχ οἷον
349,Οἰκίας δεσπότης
350,Ὁνδηποτοῦν
351,Πρόσφατον
352,Πτῶμα
353,Περίστασις
354,Παρεμβολὴ
355,Σαπρὰν
356,Σώματα
357,“Τὰ πρόσωπα
358,Στρηνιᾶν
359,Σύαγρος
360,Συγγνωμονῆσαι
361,Σιτομετρεῖσθαι
362,Στηθύνιον
363,Ὑπέρδριμυς
364,Φυγαδεῦσαι
365,Φρονιμεύεσθαι
366,Χήμη
367,“Τί χειμάζεις
368,Χρησιμεῦσαι
369,Ἐσχάτως ἔχει
370,Χρεολυτῆσαι
371,Χρέως
372,Φιλόλογος
373,Τίνι διαφέρει
374,Τέτευχε
375,Στρόβιλον
376,Συγκαταβαίνειν
377,Σκνιφὸν
378,Σταμνία
379,Συσχολαστὰς
380,Στρωματεὺς
381,Εὐχρηστεῖν
382,Ῥᾳότερον
383,Ῥύμη
384,Δρωπακίζειν
385,Στέμφυλα
386,Πενταετηρικὸς
387,"Πεντάμηνον, πεντάπηχυ"
388,Ἑξάπηχυ
389,Περιεσπάσθην
390,Πορνοκόπος
391,Λήθαργος
392,Μεσοπορεῖν
393,Γῦρος
394,Σύσσημον
395,Οἰκοδομὴ
396,Κατ' ὄναρ
397,Μετριάζειν
398,Λιθάριον
399,Καθώς
400,Κάκκαβον
401,Κυνηγός
402,Καταφαγᾶς
403,Γελάσιμον
404,Ἐλλύχνιον
405,Κολόκυνθα
406,Καταφερής
407,Καταλογὴν
408,Κολλυβιστής
409,Τὰ ἴδια πράττω
410,Ἀκρατεύεσθαι
411,Αἰχμαλωτισθῆναι
412,Ἐωνησάμην
413,Ἀνατοιχεῖν
414,Ἔνυστρον
415,Καταπροΐξεται
416,Πενητεῦσαι
417,Ὑστερίζειν τῷ καιρῷ
418,Ἀντικρύ
419,Ἀνυπόδητος
420,Εὕρημα
421,Προσδεῖσθαι
422,"Ἀπηρτισμένον, ἀπήρτικα"
423,Ἀνέκαθεν
424,Κεφαλαιωδέστατον
