1z1,ἀφηλικέστεροι
1z7,αἴρεται πόλεμον ἢ ἔχθραν ἢ στάσιν
1z9,αὐτόκερας
2z1,ἄνθρωπος φιλοπραγματίας
2z4,ἀκρότητος καὶ ἄπορος ἄνθρωπος
2z5,ἀκράχολον καὶ δύσκολόν <τι> φθέγγεται
2z7,ἀμφαρίστερος
2z9,αἰσχυνόμενος <γὰρ> περιπλέκει τὴν συμφοράν
2z11,ἄνοργοι
3z1,ἀνελκταῖς ὀφρύσι σεμνόν
3z3,ἀργύριον ἔχει οὐδ' ὅσον
3z5,"ἁπαλοὶ θερμολουσίαις, ἁβροὶ μαλθακευνίαις"
3z8,ἀνόητά γ' εἰ τοῦτ' ἦλθες ἐπιτάξων ἐμοί
3z11,"αὐτοσχεδιάζειν σύ, ἥκειν σύ"
4z1,ἄπλετον πώγωνα
4z3,αὐτὸ τοὔμπαλιν λέγεις
4z6,ἀνεβόησεν οὐράνιον ὅσον
4z8,ἀωρίαν ἥκειν
4z11,ἀνωφέλητος ἄνθρωπος
4z14,ἀφαιρεῖν κροκύδας
5z1,ἀφαιρεῖ τρίχας
5z3,ἀλινδήθρα
5z11,ἄνθρωπος ἀποφράς
5z15,ἀπιστίαν βλέπει
5z17,αὐτοκῆρυξ
5z19,ἀνεμεστώθη
5z21,ἀνακραγεῖν
6z1,"ἀνθρωποειδὲς θηρίον, ὕδατι συζῶν"
6z4,ἄνθρωπος ἐξ ὁδοῦ
6z6,ἁρπαγιμαῖος
6z10,"ἀγαθὸν ἔτι τοῦτ' ἀπολείπεται, εἰ καὶ τοῦτ' ἄρα"
6z13,ἀκύμων
6z18,ἀνασπᾶν γνωμίδιον
7z1,"ἄρχειν ὁ πατήρ σε παρηγγύησέ μοι, ἢ δῆμος, ἢ βασιλεύς"
7z4,ἀνεπάγγελτος δειπνεῖ
7z6,ἀπελαμπρύνθη
7z7,ἄτεγκτος παρηγορήμασιν
7z10,ἀπαίρειν
7z13,ἄκομψον καὶ φαῦλον
7z17,ἀπόβλεπτον
8z1,ἀμφιμήτωρ
8z3,ἀχώρ
8z6,ἄνθρωπος πρόδοξος
8z10,ἀτμίζον κρέας
8z12,ἀκοῦσαι ὀργῶ
9z1,ἀϋπνεῖσθαι
9z2,ἄδρατα
9z3,ἀπηνθίσθαι
9z6,ἀναπηδᾶν ἐν δήμῳ
9z8,ἀρήν
9z9,ἀρχῆθεν
9z12,ἀποδιοπομπεῖσθαι καὶ διοπομπεῖσθαι
9z18,ἀχυρός
10z1,αὐλίζεσθαι
10z4,αὐχμός καὶ αὐχμή καὶ αὐχμῶντα
10z7,αὐχμηρὰ γῆ
10z9,αὐτοχειρίᾳ
10z12,ἀρρωστία
10z18,ἀπέρωπος
10z22,ἀπολλύασιν
11z1,ἀργέλοφοι
11z4,ἀτεράμων ἄνθρωπος καὶ πρίνινος καὶ στιπτὸς καὶ σφενδάμνινος
11z13,ἄπαρνος
11z14,αὐτόκακον ἔοικε τῷδε
11z20,ἀκρύπτως
11z22,ἄψοφον ἔχειν στόμα
12z1,ἀστεῖόν <τι> καὶ κατερρινημένον εἰπεῖν
12z4,ἀναψαθάλλειν τὸ πέος
12z9,αἴρεσθαι τιμαῖς
12z11,ἀνεπίτροπος
12z14,αὐτὴ νῦν ἡ σοφία ζῇ
12z16,ἀπρακτεῖν
13z1,ἀπόψηφοι ἐγένοντο τοῦ ἀποκτεῖναι
13z4,ἀναπηρία
13z7,ἀπεπτόμην
13z8,ἄοινος
13z11,ἄνθρωπος λυπησιλόγος
13z13,ἀγαθῶν ἀγαθίδες
14z1,ἀράμενον φέρειν
14z3,αἱμῳδεῖν
14z4,ἄξιον τριχός
14z6,ἀναιδὲς καὶ θρασὺ βλέπει
14z8,ἀσπάλαθος
14z10,ἀναγωγή
14z11,ἀθάρη
15z1,ἀλωπεκίσαι
15z3,ἀπήρτησε καὶ ἀπαρτᾶν
15z4,ἀνεπτερῶσθαι τὴν ψυχήν
15z8,ἀπόστρεπτος ἄπιθι
15z9,ἀνάφορον
15z11,ἀριστεροζύγης
15z12,ἀγρίοις κατακαῦσαι ξύλοις
15z14,ἀποφέρῃ πλέων
16z3,ἄριστος κλέπτειν
16z6,ἀπέδραμεν
16z13,ἀπόπτυστος
16z15,ἀποταγηνίσαι
16z17,αὖθις αὖ Πυθώδε ὁδός
16z21,ἅλις τοῦδε
17z3,"ἄρτι, ἀρτίως"
17z10,ἀφύη
17z11,ἀπώμοσα μὴ οὐ πρᾶξαι τοῦτο
17z13,ἀνδρόγυνον ἄθυρμα
17z15,ἄτριψ
18z1,αὐταρκεῖν
18z3,ἄμβωνες
18z6,ἀπόλεμος χρόνος
18z8,ἄγευστος θοίνης
18z10,ἀσμενώτερος
18z11,ἄζυξ
18z13,ἀνασκυζᾶν καὶ σκυζᾶν
18z19,ἄνω τὰ ῥήματα ἐξαίρειν
19z1,ἀναθολοῦσθαι
19z3,ἀττικίζειν καὶ ἐξαττικίζειν
19z6,ἄνθη
19z8,ἀποβάθρα
19z12,ἀλλογνοεῖν καὶ ἠλλογνόουν
19z14,ἁπαλὸς εἴσπλους τοῦ λιμένος
20z1,ᾄδειν ὅμοιον
20z3,ἀγκαλίδες ξύλων
20z5,ἀμνηστῶν καὶ ἄμνηστος
20z6,ἀπονυχίζεσθαι τοῦ ὀνυχίζεσθαι
21z1,αὔεσθαι πῦρ καὶ ἐναύεσθαι
21z3,ἀπορθοῦν πόλιν ἢ οἰκίαν
21z6,ἀγαθῶν πάντων ἐπινένηται ἡ τράπεζα
21z8,ἀνήνυτος πόνος
21z9,ἀψευδοῦντες
21z10,ἀνιερὸς τύχη
21z11,ἀρχαῖος
21z12,ἄνεμος καὶ ὄλεθρος ἄνθρωπος
21z13,ἀθέως διέφθαρται
22z3,ἀσπάζεσθαι
22z5,ἀναχωρεῖν ἐπὶ σκέλος
22z8,ἄμαχον τὸ κακόν
22z10,ἀνακαλλύνειν
22z12,ἄστρωτον
22z14,ἀνθρωπίσκος φαῦλος
23z1,ἁνύειν
23z3,ἀσύφηλος ὕβρις
23z4,ἄμισθος
23z6,ἄπυρον πινακίσκον
23z8,ἀλέα
23z9,ἀλεαίνοιμι
23z11,αὐλὴ πρόσειλος
23z13,ἀλλόκοτον
24z3,ἀχθεινόν καὶ ἀχθεινά
24z5,αὐθέντης
24z10,ἀναζέσαι καὶ ἀνάζεσον
24z12,ἀγριωθείς
24z14,ἀνεψιαδῆ
24z16,ἁρμογή
25z10,ἀπαλοᾶν
25z16,ἄπεφθον
26z1,αἰνίγματα συμβάλλειν
26z2,ἀνεσκιρτημένας
26z4,ἀφηγεῖσθαι
26z5,αἱμορρυής
26z6,αὐτὰ καὶ τὰ φίλτατα
26z9,ἀπέσβησε πῦρ
26z11,ἄκος περίαπτον
26z14,ἀναφαλαντίας
26z16,ἀγροβόας ἀνήρ
27z1,"ἀπομάθοις, ἀπομαθέτω, ἀπόμαθε"
27z3,ἀντριάδες
27z9,ἀποψύχεσθαι
27z11,ἄδηλος γνώμη
27z12,ἀνυπόδητος
27z13,ἀφοῦ
27z18,ἄβαξ
27z20,ἀνήγρετο ἐξ ὕπνου
27z22,ἄψυχον ἄνδρα λαμβάνειν συνέμπορον
28z1,ἄσβολος
28z3,αὐθέκαστα <λέγειν>
28z9,ἀσκεῖν καὶ ἀσκηταί καὶ ἀσκητικῶς
29z1,ἀναρρῖψαι κίνδυνον
29z3,ἄβουλος στάσις
29z4,ἄψαυστος
29z6,ἁπαξάπαντες
29z8,ἀνακτᾷ τόνδε
29z13,αὐτόκρατον
29z16,ἀπαιδάγωγος
29z18,ἀναφρόδιτον
29z19,αὐτοκέλευστος
30z1,ἀκοσμεῖν
30z3,αἱ τῶν γυναικῶν παγίδες
30z6,ἀνέκαθεν
30z8,ἁπαλόχρως
30z10,ἀργυροσκόπος καὶ ἀργυρογνώμων καὶ ἀργυραμοιβός
30z15,ἀτύραννος πόλις καὶ δῆμος. ἀρρενοῦσθαι
31z1,ἀποτῆξαι λιμῷ
31z2,ἄνανδρος γυνή
31z3,ἁπλούστατος
31z5,ἀντισιωπᾶν
31z7,ἀκάτια
31z10,ἀνίλλειν βιβλίον
31z13,ἀτηρὸν κακόν
31z14,ἀνδρὸς εἶναι μοῖραν
31z16,αὐτογνώμων ἄνθρωπος
31z18,ἀπαρκτίας
31z19,ἀνδρόβουλος γυνή
32z1,ἀναριχᾶσθαι
32z5,ἀνισάζειν καὶ ἀνισῶσαι
32z6,ἀνασηκῶσαι
32z8,ἀναχαιτίσαι
32z11,ἀνεκάς
32z12,ἀληλιμμένον
32z15,ἀκροσφαλές
32z17,ἀγοράζειν
33z1,ἄνθρωπος τῶν ἀπὸ κώπης
33z2,ἀρτίχνους
33z5,ἀναγκόδακρυς
33z7,ἀνοικτίρμων
33z9,ἀτενὴς καὶ ἀτεράμων ἄνθρωπος
33z12,ἀρτοπωλία
33z13,ἄβολον κτῆνος
33z15,ἀρύταινα
33z17,ἄωρα πράττειν
33z19,ἀγεωργίου δικάζεσθαι
34z1,ἀμήρυτοι λόγοι
34z4,ἀνωμοτί
34z5,ἀπομύξαι λύχνον
34z6,ἁδρῦναι
34z7,ἀπώμοτον πρᾶγμα
34z9,ἀνθρήνιον
34z11,ἀνυπήλιφος ναῦς
34z14,ἀξιοπενθής
34z16,ἀμυχαί
34z18,ἀνδρεράστρια γυνή
35z1,ἀνθρωπικὸς μῦθος
35z3,ἀθήρ
35z6,ἀειλογία
35z8,ἀνοητία
35z11,αἰσχροποιός
35z13,ἀτοπίας πλέως ἄνθρωπος
35z14,ᾄδειν ἀλεκτρυόνας
36z1,αἰκάλλοντες
36z5,ἀδολεσχεῖν καὶ ἀδολέσχης
36z13,ἄκυλος
36z14,ἀκρόδρυα
37z1,ἀνθοσμίας οἶνος
37z3,ἀναβῆσαι
37z4,αἰρόπινον
37z8,ἀπέρατον
37z10,ἀείζων
37z13,ἀχρήμων
37z14,ἀγωγεύς
38z1,ἀρτοποπεῖν
38z3,ἀπὸ στόματος λέγειν καὶ ἀπὸ γλώσσης
38z5,ἄβατος ὁδός
38z6,ἀκροᾶσθαι
38z7,ἁλμαίαν
38z9,ἀρχαιϊκὰ φρονεῖν
39z1,Αἴτνη ἄνθρωπος
39z5,ἀκραιφνὲς ὕδωρ
39z7,ἀνάρρημα
39z8,ἀκταινῶσαι
39z15,ἀκρατίσασθαι
40z11,ἀμεταχείριστα τὰ κοινά
40z13,ἀντιβολία
40z15,ἀμφαξονεῖν
41z1,ἀνάδικος δίκη
41z2,ἀπὸ ῥυτῆρος τρέχειν <ἐᾶν> ἵππον
41z4,ἀπονίψασθαι τὼ χεῖρε καὶ ἀπονίψασθαι τὼ πόδε. ἄρρατον
41z5,ἄρρατον
41z7,ἀπιστεῖν
41z8,ἀσφάραγος
42z4,ἀσκωλιάζειν
42z7,ἀσκαρίζειν
42z11,ἀρωματοπῶλαι
42z12,ἀωροθάνατος
42z14,ἀστρατηγία
42z15,ἀρρήκτως ἔχειν
42z17,ἀνεμοφόρητον
43z1,ἀσωτεῖον
43z3,ἀμφήμερος πυρετός
43z5,ἁμαξιαῖα ῥήματα
43z9,ἄπιστόν με τίθης
43z10,ἀνωφρυασμένος ἄνθρωπος
43z15,ἀπρόσοδος βίος
43z17,"ἁπλᾶ, διπλᾶ, τριπλᾶ"
44z1,ἄδουλος βίος
44z3,ἀπωλεσίοικον μειράκιον
44z5,ἁρπαξομίλης
44z7,"ἀνήδομαι, ἐφ' οἷς ἥσθην"
44z11,αὐθιγενής
44z13,ἀπολοπίζειν
45z1,ἀνδρὸς ἀγαθοῦ πεισθείς
45z3,ἀνταποπαίζειν
45z6,ἀπειλήματα
45z8,ἀποστοματίζειν
45z11,ἄτροφοι καὶ ἀνάγωγοι καὶ λακτισταὶ ἵπποι
45z13,ἀγγελικὴ ῥῆσις
45z15,ἀνταίρειν
45z16,ἀναμαντεύεσθαι
45z18,ἄδωρος χάρις
45z20,ἀποψύχει<ν>
46z1,αἰσχροεπεῖν
46z2,ἀνηλέητος καὶ ἀνηλεής
46z3,ἀφρίζειν καὶ ἀναφρίζειν. ἀμφιλαφὲς δένδρον
46z4,ἀμφιλαφὲς δένδρον
46z6,ἀποτραχύνου
46z7,ἀνακύψαι ἐκ νόσου. ἁλίπαστα
46z8,ἁλίπαστα
46z10,ἀνακεῖσθαι
46z12,ἀπαιθριάζειν
47z1,αὐλία θύρα
47z2,ἀφαγνίσαι
47z3,ἀναισχυντῆσαι
47z4,ἀσκεῖν κακά
47z6,ἀποψᾶσθαι
47z8,ἀπόρρησις
47z12,ἀπαγωγή
47z15,ἄρχων
47z16,ἀνταναγνῶναι
47z18,ἀπὸ καιροῦ λέγειν
47z19,ἀνασπᾶν βούλευμα καὶ ἀνασπᾶν γνωμίδιον
48z1,ἀνασχινδαλευθῆναι
48z3,ἀνῄρηκεν
48z6,ἀχάλινα στόματα
48z8,ἀνέζεσεν αἷμα
48z9,ἀνάκλητος
48z11,ἀβελτεροκόκκυξ
48z13,ἀκεῖσθαι καὶ ἐξακεῖσθαι
48z16,αἴσθημα
48z17,ἀρύστιχος
49z1,ἀμφὶ τὰ στρατεύματα δαπανᾶν
49z4,ἀμφιλεξάντων
49z6,ἀμφιλογία καὶ ἀμφισβήτησις
49z7,ἀνοίσω
49z8,ἀπομερμηρίσαι
49z10,ἁμαξιτὸς ὅδος
49z12,ἀποπτύσαι λόγους
49z14,ἀνδροκτονεῖον
50z3,ἀπορροή
50z4,ἄχρι κόρου
50z8,ἀποσπεύδειν
50z9,ἀναθερμαίνειν τὰς φρένας
50z11,ἀκρατὴς γάμων
50z12,ἀναβιβᾶται
50z14,ἀχανές
50z16,ἀποτεμεῖν μηχανάς
51z1,ἀκρατὴς χειρός
51z2,ἀπολέσθαι γελῶντα
51z5,ἀκωδώνιστον
51z7,ἀπάτητος ἀρχή
51z9,ἀναχώρησις
51z11,αὐτομήνυτος
51z12,ἀποκτινύναι
51z14,ἄριστος κλέπτειν καὶ ἄριστος λωπυδυτεῖν
51z16,ἀρίστων ἅπτεσθαι βουλευμάτων
51z18,ἀνδραποδώδεις ἡδοναί
51z20,ἀτερπὲς ἔργον
52z1,ἀνακράγοιτε
52z3,ἀπορθοῦν
52z4,ἀμπελουργεῖ
52z5,ἀπαράτρεπτα ἱμάτια
52z7,ἀπὸ πρώτης
52z8,ἀπὸ τόμου
52z9,βίου εὔροια
52z11,βάλλειν σκώμμασιν
52z13,βιβλιοπώλης καὶ βιβλοπώλης καὶ βιβλιαγράφος. βορβορώδης
52z14,βορβορώδης
52z16,βοών
53z1,βωμὸς θερμός
53z4,βίος θαλάττιος
53z6,βασκάνιον
53z11,βουλιμιᾷ τὰ βαλάντια
53z13,βορὸν χρῆμα
53z14,βαλαντιοτομεῖν
53z16,βληχών
53z19,βλάκες
54z1,βάλανοι φοινίκων
54z4,βδελυγμία
54z5,βατταρίζειν
54z7,βαμβαλύζειν
54z9,βαδιοῦμαι
54z11,βρυγμός
54z13,βωλοκοπεῖν
54z15,βολβωρυχεῖν
55z1,βριμοῦσθαι
55z4,βουβωνιῴη
55z6,βλιτομάμμας
55z11,βαθύπλουτος
55z13,βρῦ
55z16,γυναικηρὸς τρόπος
55z18,γερανίας
55z20,γῆ εὐήλιος
56z1,γλωττοδέψην
56z3,γόνιμα ἀγαθά
56z5,γονατίζειν
56z6,γυναικίζειν
56z8,γόης
56z9,γάργαλος
56z11,γαλῆν καταπέπωκεν
56z14,γραφεύς
57z1,γήπεδα
57z4,γέρων ῥυσός
57z5,γειτνία
57z6,γενναῖον ῥῆμα
57z9,γλίσχρως προθυμεῖσθαι
57z11,γαληνίζει καὶ διεσκέδασται τὰ μέτωπα
57z13,γραμματιστής
57z14,γάστρις
57z15,γεωνόμης καὶ γεωμέτρης
57z18,γόμφος
57z19,γυμνοπαιδιά
58z1,γαμικὰ μέλη
58z2,γλαφυρὰ κωμῳδία
58z5,γνώμην ἐμήν
58z7,γέρανδρυς
58z8,γλωττοκομεῖον
58z12,γλῶτται αὐλῶν καὶ γλῶτται ὑποδημάτων
58z14,γρυλίζειν καὶ γρυλισμός
59z5,γογγυλίς
59z7,γέρων στύππινος
59z10,γνωσιμαχῆσαι
59z13,γαστροχάρυβδις
59z15,γραῦς ἀναθυᾶ
60z3,γλίσχρος
60z5,γεῖσα
60z6,γέρρα
60z9,γραῦς
60z11,γρασός
60z14,γρυμεῖα
60z19,γύννις
61z1,γόμφιοι
61z5,δικαιόσυνος Ζεύς
61z8,δυσλογεῖν
61z9,δημεχθὴς ἄνθρωπος
61z11,δημοπίθηκος
61z13,διαδρησιπολίτης
61z16,δεσμιώτατος
61z18,δύσκληρος
61z20,διασείεσθαι πρὸς τόνδε
61z22,δειπνοπίθηκος
62z1,διατοιχεῖν
62z4,δισχιδὴς ὁδός
62z6,δωροληψία
62z7,δι' οὐδενὸς ποιεῖσθαι τόνδε
62z9,δικομήτρα
62z11,διακυροῦν
62z12,δυσμάραντον κακόν
62z14,δυσπρόσωπα ὄμματα
62z15,δικορράπτης καὶ δικορράφος
62z16,δυσοιωνεῖν
62z18,δρομικὴ γλῶσσα
63z1,δίαιταν ἐπιτρέπειν
63z4,διέφθορεν
63z8,διενέγκειε καὶ διενέγκοι
63z11,δικολύμης ἄνθρωπος
63z13,διετησίως
63z15,διώμοτος
63z17,δεινὰ φυσᾶν
63z19,διαλαβεῖν
64z1,διαμυλλαίνειν
64z3,διασοφίζεσθαι
64z5,διεσφηκῶσθαι
64z7,διαιρεῖν ἔχθραν
64z8,δέδεται ἡ ψυχὴ ὑπ' ὀδύνης
64z10,"δακνᾶς ἵππος, δακνᾶς ὄνος"
64z11,δυσήλιον θέρος
64z13,διασιλλοῦν καὶ διασιλλῶσαι
64z16,δημοφανὲς πρᾶγμα
64z17,διαλινῆσαι
64z18,δίχα
64z20,δι' ἔχθρας γενέσθαι καὶ δι' ὄχλου γενέσθαι.
64z21,διάθεσις λόγου
65z1,δυσορκῆσαι
65z2,δέσις
65z46,δι' ἀσχολίας πολλῆς <γὰρ> ἦλθον ἐπὶ τόδε
65z8,δυσγάργαλος
65z9,διᾴσασθαι
65z11,διαλέξασθαι
65z13,δυσέριστος
65z14,δέος καίριον
65z15,διχόρροπος γνώμη
65z17,διακοῦσαι
65z18,ἐπιδεικνύμενος
65z20,ἔξηβον
65z22,ἑτερεγκεφαλεῖν
66z5,ἐσμὸς μελισσῶν καὶ σμῆνος μελισσῶν
66z7,ἑστιᾶν τῷδε
66z13,ἔδει
66z18,ἐπιπολῆς
67z4,εὐνοϊκῶς
67z5,ἐλαφρὸν παραινεῖν <τῷ> κακῶς πεπραγότι
67z7,ἐξεγγυήσασθαι
67z10,ἐπῳδαί καὶ ἐπῳδή
67z12,εὐημερία
67z16,ἐξορμενίζειν
68z3,ἔνδειγμα
68z6,ἑτεραχθεῖ
68z9,ἔκμετρος πλοῦτος καὶ ἔκμετρος χρυσός
68z12,ἐζωμευμένα κρέα
68z13,ἐκρότησεν
68z14,εὐπροσόμιλος
68z16,ἐκκροτεῖν ῥήτορας
68z18,ἐρρωγότας λέγειν λόγους
69z4,ἐφιππάσασθαι λόγοις
69z6,ἐνσεσεισμένη
69z9,ἐτνήρυσις
69z12,εὔερος ὀΐς καὶ εὔερον ἱμάτιον
69z14,ἐπικαττύειν καὶ πτερνίζειν
69z19,ἐπεσκεύασται τὸ δεῖπνον
69z21,εἰκοβολεῖν
70z1,εἰς τὴν κερδαίνουσαν πάντα ὠθεῖν πήραν
70z3,ἐμπυρεύεσθαι
70z5,εὐτράπεζος ἄνθρωπος
70z7,ἔργοις παθὼν ῥήμασιν ἀμύνεται
70z9,ἐπ' ἄκρων κάθησθε τῶν πυγιδίων
70z13,ἐπίμεστα πλουτῶν
70z15,ἐλαιοπληθής
70z16,ἐπώνια
70z18,ἐπιδείκνυ
70z22,ἐπιτριπτότατος ἄνθρωπος
70z24,ἐσχάρα
71z1,ἐπιχαιρέκακος ἄνθρωπος
71z3,ἐκζωπυρεῖν πῦρ
71z5,ἐκθάλπεσθαι ἔρωτι
71z7,εὔορνις τύχη
71z9,εὐθετεῖν νεκρόν
71z11,εἰς γόνυ πεσεῖν
71z14,ἐπιβατεύειν νεώς
71z15,ἐντρίβεσθαι
71z17,ἔξεδρον
71z18,ἐγὼ σιωπῶ τῷδε
72z3,ἔνδυθι
72z4,ἐπέτειον
72z6,ἐπὶ ῥητοῖς
72z7,ἔσεισέ μου τὴν καρδίαν
72z9,ἐξῶλες κακόν
72z10,ἐπαμφοτερίζειν
72z12,εὐτράπελος
72z14,ζωμήρυσις
72z15,ἡδυλογεῖν
73z1,ἤνεγκον
73z4,ἡμίσεας καὶ ἡμίσεις
73z7,ἠπιάλης
73z10,ᾐνιγμένον
73z12,ἠμηχάνουν
73z13,ἠγρίωνται καὶ σεσήρασιν ἐπ' ἀλλήλους
73z15,ἤρυγον
74z1,[<ἠπορημένον
74z3,θῦσαι
74z7,θεόθυτα
74z9,θυμέλη
74z13,θαλαττοκοπεῖν
74z16,θυροκοπεῖν
75z1,θυροκόπος
75z3,θεοῦ προσβολή
75z4,θερίζειν καὶ χειμάζειν
75z6,θράττει
75z8,θυμβρόφαγον βλέπειν
75z10,θωράκιον
75z15,θωρηχθείς
75z16,θρύπτεσθαι
75z18,θνησείδιον
75z19,ἰσῆλιξ
76z1,ἰδιάζειν
76z3,ἰχθυολύμης ἄνθρωπος
76z5,ἰχνευταί
76z7,ἵν' ἀκροᾷ
76z10,Ἰαπετός
76z12,Ἰλιὰς κακῶν
76z14,ἱππίδιον
76z15,ἰξοί
77z1,ἱκετεία
77z3,ἱερόπτης
77z5,ἱερώσυνα
77z11,ἱλεούμενοι
77z13,ἰπός
77z14,ἰχθῦς
77z16,ἵππουρις
77z17,ἴονθος
77z20,κεχαρισμένως θύειν
78z1,κυαναυγὴς θάλαττα
78z3,κρεμάσαι τὰς ἀσπίδας
78z9,κάτοινος
78z10,κοινὸς τῶν πονηρῶν φίλος
78z12,κραιπάλη
78z15,καγχαστής
78z18,καταβαλῶ σε παρὰ τῷδε μανθάνειν
78z21,καταχῶσαι λόγοις καὶ ὕμνοις καὶ ἐπαίνοις
78z23,κενὰ τῆς γνάθου πολλὰ χωρία
78z25,κατεστωμυλμένος ἄνθρωπος
79z1,κατακλᾶν τὸν ὀφθαλμόν
79z4,κατᾴδειν
79z6,κροτεῖν ὀστράκοις
79z13,Κρονοθήκη
79z16,κατὰ κοιλίαν νοσεῖ
79z18,κένανδρος πόλις
79z20,κριθώλεθροι ἵπποι
79z21,καταγλωττίζειν
79z23,κοτυλίζειν
80z1,κακοτεκνία
80z3,κεχρίσθαι σκορπίῳ
80z8,κριηδὸν ἐμβάλλειν
80z10,κήληθρον
80z11,κατακοιμίζειν τὸν λύχνον
80z13,κυανεῖ ἡ θάλαττα
80z16,Κρονοδαίμων
80z18,κάπνη
80z20,κατευπαθημένα
80z22,κούριδες μάχαιραι
81z1,κελεύστωρ
81z4,κοινοθυλακεῖν
81z6,κυσοκόλαξ
81z8,καθ' ἡδονήν μοί ἐστι πράττειν ἢ λέγειν
81z9,κληρωτήρια
81z11,κατάγειον
81z12,κυψέλαι φρονημάτων
81z14,κακόν τι προσαπολαύσω
81z16,κέραμον
81z18,καλήτης καὶ κάλη
82z1,κονίαμα
82z2,κερματίζειν λόγον
82z3,κῆδος
82z5,κεκιβδηλευμένον νόμισμα
82z7,κακόν τι σαυτῷ προυφείλεις
82z9,κορίζεσθαι καὶ ὑποκορίζεσθαι
82z13,καλλιγραφῆσαι
82z14,κύειν καὶ τεκεῖν
82z17,κλεῖδα
82z18,καταρκεῖ
82z20,κάκιστος φαγεῖν
83z1,καταλεγείς
83z3,κατακορὴς οἴνῳ
83z4,καπνοῦ σκιᾷ
83z6,καταλεπτολογεῖν
83z8,κενὰ ψοφεῖν
83z9,κίων στόματος
83z10,κακοῖς κακὰ ἰᾶσθαι
83z13,καταδακτυλίζειν
83z16,καθαρὰ βλέπειν
83z18,κύκηθρον
84z1,κυνηγεττεῖν
84z3,κυνοφθαλμίζεται
84z5,κέρκῳ σαίνειν
84z8,κυνοκοπῆσαι τὸν νῶτον
84z10,κλῳομάστιξ
84z12,κάμινον ἔχει ἐν τῷ πνεύμονι
84z15,κάπηλον φρόνημα
84z18,κρανιόλειος
84z20,κνισοτηρητής
84z22,κυνάριον
85z1,καλλιτράπεζος
85z3,κυνοδέσμαι
85z5,κυνοκέφαλλος
85z7,κάλλιστα
85z10,λεπτοσχιδής
85z12,"λεπτή τις ἐλπίς, ἐφ' ἧς ὀχούμεθα"
85z14,λεπτολογία
85z16,λεπτοί
85z17,λεπτακινόν
85z19,λειπογνώμων
86z3,λιμοκόλακες
86z5,λέκιθος
86z7,λάληθρον
86z9,ληκυθίζειν
86z11,λισπόπυγος
86z13,λακωνομανεῖν
86z15,λευκὸν ἀγαθόν
86z16,λείριον
86z29,λογοπλάθος
86z21,λυχνίον
87z1,"λυχνοῦχος, λαμπτήρ, φανός"
87z7,λωβᾶσθαι τόνδε καὶ τῷδε
87z9,λαίθαργος κύων
87z12,λογγάζειν
87z15,λαλεῖν τοῦ λέγειν διαφέρει
87z17,λέπειν
87z18,λόγοις πιαίνειν
88z1,λευκηπατίας
88z2,λάσανα
88z4,λίστριον
88z8,ληνούς
88z11,μηροκαυτεῖν
88z12,μονογέρων
88z14,μεθυσοχάρυβδις
88z16,μετοίκιος Ζεύς
88z18,μεταβάλλεσθαι
89z1,μηδὲν ὑπέρφευ
89z2,μάσθλης
89z4,μεθιστάναι καὶ ἱστάναι
89z5,μαλακιᾶν
89z6,μανόν
89z8,μυκῆτα λύχνων
89z10,μεταίτην
89z11,μεταπομπή
89z12,μολυβδιᾶς ὑπὸ νόσου
89z14,μὴ μέθῃ τοῦδε
89z15,μωλύειν
89z17,μετωπιαία θρίξ
90z1,νεανίευμα
90z4,νεανιεύσασθαι
90z6,νεόπλουτος
90z8,"νεοπλυνῆ χλαῖναν, νεοπλυνὲς ἱμάτιον. νεαλές"
90z9,νεαλές
90z14,νουμηνία
91z1,νεολαία
91z3,νῆστις ὀσμή
91z4,νοσεῖν
91z5,νῆστις
91z7,"ὀνειρόμαντις, ἀστρόμαντις, ὀρνιθόμαντις, ἀλφιτόμαντις"
91z9,οὐδέποτε
91z13,ὀψάριον
91z15,οὐδὲ ἕν
92z1,ὄμφακας βλέπειν
92z3,ὄζειν ἐτῶν
92z5,ὀρθαγγελεῖν
92z6,ὀνυχιμαῖα τέμνειν
92z7,οἴδατε
92z8,"ὅσια μανθάνειν, ὅσια ἰδεῖν, ὅσια ἀκοῦσαι"
92z10,οὐδέν σου παρίεμαι
92z12,οὐδὲν κακὸν <γὰρ> ῥᾳδίως ἀπόλλυται
92z14,"οὐκ ἔστιν τοσοῦτον ὤνιον ἑλλεβόρου, ὥστε τινὰ ἰᾶσθαι"
92z17,ὄχλος ἄλλως
92z18,ὄζει κνίσης
92z19,ὁρκωμόσια
93z1,ὀφρυάζειν
93z2,ὀργάζειν πηλόν
93z7,ὀρίνδα
93z8,ὁσημέραι
93z10,ὄρνεις καὶ ὄρνιθες
93z11,οὐδαμοῦ λέγω τοῦτον
93z13,"ὄρθριος χρὴ λέγειν, οὐκ ὀρθρινός"
94z9,ὀμφακίας θυμός
94z11,ὁλότμητα δεῖπνα
94z13,ὀρνιθεῖα
94z15,ὀνογάστρις ἄνθρωπος
94z17,ὄστινον
94z19,ὁ λόγος ὅδε οὐκ εὖ φρονεῖ
94z21,οὐδὲ πάτταλον ἂν δοίης
95z5,ὁμοσπονδεῖν
95z6,οἰνήρυσις
95z9,ὀνυχίζειν καὶ ἐξονυχίζειν
95z11,"ὀττόμενος, ὄττα, ὠττευόμην"
95z13,οἰνοχόη
95z16,ὅρκον γυναικὸς εἰς ὕδωρ χρὴ γράφειν
96z1,οὐκ εἰμὶ βαδιστικός
96z3,οἰκοκερδῆ βίον εὕρηκεν
96z4,ὄχλος πραγμάτων
96z5,ὀξυήκοος ἄνθρωπος
96z7,ὀρνιθίας χειμών
96z13,ὀξύη
96z15,ὀκλάσαι
96z17,ὀβολολογεῖν
96z18,οἰστέον
96z19,ὀχευτής
96z20,οὐδὲν ἀπὸ καιροῦ λέγεις
96z21,οἰσυπηρά
96z24,ὄμφακας
97z1,ὀξυμαθὴς ἄνθρωπος
97z2,ὁλοκαυτεῖν
97z6,ὀλεκρανίζεσθαι
97z8,ὀξυρεγμία καὶ ὀξωρεγμία
97z10,ὀξύβαφον
97z16,οὐκ ἀπείρῳ προσέβαλεν
97z18,ὀρίγανος
97z19,ὁμαλός
97z21,ὀσμή
98z1,ὀχεῖον
98z3,οὐδὲ <τρητὸν> εἰς ὀδόντα ἔχει φαγεῖν
98z6,ὀψισθείς
98z7,οἰσπώτη
98z10,ὄψις
98z11,οἴσυον
98z13,οὐκοῦν
99z8,ὀνεύειν
99z14,πολιτοκοπεῖν
99z20,περιπλευριεῖς
99z22,Παλαμηδικὸν τοὐξεύρεμα
99z24,πραγματίας ὁ λόγος
100z1,πολύζωον κακόν
100z3,περίζυξ καὶ ἄζυξ
100z5,παραξόνια
100z8,πλησιαίτατοι καὶ πλησιαίτεροι
100z9,παγετῶδες
100z10,προσβολὴ σιδήρου
100z12,πιτύων καρπούς
101z1,προώδων
101z3,πλέον ἢ ἐνιαυτῷ πρεσβύτερος ὑπὸ τῆς ἀηδίας γίνομαι
101z7,πλύνον πλύνεσθαι
101z11,πέλαγος ἡ πόλις ἐστίν
101z13,ποντοφάρυξ
101z16,προτερεῖν ἐπὶ ὁδοῦ
101z18,προεξεγείρειν πρᾶγμα
101z20,πέτρας εἴργασται ὅδε
102z1,παλεύτρια
102z4,προβατεύειν
102z5,προχοίδιον
102z7,πατρῴζειν
102z8,πίθων
102z10,παλιναίρετα
102z12,παρέλυσεν
102z14,προβύσαι φορτικὸν γέλωτα
102z19,Πρότηθυς
102z22,πυθμὴν δικῶν
103z1,παρακεκροῦσθαι τῶν φρενῶν ἢ τοῦ νοῦ
103z4,παρασοφίσματα
103z5,περίτριμμα πραγμάτων
103z7,ποταμόρρυτος γῆ
103z8,προτιμᾶν
103z10,παροψίδες
103z12,πέπραγεν
103z14,πύελος
104z1,προφορεῖσθαι
104z3,πυκνότης τρόπου
104z5,πιθηκισμοί
104z6,περαντικὸς ῥήτωρ
104z8,παφλάσματα
104z10,πάναισχρα ἔργα καὶ πάναισχροι λόγοι. παράβολος
104z11,παράβολος
104z13,πολεμιῶ
104z14,παρεῳγμένης τῆς θύρας
104z17,πολὺ μεθέστηκε τοῦ τρόπου
104z19,πρὸς τοῦ λέγοντος εἶναι
105z1,περικεκρουμένος ἄνθρωπος
105z4,παλάμημα καὶ τύρευμα
105z5,περιδρομαὶ ἐτῶν
105z6,προβάλλεσθαι
105z8,περιειργμένος τόπος
105z9,πρωπέρυσι
105z11,ποντοκύκη γυνή
105z15,περιελαύνεσθαι
105z17,προσδόκιμος
105z18,περιστέλλεσθαι
105z20,πάγος καὶ πάγετος
105z21,πρόπυστος
105z23,πρὸς καιρὸν λέγειν
105z24,παραθέσθαι
105z25,προαναγυμνάζειν στόμα ἢ φωνήν
106z3,πρῷον
106z5,πρῴ
106z7,προπηλάκισις
106z9,Ῥαδάμανθυς τοὺς τρόπους
106z11,ῥινώλεθρος ὀσμή
106z13,ῥαδινοὺς πόδας
106z15,ῥυπαρός
106z16,ῥιγεσίβιοι
107z1,ῥωποπώλης
107z3,"ῥάβδος, ῥαβδίον"
107z4,συμβολεὺς τῶν φίλων
107z6,σκαφῆς
107z8,σπόνδαρχος
107z10,σκαφεῖον
107z11,σκληροβίοτος
107z12,στείλασθαι τὸ πρόσωπον
107z15,σκληρότης ὅρκων
107z17,σιτομνημονεῖν
107z19,σιαλίζειν
108z1,σκώληξ
108z4,στρεβλός
108z6,σφαιρομαχεῖν
108z8,σπονδαγωγοὶ κήρυκες
108z9,σελὶς βιβλίου
108z10,σημῆναι καὶ ἐσήμηνα
108z16,σπευστόν
108z17,στρυφνὸν ἦθος
108z18,σίκυος σπερματίας
109z3,συμπονηρεύεσθαι
109z5,σταφυλαὶ καὶ βότρυες
109z6,σοροδαίμων
109z9,συλλογιμαῖος φορυτός
109z11,σωρὸν κρεῶν
109z13,συνθεῖναι ποίημα καὶ λόγον
109z14,σπουδαρχίδης
109z16,συννοεῖν
109z17,σκυτεύειν
109z19,στραγγαλιώδης ἄνθρωπος
109z21,σύμμαχα ὅρκια
110z1,σαφὲς φῶς
110z3,στρόβιλος
110z7,συκολογεῖν
110z8,σκωρία
110z10,σφήκωμα
110z14,σμῆνος καὶ ἐσμός
110z15,σκοτεινὸς ὀργήν
110z16,σισυφίζειν
110z18,σύγκλυδες
110z19,στελεός
110z21,σύριγξ
111z1,στόμις καὶ βίαιος ἵππος
111z3,σαῦρος
111z5,συντείνειν
111z6,συμμαθητάς
111z7,τρέφειν καὶ διάγειν ἐν πολλοῖς ἀγαθοῖς
111z9,τὰ νεῦρα τῆς τραγῳδίας
111z11,τρυπαλώπηξ
111z13,τοκοπράκτωρ
111z14,τριπάλαια
111z15,ταχυχειρίαν
112z1,τὸ βλέμμα παρενήνεκται
112z3,τεμάχη
112z5,τεφρωθὲν πῦρ
112z6,τραχηλόσιμος ἄνθρωπος
112z18,τοῦ μηδενὸς τίμιος
112z9,τὸν ψόφον τῶν ῥημάτων
112z11,τάγηνον
112z12,τρισέχθιστος ἄνθρωπος
112z14,τῆς οἴκαδε κομιδῆς
112z15,τυντλώδης καὶ ληρώδης λόγος
112z18,τοῦ πατρὸς τὸ παιδίον
113z1,τέλμα
113z3,τῆς νῦν νεολαίας
113z5,τροφαλὶς τυροῦ
113z7,τἆλλα καὶ φιλώμεθα
113z11,τοπάζειν
113z12,τηθαλλαδοῦς
113z14,τὸ φρόνημα ὀγκοῦν
113z16,τὴν καρδίαν κάεσθαι
113z18,τιλλοπώγων
114z1,τυφογέρων
114z3,τυμβογέρων
114z10,"τρίχα, τέτραχα, πένταχα"
114z11,τημέλει
114z14,τητινόν
114z17,τροχισθῆναι
114z20,"τόλμη καὶ τόλμα, πρύμνη καὶ πρύμνα"
115z1,τοῦ κατ' ἐμὲ κόμματος
115z3,τοὺς πλεύμονας ὑπὸ γέλωτος ἀναβρασθῆναι
115z5,τρία ἐξ ἑνὸς βλέπειν
115z7,τοῦ λέγοντος εἶναι
115z9,τῶν διαβαλλόντων εἶναι
115z10,τονθορύζειν <καὶ τονθρύζειν>
115z12,"ὑπόξυλος ποιητής, ῥήτωρ, φίλος"
116z14,ὑποζυγιώδης ἄνθρωπος
116z4,ὕρισχος
116z8,ὑληφορεῖν
116z9,Ὑπερθεμιστοκλῆς
117z1,ὑγρόγελως
117z3,ὑπερδεδίσκηκας πονηρίᾳ πάντας
117z6,ὑποτοπεῖσθαι καὶ ὑποτοποῦμαι
117z8,ὑπεροψωνεῖν
117z10,ὑπόλισπος πυγήν
117z13,ὑψαυχεῖν
117z14,"ὕπουλα γόνατα καὶ ὕπουλον χεῖρα καὶ πόδα, σῶμα"
118z1,ὑποκρούειν τοὺς ῥήτορας
118z3,υἱέος
118z5,υἱεῖ
118z7,ὑπέραυχοι
118z9,ὑπογράμματα
118z12,ὕποινος
118z13,ὑπερφυὴς Κρόνος
118z15,ὑάλινα
119z1,ὑπεσπανίσθαι συνέσεως
119z2,ὑπερδικῆσαι
119z4,ὑπνίσαι
119z5,ὑπερβαίνειν νόμους
119z7,ὑπερφλυαρεῖν
119z8,ὑποσχηματίζεσθαι
119z10,ὑποσακίζεται τὰ χρήματα
119z15,"ὑπερκριθῆναι κατὰ κάλλος, κατὰ ῥητορικήν, κατὰ φιλοσοφίαν. ὑπασθενεῖν"
119z1,ὑπασθενεῖν
120z3,ὑπερπυππάζειν
120z6,ὑποκαθεῖναι τὰς ὀφρῦς
120z9,ὕσπληξ
120z10,ὑπαπαίδευτος
120z12,ὑπέρινος
120z14,ὑπέρφευ
120z16,ὑποτροπιάζειν
121z1,ὑπερχολᾶν
121z3,ὑπερακήκοα
121z4,φυσᾶν δίκτυον
121z8,φαῦλα
121z9,φειδαλφιτεῖν
121z11,φίλελπις
121z13,φλεβοτονεῖσθαι
121z15,φορμοκοιτεῖν
121z18,[<φιλοτησίας προπίνειν
122z11,φιλετνής
122z13,φλέως
122z15,φοῖνιξ
122z18,φορίνην
122z19,φῷδες
123z1,φιλόδειπνος
123z3,φορυτός
123z5,φιλῳδός
123z7,φθόη
123z8,φήληκες
123z11,φίλιος
123z13,φυλοκρινεῖν
123z16,φυλλοχοεῖν
123z18,φορτηγεῖν
123z20,φθειροκτονεῖν
123z22,φιλοπροσήγορος
124z1,φάλαντος
124z5,φάλαγξ
124z7,φοιτητής
124z9,Φρυνώνδειον
124z11,φιλάμπελος ἄνθρωπος
124z13,φιλοψυχεῖν
125z1,Χάραξ
125z3,χόλικες
125z5,χρυσίῳ βάλλειν κορώνας
125z8,χυτροπλάθος
125z9,χελύνη
125z11,χαριστικός
125z12,χειρωναξία
126z1,χρέμπτεσθαι
126z3,χορηγεῖον
126z5,χολλάδες
126z8,χρυσολαμπίς
126z9,χωρὶς οἰκοῦσιν
126z11,χολοβάφινα
126z12,χελυνοίδης
126z15,χραίνεσθαι πρὸς ἥλιον
127z1,χέρνιβα
127z2,χωρεῖν ἐπὶ σκέλος
127z5,χολή ἐστιν
127z7,χλωρὸς τυρός
127z9,χθιζινόν καὶ χθεσινόν
127z11,ψευδογλωττεῖν
127z12,ψυχαγωγός
127z17,ψήκτρα
128z1,ψυχὴ μία ἥστην
128z3,ψηλαφίνδα
128z6,ψυχῆς λαχεῖν
128z9,ψακάζειν
128z11,ψυχορροφεῖν
128z14,ὡραίαν
128z16,ὥριμος καὶ ὡραῖος
128z17,ὠμὸς δαίμων
128z19,ὠνυχισμένος
129z1,ὡς <ἐμοί>
129z3,ὠκυτόκιον
