1%22y1,Ἄβαι
1%22y2,Ἀβάκαινον
1%22y3,Ἀβαντίς
1%22y4,Ἄβαρνος
1%22y5,<Ἀβασηνοί
1%22y6,Ἄβδηρα
1%22y7,Ἀβίλη
1%22y8,Ἄβιοι
1%22y9,Ἄβολλα
1%22y10,Ἀβοριγῖνες
1%22y11,Ἄβοτις
1%22y12,Ἀβρεττηνή
1%22y13,Ἀβρινάται
1%22y14,Ἄβροι
1%22y15,Ἀβρότονον
1%22y16,Ἄβυδοι
1%22y17,Ἀβυδών
1%22y18,Ἄβυλλοι
1%22y19,Ἀβώνου τεῖχος
1%22y20,Ἀγάθεια
1%22y21,Ἀγάθη
1%22y22,Ἀγαθοῦ δαίμονος
1%22y23,Ἀγάθυρνα
1%22y24,Ἀγάθυρσοι
1%22y25,Ἀγαμήδη
1%22y26,Ἀγάμμεια
1%22y27,Ἀγαμός
1%22y28,Ἀγβάτανα
1%22y29,Ἀγγελή
1%22y30,Ἀγησσός
1%22y31,Ἅγιον
1%22y32,Ἄγκαρα
1%22y33,Ἄγκυρα
1%22y34,Ἀγκύριον
1%22y35,Ἀγκυρῶν πόλις
1%22y36,Ἀγκών
1%22y37,Ἀγνοῦς
1%22y38,Ἁγνώνεια
1%22y39,Ἀγνῶτες
1%22y40,Ἀγορά
1%22y41,Ἀγοραῖον τεῖχος
1%22y42,Ἀγορησός
1%22y43,Ἄγρα καὶ Ἄγραι
1%22y44,Ἀγραῖοι
1%22y45,Ἀγραυλή
1%22y46,Ἄγρη
1%22y47,Ἀγρίαι
1%22y48,Ἄγρισα
1%22y49,Ἀγρός
1%22y50,Ἀγυιά
1%22y51,Ἄγυλλα
1%22y52,Ἀγύρινα
1%22y53,Ἀγχιάλη
1%22y54,Ἀγχίση
1%22y55,Ἄδανα
1%22y56,Ἀδαρούπολις
1%22y57,Ἀδέρκων
1%22y58,Ἀδιαβηνή
1%22y59,Ἄδουλις
1%22y60,Ἀδραμύτειον
1%22y61,Ἀδράμυττις
1%22y62,Ἀδράνη
1%22y63,Ἀδρανόν
1%22y64,Ἀδράστεια
1%22y65,Ἀδρία
1%22y66,Ἄδροττα
1%22y67,"Ἀδρύμης, Ἀδρύμητος"
1%22y68,Ἄδρυξ
1%22y69,Ἀδυρμαχίδαι
1%22y70,Ἀερία
1%22y71,Ἀζανία
1%22y72,Ἀζανοί
1%22y73,Ἀζειῶται
1%22y74,Ἀζηνιά
1%22y75,Ἄζιλις
1%22y76,Ἄζωρος
1%22y77,Ἄζωτος
1%22y78,Ἀθαμανία
1%22y79,Ἀθάρραβις
1%22y80,Ἀθῆναι
1%22y81,Ἄθλιβις
1%22y82,Ἄθμονον
1%22y83,Ἄθυμβρα
1%22y84,Ἀθύρας
1%22y85,Ἄθως
1%22y86,Αἶα
1%22y87,Αἰαμηνή
1%22y88,Αἰανή
1%22y89,Αἰανῖτις
1%22y90,Αἰβοῦδαι
1%22y91,Αἴβουρα
1%22y92,Αἰγά
1%22y93,Αἰγαῖον πέλαγος
1%22y94,Αἰγαί
1%22y95,Αἴγειρα
1%22y96,Αἰγειροῦσσα
1%22y97,Αἰγεσταῖοι
1%22y98,Αἰγηίς
1%22y99,Αἴγηλοι
1%22y100,Αἰγιαλός
1%22y101,Αἰγικόρεως
1%22y102,Αἰγιλιά
1%22y103,Αἰγίλιψ
1%22y104,Αἰγίμορος
1%22y105,Αἴγιναι γ
1%22y106,Αἰγινήτης
1%22y107,Αἰγίνιον
1%22y108,Αἴγιον
1%22y109,Αἰγόσθενα
1%22y110,Αἰγὸς ποταμοί
1%22y111,Αἴγουσα
1%22y112,Αἴγυπτος
1%22y113,Αἶγυς
1%22y114,Αἰγώνεια
1%22y115,Αἴγωστις
1%22y116,Αἴδηψος
1%22y117,Αἰδούσιοι
1%22y118,Αἰζική
1%22y119,Αἴθαια
1%22y120,Αἰθάλη
1%22y121,Αἰθαλίδαι
1%22y122,Αἰθήρ
1%22y123,Αἰθικία
1%22y124,Αἰθίοψ
1%22y125,Αἰθόπιον
1%22y126,Αἰθυσσεῖς
1%22y127,Αἴκαλον
1%22y128,Ἀίλανον
1%22y129,Αἰλία
1%22y130,Αἱμονία
1%22y131,Αἷμος
1%22y132,Αἴνεια
1%22y133,Αἴνηθος
1%22y134,Αἰνία
1%22y135,Αἶνος
1%22y136,Αἰξώνεια
1%22y137,Αἰόλειον
1%22y138,Αἰολία
1%22y139,Αἴπεια
1%22y140,Αἶπυ
1%22y141,Αἰραί
1%22y142,Αἶσα
1%22y143,Αἰσύμη
1%22y144,Αἰσών
1%22y145,Αἴτνη
1%22y146,Αἰτωλία
1%22y147,Ἀκαδήμεια
1%22y148,Ἀκακήσιον
1%22y149,<Ἀκαλησσός
1%22y150,Ἀκαμάντιον
1%22y151,Ἄκανθος
1%22y152,Ἀκάνναι
1%22y153,Ἀκαρνανία
1%22y154,Ἀκαρασσός
1%22y155,Ἄκαρρα
1%22y156,Ἀκέλης
1%22y157,Ἀκεσαί
1%22y158,Ἀκεσαμεναί
1%22y159,Ἀκέστη
1%22y160,Ἄκη
1%22y161,Ἀκκαβικὸν τεῖχος
1%22y162,Ἀκμονία
1%22y163,Ἀκόναι
1%22y164,Ἀκόντιον
1%22y165,Ἀκούτεια
1%22y166,Ἄκρα
1%22y167,"Ἀκράγαντες πόλεις ε. Σικελίας, ἀπὸ ποταμοῦ παραρρέοντος. φησὶ γὰρ Δοῦρις ὅτι αἱ πλεῖσται τῶν Σικελικῶν πόλεων ἐκ τῶν ποταμῶν ὀνομάζονται, Συρακούσας Γέλαν Ἱμέραν Σελινοῦντα καὶ Φοινικοῦντα καὶ Ἐρύκην καὶ Καμικόν Ἁλικύας τε καὶ Θέρμον καὶ Καμάριναν, ὡς καὶ ἐν Ἰταλίᾳ. οἱ δὲ ἀπὸ Ἀκράγαντος τοῦ Διὸς καὶ Ἀστερόπης τῆς Ὠκεανοῦ. ἔστι καὶ Θρᾴκης καὶ Εὐβοίας καὶ Κύπρου καὶ Αἰτωλίας. Πολύβιος δὲ τὸν ποταμὸν καὶ τὴν πόλιν ἀπὸ τῆς χώρας ὠνομάσθαι Ἀκράγης διὰ τὸ εὔγεων. τὸ ἐθνικὸν Ἀκραγαντῖνος, ὡς Ἰχανῖνος Ταραντῖνος, ὥς φησιν Ἡρωδιανός."
1%22y168,Ἀκραιφία
1%22y169,Ἄκριλλα
1%22y170,Ἀκρόθωοι
1%22y171,Ἀκροκόρινθος
1%22y172,Ἀκροκύλεια
1%22y173,Ἀκρόπολις
1%22y174,Ἀκρώρεια
1%22y175,Ἀκρώρειοι
1%22y176,Ἀκτή
1%22y177,Ἄκτιον
1%22y178,Ἀκυληία
1%22y179,Ἀκυλῖνα
1%22y180,Ἀκυτανία
1%22y181,Ἄκυτος
1%22y182,Ἀκύφας
1%22y183,Ἀκχηνοί
1%22y184,Ἀλάβανδα
1%22y185,Ἀλάβαστρα
1%22y186,Ἀλαβούριον
1%22y187,Ἀλαβών
1%22y188,Ἀλαζών
1%22y189,Ἁλαὶ Ἀραφηνίδες καὶ Ἁλαὶ Αἰξωνίδες
1%22y190,Ἁλαί
1%22y191,Ἀλαλκομένιον
1%22y192,Ἀλαμανοί
1%22y193,Ἀλαρόδιοι
1%22y194,Ἀλανός
1%22y195,Ἄλβα
1%22y196,Ἀλβανία
1%22y197,Ἀλβίων
1%22y198,Ἄλγιδος
1%22y199,Ἀλέα
1%22y200,"Ἀλεξάνδρειαι πόλεις ιη. α ἡ Αἰγυπτία ἤτοι Λίβυσσα, ὡς οἱ πολλοί, ἀπὸ Ἀλεξάνδρου τοῦ Φιλίππου. Ἰάσων δὲ ὁ τὸν Βίον τῆς Ἑλλάδος γράψας ἐν δ βιβλίῳ φησί „τὸν μὲν οὖν τόπον τῆς πόλεως ὄναρ ἐχρησμοδοτήθη οὕτως <Q>νῆσος ἔπειτά τις ἐστὶ πολυκλύστῳ ἐνὶ πόντῳ, / Αἰγύπτου προπάροιθε, Φάρον δέ ἑ κικλήσκουσιν.</Q> ἐκέλευσε δὲ διαγράφειν τὸ σχῆμα τοὺς ἀρχιτέκτονας"
1%22y201,Ἀλήσιον
1%22y202,Ἀλθαία
1%22y203,Ἁλίαρτος
1%22y204,Ἁλιεῖς
1%22y205,Ἁλιζῶνες
1%22y206,Ἁλικαρνασσός
1%22y207,Ἁλικύαι
1%22y208,Ἁλίκυρνα
1%22y209,Ἁλιμοῦς
1%22y210,Ἄλινα
1%22y211,"<Ἄλινδα> πόλις Καρίας, ὡς Πολυίστωρ. ὁ πολίτης Ἀλινδεύς."
1%22y212,Ἀλίμαλα
1%22y213,Ἀλίνδοια
1%22y214,Ἀλίσαρνα
1%22y215,Ἀλίφηρα
1%22y216,Ἀλκομεναί
1%22y217,Ἀλλαλία
1%22y218,Ἀλλάντη
1%22y219,Ἀλλαρία
1%22y220,Ἀλμήνη
1%22y221,Ἀλλόβρυγες
1%22y222,Ἄλμος
1%22y223,Ἀλμωπία
1%22y224,Ἀλόπη
1%22y225,Ἁλόννησος
1%22y226,Ἄλος
1%22y227,Ἄλπεια
1%22y228,Ἀλπηνοί
1%22y229,Ἄλπωνος
1%22y230,Ἀλτός
1%22y231,Ἀλύαττα
1%22y232,Ἀλύβας
1%22y233,Ἀλύβη
1%22y234,Ἀλύζεια
1%22y235,Ἄλυκος
1%22y236,Ἀλύχμη
1%22y237,Ἀλώιον
1%22y238,Ἁλώνη
1%22y239,Ἀλωνίς
1%22y240,Ἀλωπεκή
1%22y241,Ἀλωπεκία
1%22y242,Ἀλωπεκόνησος
1%22y243,Ἄλωρος
1%22y244,Ἀμάδοκοι
1%22y245,Ἀμαζόνειον
1%22y246,Ἀμαζόνες
1%22y247,Ἄμαθα
1%22y248,Ἀμάθη
1%22y249,Ἀμαθοῦς
1%22y250,Ἀμαληκῖται
1%22y251,Ἀμαμασσός
1%22y252,Ἄμανον
1%22y253,Ἀμαντία
1%22y254,Ἄμαξα
1%22y255,Ἁμαξάντεια
1%22y256,Ἁμαξία
1%22y257,Ἁμαξιτός
1%22y258,Ἀμαραντοί
1%22y259,Ἀμαρδοί
1%22y260,Ἀμάρυνθος
1%22y261,Ἀμάσεια
1%22y262,Ἄμαστρις
1%22y263,Ἄμβασον
1%22y264,Ἄμβλαδα
1%22y265,Ἀμβρακία
1%22y266,Ἄμβρακος
1%22y267,Ἀμέριον
1%22y268,Ἀμήστρατος
1%22y269,Ἀμίκου νῆσος
1%22y270,Ἄμιλος
1%22y271,Ἄμισα
1%22y272,Ἀμισός
1%22y273,Ἀμμωνία
1%22y274,Ἀμνισός
1%22y275,Ἀμοργός
1%22y276,Ἄμολβος
1%22y277,Ἀμόριον
1%22y278,Ἄμος
1%22y279,Ἄμπελος
1%22y280,Ἄμπη
1%22y281,Ἀμυδών
1%22y282,Ἀμυθαονία
1%22y283,Ἀμύκλαι
1%22y284,Ἄμυμνοι
1%22y285,Ἀμύνται
1%22y286,Ἀμύργιον
1%22y287,Ἄμυρος
1%22y288,Ἀμφαναί
1%22y289,Ἀμφάξιον
1%22y290,Ἄμφεια
1%22y291,Ἀμφιγένεια
1%22y292,Ἀμφίδολοι
1%22y293,Ἀμφίκαια
1%22y294,Ἀμφίλοχοι
1%22y295,Ἀμφιμάλιον
1%22y296,Ἀμφίπολις
1%22y297,Ἄμφισσα
1%22y298,Ἀμφιτροπή
1%22y299,Ἄμφρυσος
1%22y300,Ἀναγυροῦς
1%22y301,Ἀνάζαρβα
1%22y302,Ἀναία
1%22y303,Ἀνακαία
1%22y304,Ἀνάκη
1%22y305,Ἀνακτόριον
1%22y306,Ἀναριάκη
1%22y307,Ἄναυα
1%22y308,Ἀνάφη
1%22y309,Ἀνάφλυστος
1%22y310,Ἀνδανία
1%22y311,Ἄνδειρα
1%22y312,Ἀνδρία
1%22y313,Ἄνδρος
1%22y314,Ἀνεμώρεια
1%22y315,Ἀνητοῦσσα
1%22y316,Ἀνθάνα
1%22y317,Ἄνθεια
1%22y318,Ἀνθεμοῦς
1%22y319,Ἀνθηδών
1%22y320,Ἀνθήλη
1%22y321,Ἄνθιον
1%22y322,Ἄνθυλλα
1%22y323,Ἄννα
1%22y324,Ἀννίχωρον
1%22y325,Ἀνταιούπολις
1%22y326,Ἄντανδρος
1%22y327,Ἄντεμνα
1%22y328,Ἄντεια
1%22y329,Ἀντιγόνεια
1%22y330,Ἀντικονδυλεῖς
1%22y331,Ἀντίκυραι
1%22y332,Ἀντιγονίς
1%22y333,Ἀντινόεια
1%22y334,Ἀντιόχεια
1%22y335,Ἀντιπατρίς
1%22y336,Ἀντισάρα
1%22y337,Ἄντισσα
1%22y338,Ἀντίφελλος καὶ Φελλός
1%22y339,Ἀντίφρα
1%22y340,Ἄντρον
1%22y341,Ἄντρων
1%22y342,Ἄνυσις
1%22y343,Ἄνωλος
1%22y344,Ἀξία
1%22y345,Ἄξος
1%22y346,Ἀξουμίτης
1%22y347,Ἄονες
1%22y348,Ἄορνος
1%22y349,Ἄορσοι
1%22y350,Ἀπαισός
1%22y351,Ἀπάμεια
1%22y352,Ἀπασιάκαι
1%22y353,Ἀπάτουρον
1%22y354,Ἀπέννιον
1%22y355,Ἀπεράντεια
1%22y356,Ἀπέσας
1%22y357,Ἀπία
1%22y358,Ἀπίολα
1%22y359,Ἀποδωτοί
1%22y360,Ἀπόκοπα
1%22y361,Ἀπολλωνία
1%22y362,Ἀπολλωνιεῖς
1%22y363,Ἀπόλλωνος νῆσος
1%22y364,Ἀπόλλωνος πόλις
1%22y365,Ἄπρος
1%22y366,Ἄπτερα
1%22y367,Ἀραβία
1%22y368,Ἄραβις
1%22y369,Ἀράβυζα
1%22y370,Ἀραδήν
1%22y371,Ἄραδος
1%22y372,Ἄραζος
1%22y373,Ἀραιθυρέα
1%22y374,Ἀραί
1%22y375,Ἀράκυνθος
1%22y376,Ἀραντία
1%22y377,Ἄραξα
1%22y378,Ἀράξαι ἢ Ἄραξοι
1%22y379,Ἀράξης
1%22y380,Ἀράφεια
1%22y381,Ἀραφήν
1%22y382,Ἀραχναῖον
1%22y383,Ἀραχωσία
1%22y384,Ἀραχωτοί
1%22y385,Ἀρβάκη
1%22y386,Ἀρβάνιον
1%22y387,Ἀρβαξανοί
1%22y388,Ἀρβέλη
1%22y389,Ἄρβηλα
1%22y390,Ἄρβις
1%22y391,Ἀρβουκάλη
1%22y392,Ἄρβων
1%22y393,Ἀργαΐς
1%22y394,Ἀργανθών
1%22y395,Ἀργάντη
1%22y396,Ἀργέννουσα
1%22y397,Ἀργέου
1%22y398,Ἄργιλα
1%22y399,Ἄργιλος
1%22y400,Ἄργος
1%22y401,Ἄργουρα
1%22y402,<Ἀργύννιον
1%22y403,Ἀργυρᾶ
1%22y404,Ἀργυρῖνοι
1%22y405,Ἀργύριππα
1%22y406,Ἄργυρος
1%22y407,"Ἀρδαλίδες καὶ Ἀρδαλιώτιδες τιμῶνται αἱ Μοῦσαι ἐν Τροιζῆνι, ἀπὸ Ἀρδάλου τινὸς ἱδρυσαμένου ἢ καὶ ἀπὸ τόπου. ἔστιν οὖν τοῦ μὲν Ἀρδαλιῶτις τὸ ἀρσενικὸν Ἀρδαλιώτης, τοῦ δ’ Ἀρδαλίς Ἀρδαλός ὡς Θετταλός."
1%22y408,Ἄρδεα
1%22y409,Ἀρδύνιον
1%22y410,Ἀρέθουσα
1%22y411,Ἀρεία κρήνη
1%22y412,Ἄρειος πάγος
1%22y413,Ἄρεος νῆσος
1%22y414,Ἀρῆναι
1%22y415,"Ἄρης Ἄρητος, ὡς Μένδητος, χωρίον Εὐβοίας. Θεόπομπος κδ Φιλιππικῶν. τὸ ἐθνικὸν Ἀρήσιος ὡς Μενδήσιος Φαγρήσιος."
1%22y416,Ἀρία
1%22y417,Ἀριανοί
1%22y418,Ἀριαράθεια
1%22y419,Ἀριάνθη
1%22y420,Ἀρίνδηλα
1%22y421,Ἀρίκεια
1%22y422,Ἄριμα
1%22y423,Ἀριμασποί
1%22y424,Ἀρίμινον
1%22y425,Ἀρίνθη
1%22y426,Ἀρίσβη
1%22y427,Ἀρκάδες
1%22y428,<Ἀρκαδία
1%22y429,<Ἀρκεσίνη> μία τῶν γ πόλεων τῶν ἐν Ἀμοργῷ τῇ νήσῳ. ἦσαν γὰρ Μελανία Μινώα Ἀρκεσίνη. Πολύβιος δὲ ἀρσενικῶς τὸν Ἀρκεσίνην φησί. τὸ ἐθνικὸν Ἀρκεσινεύς. Ἀνδροτίων ϛ Ἀτθίδος „Ἀμοργίοις Μινωίταις καὶ Ἀρκεσινεῦσιν“.
1%22y430,Ἄρκη
1%22y431,Ἀρκιρόεσσα
1%22y432,Ἀρκόνησος
1%22y433,Ἀρκτᾶνες
1%22y434,Ἄρκτων νῆσος
1%22y435,Ἅρμα
1%22y436,Ἀρμένη
1%22y437,Ἀρμενία
1%22y438,Ἄρνα
1%22y439,Ἀρνεαί
1%22y440,Ἄρνη
1%22y441,Ἀρόερνοι
1%22y442,Ἀρόη
1%22y443,Ἁρπάγια
1%22y444,Ἁρπαλύκεια
1%22y445,Ἅρπασα
1%22y446,Ἅρπινα
1%22y447,Ἅρπυια
1%22y448,Ἄρρα
1%22y449,Ἀρρεντία
1%22y450,Ἀρρήτιον
1%22y451,Ἀρρηχοί
1%22y452,Ἄρσα
1%22y453,Ἀρσακία
1%22y454,Ἀρσινόη
1%22y455,Ἀρσυσία
1%22y456,Ἀρταία
1%22y457,Ἀρτάκη
1%22y458,Ἀρτακοί
1%22y459,Ἀρτάξατα
1%22y460,Ἀρτεᾶται
1%22y461,Ἀρτεμίσιον
1%22y462,Ἀρτέμιτα
1%22y463,Ἀρτύμνησος
1%22y464,Ἄρυββα
1%22y465,Ἀρύκανδα
1%22y466,Ἀρύπη
1%22y467,Ἀρχανδρούπολις
1%22y468,Ἄρωμα
1%22y469,Ἀσαί
1%22y470,Ἀσβύστα
1%22y471,Ἄσβωτος
1%22y472,Ἄσδυνις
1%22y473,Ἀσέα
1%22y474,Ἀσία
1%22y475,Ἀσίνη
1%22y476,Ἀσκάλων
1%22y477,Ἀσκανία
1%22y478,Ἀσκῖται
1%22y479,Ἄσκλος
1%22y480,Ἄσκρη
1%22y481,Ἄσος
1%22y482,Ἀσπαλάθεια
1%22y483,Ἀσπαλαθίς
1%22y484,Ἄσπενδος
1%22y485,Ἀσπίς
1%22y486,Ἀσπληδών
1%22y487,Ἀσπουργιανοί
1%22y488,Ἄσσα
1%22y489,Ἀσσακηνοί
1%22y490,Ἄσσηρα
1%22y491,Ἀσσησός
1%22y492,Ἀσσός
1%22y493,Ἀσσυρία
1%22y494,Ἀσσωρόν
1%22y495,Ἀσσώριον
1%22y496,Ἀσταί
1%22y497,Ἀστακός
1%22y498,Ἀσταπαῖοι
1%22y499,Ἀστάρτη
1%22y500,Ἀστελέβη
1%22y501,Ἀστερία
1%22y502,Ἀστέριον
1%22y503,Ἀστερουσία
1%22y504,Ἀστραία
1%22y505,Ἄστυ
1%22y506,Ἀστυπάλαια
1%22y507,Ἄστυρα
1%22y508,Ἄσφαξ
1%22y509,Ἄσχειον
1%22y510,Ἀταβύριον
1%22y511,Ἀταία
1%22y512,Ἀταλάντη
1%22y513,Ἀτάρβηχις
1%22y514,Ἄταρνα
1%22y515,Ἀταφηνοί
1%22y516,Ἄτελλα
1%22y517,Ἀτέριον
1%22y518,Ἀτήνη
1%22y519,Ἀτιντανία
1%22y520,Ἄτλαντες
1%22y521,Ἄτραι
1%22y522,Ἀτραμῖται
1%22y523,Ἄτραξ καὶ Ἀτρακία
1%22y524,Ἀτρήνη
1%22y525,Ἀτρία
1%22y526,Ἀτροπατία καὶ Ἀτροπάτιος
1%22y527,Ἀττάλεια
1%22y528,Ἀτταλίς
1%22y529,Ἀττάλυδα
1%22y530,Αὔαθα
1%22y531,Αὐαλίτης
1%22y532,Αὔαρα
1%22y533,Αὔασις
1%22y534,Αὐγάσιοι
1%22y535,Αὐγειαί
1%22y536,Αὔγιλα
1%22y537,Αὔγουσται
1%22y538,Αὐενίων
1%22y539,Αὐλαί
1%22y540,Αὐλή
1%22y541,Αὐλίς
1%22y542,Αὐλών
1%22y543,Αὐσεῖς
1%22y544,Αὔσιγδα
1%22y545,Αὐσχῖται
1%22y546,Αὔσων
1%22y547,Αὐταριᾶται
1%22y548,Αὐτομάλακα
1%22y549,Αὐτόμολοι
1%22y550,Ἀφάναι
1%22y551,Ἀφάκη
1%22y552,Ἀφείδαντες
1%22y553,Ἀφέται
1%22y554,Ἄφθαια
1%22y555,Ἄφιδνα
1%22y556,Ἄφνειον
1%22y557,Ἀφόρμιον
1%22y558,Ἀφροδισιάς
1%22y559,Ἀφροδίτης πόλις
1%22y560,Ἀφροδιτία
1%22y561,Ἀφύτη ἢ Ἄφυτις ἢ Ἄφυτος
1%22y562,Ἀχαιία
1%22y563,Ἀχαιμενία
1%22y564,Ἀχανοί
1%22y565,Ἀχαρναί
1%22y566,Ἀχερδοῦς
1%22y567,Ἀχελῷος
1%22y568,Ἀχέρραι
1%22y569,Ἀχέρων
1%22y570,Ἀχίλλειος δρόμος
1%22y571,Ἄχναι
1%22y572,Ἄχολλα
1%22y573,Ἄχομαι καὶ Ἀχομηνοί
1%22y574,Ἀχραδινή
1%22y575,Ἀχραδοῦς
1%22y576,Ἀχριανή
1%22y577,Ἀψίλαι
1%22y578,Ἄψυνθος
1%22y579,Ἀψυρτίδες
1%22y580,Ἄψωρος
1%22y581,Ἄωρος
2%22y1,Βάβαι
2%22y2,Βαβύλη
2%22y3,Βαβράντιον
2%22y4,Βάβρας
2%22y5,Βαβυλών
2%22y6,Βαβυτάκη
2%22y7,Βαγαδαονία
2%22y8,Βαγίστανα
2%22y9,Βάδεως
2%22y10,Βάδιζα
2%22y11,Βαία
2%22y12,Βαιάκη
2%22y13,Βαῖβαι
2%22y14,Βαίκυλα
2%22y15,Βαιταρροῦς
2%22y16,Βαίτιον
2%22y17,Βαῖτις
2%22y18,Βαίσαμψα
2%22y19,Βακκαῖοι
2%22y20,Βάκτρα
2%22y21,Βάκυροι καὶ Βακυριανοί
2%22y22,Βάκχου νῆσος
2%22y23,Βάλα
2%22y24,Βαλανέαι
2%22y25,Βάλβουρα
2%22y26,Βάλδος
2%22y27,Βάλκεια
2%22y28,Βᾶλις
2%22y29,Βάλλα
2%22y30,Βάλοιον
2%22y31,Βαναυρίδες
2%22y32,Βαντία
2%22y33,Βάντιοι
2%22y34,Βάραθρον
2%22y35,Βαράκη
2%22y36,Βαρβαλισσός
2%22y37,Βάρβαρος
2%22y38,Βάργασα
2%22y39,Βαργούσιοι
2%22y40,Βαργύλια
2%22y41,Βαρήνη
2%22y42,Βαρήτιον
2%22y43,Βάρις
2%22y44,Βαρκάνιοι
2%22y45,Βάρκη
2%22y46,Βαρύγαζα
2%22y47,Βασανίσαι
2%22y48,Βάσηρα
2%22y49,Βασιννοί
2%22y50,Βάσιλις
2%22y51,Βαστάρναι
2%22y52,Βατάναβος
2%22y53,Βατανέαι
2%22y54,Βατετάρα
2%22y55,Βατίεια
2%22y56,Βατή
2%22y57,Βάτναι
2%22y58,Βεβρύκων ἔθνη δύο
2%22y59,Βέλβινα
2%22y60,Βελγίκη
2%22y61,Βεληδόνιοι
2%22y62,Βελιτανοί
2%22y63,Βέλιτρα
2%22y64,Βελών
2%22y65,Βέμβινα
2%22y66,Βενεβεντός
2%22y67,Βέννα
2%22y68,Βέννα
2%22y69,Βεργέπολις
2%22y70,Βέργη
2%22y71,"Βερενῖκαι πόλεις ϛ. α ἡ ὑπὸ Πύρρου τοῦ νεωτέρου κτισθεῖσα. β ἡ ὑπὸ Φιλαδέλφου Πτολεμαίου. γ ἐν τῇ Τρωγλοδυτικῇ. δ ἡ πρότερον Χίος. ε ἐν Κιλικίᾳ. ϛ Λιβύης ἡ πρότερον Ἑσπερίς, ἐκλήθη δὲ Βερενίκη ἀπὸ τῆς Πτολεμαίου γυναικὸς Βερενίκης. ὁ πολίτης Βερενικεύς. εὕρηται καὶ Βερενίκεια. λέγονται καὶ πατρωνυμικῶς Βερενικιάδαι. ἔστι καὶ ἄλλη περὶ Συρίαν, ἣν Πέλλαν καλοῦσιν."
2%22y72,Βερέκυντος
2%22y73,Βερενικίδαι
2%22y74,Βέρεξ
2%22y75,Βέρης
2%22y76,Βέροια
2%22y77,Βέρουνος
2%22y78,Βέρυτις
2%22y79,Βέσβικος
2%22y80,Βεσκία
2%22y81,Βεύη
2%22y82,Βέχειρ
2%22y83,Βῆγις
2%22y84,Βήθλεμα
2%22y85,Βῆλος
2%22y86,Βήνη
2%22y87,Βήριθρος
2%22y88,Βηρυτός
2%22y89,Βῆσσα
2%22y90,Βήσσυγα
2%22y91,Βίβαστος
2%22y92,Βιβλίνη
2%22y93,Βῖδος
2%22y94,Βίεννος
2%22y95,Βιζύη
2%22y96,Βιζώνη
2%22y97,Βιθύαι
2%22y98,Βιθυνία
2%22y99,Βιθύνιον
2%22y100,Βιθυόπολις
2%22y101,Βῖσα
2%22y102,Βίλβινα
2%22y103,Βισαλτία
2%22y104,Βισάνθη
2%22y105,Βίστιρος
2%22y106,Βιστονία
2%22y107,Βίτελλα
2%22y108,Βλαῦδος
2%22y109,Βλέμυες
2%22y110,Βοαύλεια
2%22y111,Βοβωνία
2%22y112,Βόγχαι
2%22y113,Βοίβη
2%22y114,Βοΐλλαι
2%22y115,Βοιόν
2%22y116,Βοιωτία
2%22y117,Βόλβαι
2%22y118,Βολβιτίνη
2%22y119,Βολίνη
2%22y120,Βολισσός
2%22y121,Βολογεσιάς
2%22y122,Βολογεσίφορα
2%22y123,Βόλουρος
2%22y124,Βοὸς Κεφαλαί
2%22y125,Βορμίσκος
2%22y126,Βόρσιππα
2%22y127,Βόρυζα
2%22y128,Βορυσθένης
2%22y129,Βοσίραρα
2%22y130,Βόσπορος
2%22y131,Βόστρα
2%22y132,Βότρυς
2%22y133,Βοτίειον
2%22y134,Βούβαστος
2%22y135,Βουβών
2%22y136,Βούδεια
2%22y137,Βουδῖνοι
2%22y138,Βούδορον
2%22y139,Βουθία
2%22y140,Βουθόη
2%22y141,Βουθρωτός
2%22y142,Βουκεφάλεια
2%22y143,Βούκιννα
2%22y144,Βουλινοί
2%22y145,Βοῦλις
2%22y146,Βούναρτις
2%22y147,Βούνιμα
2%22y148,Βοῦννος
2%22y149,Βουπράσιον
2%22y150,Βοῦρα
2%22y151,Βουραία
2%22y152,Βούρχανις
2%22y153,Βοῦσαι
2%22y154,Βούσιρις
2%22y155,Βούσμαδις
2%22y156,Βουτάδαι
2%22y157,Βοῦτος
2%22y158,Βούτριον
2%22y159,Βουφία
2%22y160,Βραισοί
2%22y161,Βρασιαί
2%22y162,Βραυρών
2%22y163,Βραχία
2%22y164,Βραχμᾶνες
2%22y165,Βραχύλη
2%22y166,Βρέα
2%22y167,Βρένθη
2%22y168,Βρεντέσιον
2%22y169,Βρεττία
2%22y170,Βρέττος
2%22y171,Βρίγες
2%22y172,Βρικιννίαι
2%22y173,Βρῖσα
2%22y174,Βρουσίς
2%22y175,Βρουτοβρία
2%22y176,Βρουττία
2%22y177,Βρυάνιον
2%22y178,Βρυγίας
2%22y179,Βρύγιον
2%22y180,Βρύκης καὶ Βρύκαι
2%22y181,Βρύλλιον
2%22y182,Βρύξ
2%22y183,Βρυσάκιον
2%22y184,Βρυσειαί
2%22y185,Βρυστακία
2%22y186,Βύβαι
2%22y187,Βυβασσός
2%22y188,Βύβλος
2%22y189,Βύζαντες
2%22y190,Βυζάντιον
2%22y191,Βύζηρες
2%22y192,Βύλλις
2%22y193,Βύμαζος
2%22y194,Βυσναῖοι
2%22y195,Βυσσός
2%22y196,Βωδώνη
2%22y197,Βῶλα
2%22y198,Βωλίγγαι
2%22y199,Βωμοί
2%22y200,Βῶγχις
2%22y201,Βωταχίδαι
3%22y1,Γάβα
3%22y2,Γαβάθη
3%22y3,Γάβαλα
3%22y4,Γαβαούπολις
3%22y5,Γάββα
3%22y6,Γάβιοι
3%22y7,Γάγαι
3%22y8,Γάγγρα
3%22y9,Γάδαρα
3%22y10,Γάδδα
3%22y11,Γάδειρα
3%22y12,Γάδρα
3%22y13,Γάζα
3%22y14,Γάζακα
3%22y15,Γάζος
3%22y16,Γάζωρος
3%22y17,Γαθεαί
3%22y18,Γαιτοῦλοι
3%22y19,Γάλαδα
3%22y20,Γαλάδραι
3%22y21,Γαλάρινα
3%22y22,Γαλάται
3%22y23,Γαλεῶται
3%22y24,Γαληψός
3%22y25,Γαλλία
3%22y26,Γαλλήσιον
3%22y27,Γαλιλαῖοι
3%22y28,Γάλλος
3%22y29,Γάμαλα
3%22y30,Γάμβρειον
3%22y31,Γανδάραι
3%22y32,Γάνδροι
3%22y33,Γαράμαντες
3%22y34,Γάργαρα
3%22y35,Γαργαρεῖς
3%22y36,Γάργη
3%22y37,Γαργηττός
3%22y38,Γαστρωνία
3%22y39,Γαυγάμηλα
3%22y40,Γαῦλος
3%22y41,Γέα
3%22y42,Γέβαλα
3%22y43,Γεβεωνῖται
3%22y44,Γεδρωσία
3%22y45,Γέλα
3%22y46,Γελωνοί
3%22y47,Γενέα
3%22y48,Γενέση
3%22y49,Γενήτης
3%22y50,Γενόα
3%22y51,Γενοαῖοι
3%22y52,Γέντα
3%22y53,Γεντῖνος
3%22y54,Γεραιστός
3%22y55,Γεράνεια
3%22y56,Γεράνθραι
3%22y57,Γέρασα
3%22y58,Γέργις
3%22y59,Γέρην
3%22y60,Γερηνία
3%22y61,Γερμανίκεια
3%22y62,Γέρμερα
3%22y63,Γέρμη
3%22y64,Γερούνιον
3%22y65,Γέρρα
3%22y66,Γέρρος
3%22y67,Γετία
3%22y68,Γέφυρα
3%22y69,Γεφυρώτη
3%22y70,Γῆ
3%22y71,Γηθοῦσσα
3%22y72,Γηλύς
3%22y73,Γήρεια
3%22y74,Γιγγλυμώτη
3%22y75,Γίγωνος
3%22y76,Γίλδα
3%22y77,Γιλιγάμαι
3%22y78,Γινδᾶνες
3%22y79,Γίνδαρα
3%22y80,Γίττα
3%22y81,Γλάνις
3%22y82,Γλαυκία
3%22y83,Γλαύκου δῆμος
3%22y84,Γλαφύραι
3%22y85,Γλῆτες
3%22y86,Γλίσσας
3%22y87,Γνής
3%22y88,Γοαρηνή
3%22y89,Γόλγοι
3%22y90,Γομολῖται
3%22y91,Γόμφοι
3%22y92,Γόνδραι
3%22y93,Γονεῖς
3%22y94,Γόννοι
3%22y95,Γοννοῦσσα
3%22y96,Γόραμα
3%22y97,Γοργιππία
3%22y98,Γόργυρα
3%22y99,Γορδίειον
3%22y100,Γορδίου τεῖχος
3%22y101,Γορδυαία
3%22y102,Γορδυνία
3%22y103,Γόρτυν
3%22y104,Γότθοι
3%22y105,Γοῦναι
3%22y106,Γραῖα
3%22y107,Γραικός
3%22y108,Γράμμιον
3%22y109,Γράστιλλος
3%22y110,Γρησῖνος
3%22y111,Γρηστωνία
3%22y112,Γρῦνοι
3%22y113,Γρώνεια
3%22y114,Γύαρος
3%22y115,Γύζαντες
3%22y116,Γύθειον
3%22y117,Γυλάκεια
3%22y118,Γυμνησίαι
4%22y1,Δάαι
4%22y2,Δαδίκαι
4%22y3,Δαδόκερτα
4%22y4,Δαίδαλα
4%22y5,Δαιδάλεια
4%22y6,Δαιδαλίδαι
4%22y7,Δακία
4%22y8,Δάλμιον
4%22y9,Δαμαῖοι
4%22y10,Δαμασκός
4%22y11,Δανδάριοι
4%22y12,Δανθαλῆται
4%22y13,Δανούβιον
4%22y14,Δάνουβις ἢ Δάνουσις
4%22y15,Δαόνες
4%22y16,Δάραψα
4%22y17,Δάρδαι
4%22y18,Δάρδανος
4%22y19,Δάριδνα
4%22y20,Δαραί
4%22y21,Δαριστάνη
4%22y22,Δαρίειον
4%22y23,Δαρσανία
4%22y24,Δάρσιοι
4%22y25,Δασέαι
4%22y26,Δασκύλιον
4%22y27,Δάσκων
4%22y28,Δασσαρῆται
4%22y29,Δᾶτον
4%22y30,Δατύλεπτοι
4%22y31,Δαύη
4%22y32,Δαυλίς
4%22y33,Δαύνιον
4%22y34,Δαύσαρα
4%22y35,Δάφνη
4%22y36,Δαφνοῦς
4%22y37,Δαχαρηνοί
4%22y38,Δέδμασα
4%22y39,Δασιλοί
4%22y40,Δειπνιάς
4%22y41,Δειράδες
4%22y42,Δείρη
4%22y43,Δεκέλεια
4%22y44,Δεκέντιοι
4%22y45,Δεκίητον
4%22y46,Δελματία
4%22y47,Δέλτα
4%22y48,Δελφοί
4%22y49,Δελφίνιον
4%22y50,Δενθάλιοι
4%22y51,Δεξαμεναί
4%22y52,Δεξάροι
4%22y53,Δέρα
4%22y54,Δέρβη
4%22y55,Δερβίκκαι
4%22y56,Δέραια
4%22y57,Δερραῖοι
4%22y58,Δέρτων
4%22y59,Δηλία
4%22y60,Δήλιον
4%22y61,Δῆλος
4%22y62,Δημητριάς
4%22y63,Δημήτριον
4%22y64,Δημόνησος
4%22y65,Δῆμος
4%22y66,Δηρά
4%22y67,Δηρουσιαῖοι
4%22y68,Δία
4%22y69,Διαβῆται
4%22y70,Διαβήτη
4%22y71,Διαδόχου
4%22y72,Διακρία
4%22y73,Διανεῖς
4%22y74,Διάς
4%22y75,Δίγηροι
4%22y76,Δίδυμα
4%22y77,Διδύμη
4%22y78,Δίδυμον τεῖχος
4%22y79,Δίζηρος
4%22y80,Δίκαια
4%22y81,Δικαιάρχεια
4%22y82,Δίκτη
4%22y83,Δινδρύμη
4%22y84,Δίνδυμα
4%22y85,Διοβούλειον
4%22y86,Διόμεια
4%22y87,Διομήδεια
4%22y88,Δῖον
4%22y89,Διονυσία
4%22y90,Διονύσου πόλις
4%22y91,Διόπη
4%22y92,Διὸς ἱερόν
4%22y93,Διοσκουριάς
4%22y94,Διοσκούρων κώμη
4%22y95,Διὸς πόλις
4%22y96,Διοχίτης
4%22y97,Δίπαια
4%22y98,Δίρφυς
4%22y99,Δισοραί
4%22y100,Δίφροι
4%22y101,Διωνία
4%22y102,Δόβηρος
4%22y103,Δοίαντος πεδίον
4%22y104,Δοκίμειον
4%22y105,Δόλβα
4%22y106,Δολίονες
4%22y107,Δολίχη
4%22y108,Δόλογκοι
4%22y109,Δόλοπες
4%22y110,Δομετιούπολις
4%22y111,Δονουσία
4%22y112,Δορίειον
4%22y113,Δορίσκος
4%22y114,Δοροκόττορος
4%22y115,Δορυλάειον
4%22y116,Δουλίχιον
4%22y117,Δούλων πόλις
4%22y118,Δούμαθα
4%22y119,Δοῦρα
4%22y120,Δουρίοπος
4%22y121,Δουσαρή
4%22y122,Δραβῆσκος
4%22y123,Δράγγαι
4%22y124,Δραγμός
4%22y125,Δράκονον
4%22y126,Δράκοντος νῆσος
4%22y127,Δρεπάνη
4%22y128,Δρεσία
4%22y129,Δρῖλαι
4%22y130,Δριλών
4%22y131,Δρόγγιλον
4%22y132,Δρύαινα
4%22y133,Δρυίδαι
4%22y134,Δρύμη
4%22y135,Δρυμία
4%22y136,Δρυμοῦσσα
4%22y137,Δρυόπη
4%22y138,Δρῦς
4%22y139,Δυμᾶνες
4%22y140,Δύμη
4%22y141,Δύνδασον
4%22y142,Δυρβαῖοι
4%22y143,Δυρράχιον
4%22y144,Δυσπόντιον
4%22y145,Δύστος
4%22y146,Δωδώνη
4%22y147,Δωνεττῖνοι
4%22y148,Δῶρα
4%22y149,Δώριον
4%22y150,Δῶρος
4%22y151,Δώτιον
5%22y1,Ἔαρες
5%22y2,Ἔβορα
5%22y3,Ἑβραῖοι
5%22y4,Ἐβρών
5%22y5,Ἐγγάδα
5%22y6,Ἐγγελᾶνες
5%22y7,Ἔγγυον
5%22y8,Ἔγεστα
5%22y9,Ἔγρα
5%22y10,Ἐγχελεῖς
5%22y11,Ἔδδανα
5%22y12,Ἐδεβησσός
5%22y13,Ἔδεσσα
5%22y14,Ἐδουμαῖοι
5%22y15,Ἕδρα
5%22y16,Ἐθνέσται
5%22y17,Εἰδομενή
5%22y18,Εἴζιλος
5%22y19,Εἰλέσιον
5%22y20,Εἰλειθυίας
5%22y21,Εἴνατος
5%22y22,Εἰρεσίδαι
5%22y23,Ἐκαδήμεια ἢ Ἀκαδήμεια
5%22y24,Ἑκάλη
5%22y25,Ἑκατησία
5%22y26,Ἑκατόννησοι
5%22y27,Ἑκατόμπυλος
5%22y28,Ἐκβάτανα
5%22y29,Ἐλαία
5%22y30,Ἐλαιεύς
5%22y31,Ἐλαίου τεῖχος
5%22y32,Ἐλαιοῦς
5%22y33,Ἐλαιοῦσσα
5%22y34,Ἐλάτεια
5%22y35,Ἐλαύια
5%22y36,Ἐλαφόνησος
5%22y37,Ἐλβέστιοι
5%22y38,Ἔλβονθις
5%22y39,Ἐλβώ
5%22y40,Ἔλγος
5%22y41,Ἐλέα
5%22y42,Ἐλέγεια
5%22y43,Ἑλένειος
5%22y44,Ἑλένη
5%22y45,Ἐλευθέρα Κιλικία
5%22y46,Ἐλευθεραί
5%22y47,Ἐλευθέριον
5%22y48,Ἐλευθερίς
5%22y49,Ἐλευθερίσκος
5%22y50,Ἐλεύθερνα
5%22y51,Ἐλευσίς
5%22y52,Ἐλεύτιοι
5%22y53,Ἐλεφαντίνη
5%22y54,Ἐλεών
5%22y55,Ἐλιβύργη
5%22y56,Ἑλίκη
5%22y57,Ἐλιμία
5%22y58,Ἐλινοί
5%22y59,Ἐλίξοια
5%22y60,Ἐλίσυκοι
5%22y61,Ἕλλα
5%22y62,Ἑλλάς
5%22y63,Ἑλληνόπολις
5%22y64,Ἑλληνικόν καὶ Καρικόν
5%22y65,Ἑλλήσποντος
5%22y66,Ἐλλοπία
5%22y67,Ἐλλόπιον
5%22y68,Ἐλμαντική
5%22y69,Ἕλος
5%22y70,Ἔλουροι
5%22y71,Ἐλοῦσα
5%22y72,Ἐλπία
5%22y73,Ἐλυμαία
5%22y74,Ἐλύμνιον
5%22y75,Ἔλυρος
5%22y76,Ἔλωρος
5%22y77,Ἔμβατον
5%22y78,Ἔμισα
5%22y79,Ἐμπόριον
5%22y80,Ἐνετοί
5%22y81,Ἐνίσπη
5%22y82,Ἔννα
5%22y83,Ἐνόπη
5%22y84,Ἔντελλα
5%22y85,Ἐντριβαί
5%22y86,Ἕξγυον
5%22y87,Ἐορδαῖαι
5%22y88,Ἐπακρία
5%22y89,Ἐπαρῖται
5%22y90,Ἐπειοί
5%22y91,Ἐπίδαμνος
5%22y92,Ἐπίδαυρος
5%22y93,Ἐπιεικίδαι
5%22y94,Ἐπικηφισιά
5%22y95,Ἐπιλευκάδιοι
5%22y96,Ἐπιπολαί
5%22y97,Ἐπιτάλιον
5%22y98,Ἐπιφάνεια
5%22y99,Ἐπουία
5%22y100,Ἑπτακωμῆται
5%22y101,Ἐπώπη
5%22y102,Ἐρβησσός
5%22y103,Ἔρβιτα
5%22y104,Ἐργέτιον
5%22y105,Ἐρεβίδαι
5%22y106,Ἐρεμβοί
5%22y107,Ἔρεσος
5%22y108,Ἐρέτρια
5%22y109,Ἐρευάτης
5%22y110,Ἔρημος
5%22y111,Ἔρθα
5%22y112,Ἐρίκεια
5%22y113,Ἐρικοῦσσα
5%22y114,Ἔριμον
5%22y115,Ἐρινεός
5%22y116,Ἐρινία
5%22y117,Ἑρκύνιον
5%22y118,"Ἑρμιών καὶ Ἑρμιόνη, ἀπὸ τῆς Ἑρμιόνος γενικῆς, ὡς ἀπὸ τῆς κάλυκος ἡ Καλύκη καὶ τῆς χιτῶνος ἡ Χιτώνη καὶ ἡγεμόνος Ἡγεμόνη. ἐκαλεῖτο δὲ καὶ Λακέρεια. Ἑρμιών δὲ ἀπὸ τοῦ τὸν Δία καὶ τὴν Ἥραν ἐνταῦθα ἀπὸ Κρήτης ἀφικομένους ὁρμισθῆναι, καὶ τροπῇ τοῦ ο εἰς ε, ὅθεν καὶ ἱερὸν Ἥρας παρθένου ἦν ἐν αὐτῇ. τὸ ἐθνικὸν Ἑρμιονεύς καὶ Ἑρμιονίς τὸ θηλυκόν."
5%22y119,Ἕρμος
5%22y120,Ἑρμοτυμβιεῖς
5%22y121,Ἕρμου πεδίον
5%22y122,Ἑρμούπολις
5%22y123,Ἑρμώνασσα
5%22y124,Ἕρμωνθις
5%22y125,Ἕρνικες
5%22y126,Ἐροιάδαι
5%22y127,Ἐρύθεια
5%22y128,Ἐρυθῖνοι
5%22y129,Ἐρυθρά
5%22y130,Ἐρυθρὰ βῶλος
5%22y131,Ἐρυθραί
5%22y132,Ἐρύκη
5%22y133,Ἐρύμανθος
5%22y134,Ἐρυμναί
5%22y135,Ἔρυξ
5%22y136,Ἐρύσθεια
5%22y137,Ἐρυσίχη
5%22y138,Ἐρχιά
5%22y139,Ἕσδητες
5%22y140,Ἑσπερία
5%22y141,Ἑσπερίς
5%22y142,Ἑστίαια
5%22y143,Ἐταιεῖς
5%22y144,Ἐτεωνός
5%22y145,Εὖα
5%22y146,Εὐαίμων
5%22y147,Εὐαληνοί
5%22y148,Εὔβιοι
5%22y149,Εὔβοια
5%22y150,Εὔγεια
5%22y151,Εὐδείπνη
5%22y152,Εὐέλγεια
5%22y153,Εὐεργέται
5%22y154,Εὐεσπερίδες
5%22y155,Εὐθηναί
5%22y156,Εὐίππη
5%22y157,Εὐκαρπία
5%22y158,Εὐκρατιδία
5%22y159,Εὐμένεια
5%22y160,Εὐναί
5%22y161,Εὐπαλία
5%22y162,Εὐπατρία
5%22y163,Εὐπορία
5%22y164,Εὐπυρίδαι
5%22y165,Εὐρύαμπος
5%22y166,Εὐρύηλος
5%22y167,Εὐρυμέδων
5%22y168,Εὐρυμεναί
5%22y169,Εὐρυτᾶνες
5%22y170,Εὔρωμος
5%22y171,Εὐρώπη
5%22y172,Εὐρωπός
5%22y173,Εὔταια
5%22y174,Εὔτρησις
5%22y175,Εὔφραντα
5%22y176,Εὐφρατίς
5%22y177,Εὐωνυμία
5%22y178,Εὐωνυμῖται
5%22y179,Ἔφεσος
5%22y180,Ἔφυρα
5%22y181,Ἐχελίδαι
5%22y182,Ἐχετία
5%22y183,Ἐχέτλα
5%22y184,Ἐχέτρα
5%22y185,Ἐχῖναι
5%22y186,Ἐχῖνος
6%22y1,Ζάβιδα
6%22y2,Ζάβιοι
6%22y3,Ζάγκλη
6%22y4,Ζάγυστις
6%22y5,Ζαδράμη
6%22y6,Ζαῖα
6%22y7,Ζάκανθα
6%22y8,Ζάκυνθος
6%22y9,Ζάρηξ
6%22y10,Ζάρητα
6%22y11,Ζαρίασπα ἢ Ζαριάσπη
6%22y12,Ζαύηκες
6%22y13,Ζεβέκη
6%22y14,Ζειρηνία
6%22y15,Ζέλεια
6%22y16,Ζεῦγμα
6%22y17,Ζεφύριον
6%22y18,Ζήβυττις
6%22y19,Ζῆλα
6%22y20,Ζῆλος
6%22y21,Ζηνοδότιον
6%22y22,Ζηράνιοι
6%22y23,Ζήρυνθος
6%22y24,Ζιποίτιον
6%22y25,Ζόαρα
6%22y26,Ζοίτειον
6%22y27,Ζομβίς
6%22y28,Ζοῦχις
6%22y29,Ζύγαινα
6%22y30,Ζυγαντίς
6%22y31,Ζυγοί
6%22y32,Ζωβίδαι
6%22y33,Ζώνη
6%22y34,Ζωστήρ
7%22y1,Ἠδοί
7%22y2,Ἠδύμη
7%22y3,Ἠδωνοί
7%22y4,Ἠετιώνεια
7%22y5,Ἠιών
7%22y6,Ἠλακαταῖον
7%22y7,Ἠλεκτρίδες νῆσοι
7%22y8,Ἡλιαία
7%22y9,Ἡλίου πόλις
7%22y10,Ἦλις
7%22y11,Ἠλώνη
7%22y12,Ἠμαθία
7%22y13,Ἡμεροσκοπεῖον
7%22y14,Ἡμίκυνες
7%22y15,Ἡνιοχεία
7%22y16,Ἤπειρος
7%22y17,Ἤπιον
7%22y18,Ἡραία
7%22y19,Ἥραιον
7%22y20,Ἡράκλεια
7%22y21,Ἡρακλεοβουκόλοι
7%22y22,Ἡρακλεούπολις
7%22y23,Ἤρητος
7%22y24,Ἡρώ
7%22y25,Ἠσιονία
7%22y26,Ἠσσός
7%22y27,Ἠτία
7%22y28,Ἡφαιστιάδαι
7%22y29,Ἡφαιστία
7%22y30,Ἡφαίστου νῆσοι
8%22y1,Θαλάμαι
8%22y2,Θάλασσα
8%22y3,Θάλπουσα
8%22y4,Θαμαναῖοι
8%22y5,Θαμία
8%22y6,Θάμνα
8%22y7,Θαμουδά
8%22y8,Θάσος
8%22y9,Θαυμακία
8%22y10,Θαυμάσιον
8%22y11,Θάψακος
8%22y12,Θαψίπολις
8%22y13,Θάψος
8%22y14,Θέα
8%22y15,Θεάγγελα
8%22y16,Θεβηθά
8%22y17,Θεισόα
8%22y18,Θελαμοῦζα
8%22y19,Θέμβριμος
8%22y20,Θεμίσκυρα
8%22y21,Θεμισσός
8%22y22,Θεμισώνιον
8%22y23,Θεναί
8%22y24,Θευδοσία
8%22y25,Θεούπολις
8%22y26,Θεράπναι
8%22y27,Θέρμα
8%22y28,Θέρμη
8%22y29,Θέρμος
8%22y30,Θέρμυδρα
8%22y31,Θέρνη
8%22y32,Θερσῖται
8%22y33,Θέσπεια
8%22y34,Θεσπρωτία
8%22y35,Θεσσαλία
8%22y36,Θεσσαλονίκη
8%22y37,Θέστωρος
8%22y38,Θεστίδειον
8%22y39,Θέστις
8%22y40,Θήβη
8%22y41,Θηγώνιον
8%22y42,Θημακός
8%22y43,Θήρα
8%22y44,Θηρασία
8%22y45,Θιβαΐς
8%22y46,Θίβρος
8%22y47,Θίγγη
8%22y48,Θίς
8%22y49,Θίσβη
8%22y50,Θμοῦις
8%22y51,Θοραί
8%22y52,Θορικός
8%22y53,Θόρναξ
8%22y54,Θούλη
8%22y55,Θούριοι
8%22y56,Θρᾴκη
8%22y57,Θρᾳκῶν κώμη
8%22y58,Θράμβος
8%22y59,Θρία
8%22y60,Θρίγκη
8%22y61,Θριοῦς
8%22y62,Θρόνιον
8%22y63,Θρύανδα
8%22y64,Θρύον
8%22y65,Θύαμις
8%22y66,Θυάτειρα
8%22y67,Θυέλα
8%22y68,Θυεσσός
8%22y69,Θυμαιτάδαι
8%22y70,Θύμβρα
8%22y71,Θύμβραρα
8%22y72,Θύμβρις
8%22y73,Θυμιατηρία
8%22y74,Θύνη
8%22y75,Θυνία
8%22y76,Θυνιάς
8%22y77,Θυραῖον
8%22y78,Θυρέα
8%22y79,Θυσσαγέται
8%22y80,Θώκνεια
8%22y81,Θῶνις
8%22y82,Θώραξ
9%22y1,Ἴαβις
9%22y2,Ἰαγξούατις
9%22y3,Ἰαζαβάται
9%22y4,Ἰάζυγες
9%22y5,Ἰάθριππα
9%22y6,Ἰαιτία
9%22y7,Ἰάλυσος
9%22y8,Ἰάμαι
9%22y9,Ἰάμνια
9%22y10,Ἴαμοι
9%22y11,Ἰαπίς
9%22y12,Ἰάποδες
9%22y13,Ἰαπυγία
9%22y14,Ἰάρδανος
9%22y15,Ἰάς
9%22y16,Ἴασος
9%22y17,"Ἰάων καὶ Ἰήων. καὶ ῥῆμα ἰαονίζω, ἀφ’ οὗ τὸ ἰαονιστί ἐπίρρημα. ἐκ δὲ τοῦ Ἰάων τὸ Ἰάν. λέγεται καὶ θηλυκῶς Ἰάς καὶ Ἰαονίς."
9%22y18,Ἰβαῖοι
9%22y19,Ἰβηρίαι δύο
9%22y20,Ἴβυλλα
9%22y21,Ἴγνη
9%22y22,Ἴγνητες
9%22y23,Ἰδάλιον
9%22y24,Ἴδη
9%22y25,Ἰδομεναί
9%22y26,Ἰδουμαῖοι
9%22y27,Ἰδριάς
9%22y28,Ἴδυμα
9%22y29,Ἴδυρος
9%22y30,Ἱερὰ κώμη
9%22y31,Ἱεραμαί
9%22y32,Ἱερὰ νῆσος
9%22y33,Ἱερὰ πόλις
9%22y34,Ἰέρασα
9%22y35,Ἱεράπυτνα
9%22y36,Ἱεράφη
9%22y37,Ἱεριχοῦς
9%22y38,Ἰέρνη
9%22y39,Ἱερὸς κόλπος
9%22y40,Ἱεροσόλυμα
9%22y41,Ἰεταί
9%22y42,Ἰθάκη
9%22y43,Ἰθώμη
9%22y44,Ἰκαρία
9%22y45,Ἴκαρος
9%22y46,Ἰκόνιον
9%22y47,Ἰκός
9%22y48,Ἰλαραυγᾶται
9%22y49,Ἴλαρις
9%22y50,Ἰλαττία
9%22y51,Ἰλέρδα
9%22y52,Ἴλιον
9%22y53,Ἰλισσός
9%22y54,Ἰλλυρία
9%22y55,Ἰλούργεια
9%22y56,Ἴμβρασος
9%22y57,Ἴμβρος
9%22y58,Ἱμέρα
9%22y59,Ἴμυρα
9%22y60,Ἰμφεῖς
9%22y61,Ἰναχία
9%22y62,Ἰνδάρα
9%22y63,Ἰνδική
9%22y64,Ἰνδός
9%22y65,Ἰνυσσός
9%22y66,Ἰνσόβαρες
9%22y67,Ἴνσοβροι
9%22y68,Ἴνυκος
9%22y69,Ἰξίαι
9%22y70,Ἰξιάς
9%22y71,Ἰξιβάται
9%22y72,Ἰόπη
9%22y73,Ἰόνιον πέλαγος
9%22y74,Ἴος
9%22y75,Ἰουδαία
9%22y76,Ἰουερνία
9%22y77,Ἰουέρνη
9%22y78,Ἰουλεῖς
9%22y79,Ἰουλίς
9%22y80,Ἵπανα
9%22y81,Ἴπνος
9%22y82,Ἰπνοῦς
9%22y83,Ἵππολα
9%22y84,Ἱππόνησος
9%22y85,Ἵππος
9%22y86,Ἱπποταμάδαι
9%22y87,Ἵππου ἄκρα
9%22y88,Ἱππουρίσκος
9%22y89,Ἵππου κώμη
9%22y90,Ἱππών
9%22y91,Ἱππώνιον
9%22y92,Ἰρά
9%22y93,Ἴρασα
9%22y94,Ἶρος
9%22y95,Ἴς
9%22y96,Ἰσαυρία
9%22y97,Ἴσβος
9%22y98,Ἰσεῖον
9%22y99,Ἴσηπος
9%22y100,Ἰσθμός
9%22y101,Ἴσινδος
9%22y102,Ἰσμάηλα
9%22y103,Ἴσμαρος
9%22y104,Ἰσμήνη
9%22y105,Ἱσπανίαι
9%22y106,Ἴσσα
9%22y107,Ἰσσηδόνες
9%22y108,Ἰσσός
9%22y109,Ἰσσώριον
9%22y110,Ἱστίαια
9%22y111,Ἱστός
9%22y112,Ἰστρία
9%22y113,Ἰστριανά
9%22y114,Ἴστροι
9%22y115,Ἴστρος
9%22y116,Ἰστώνη
9%22y117,Ἰταλία
9%22y118,Ἴτανος
9%22y119,Ἰτέα
9%22y120,Ἰτύκη
9%22y121,Ἴτων
9%22y122,Ἴχανα
9%22y123,Ἴχναι
9%22y124,Ἰψίκουροι
9%22y125,Ἰωλκός
9%22y126,Ἴωλον
9%22y127,Ἰώνη
9%22y128,Ἰωνία
9%22y129,Ἰωνίδαι
9%22y130,Ἰωπίς
9%22y131,Ἰωτάπατα
10%22y1,Καβαλίς
10%22y2,Καβασσός
10%22y3,Καβειρία
10%22y4,Καβελλιών
10%22y5,Καβύλη
10%22y6,Καδμεία
10%22y7,Κάδοι
10%22y8,Καδούσιοι
10%22y9,Κάδρεμα
10%22y10,Κάθαια
10%22y11,Καικῖνον
10%22y12,Καινίνη
10%22y13,Καινοί
10%22y14,Καιρή
10%22y15,Καινύς
10%22y16,Καισάρεια
10%22y17,Καλαβρία
10%22y18,Καλάθη
10%22y19,Καλάμαι
10%22y20,Καλαμένθη
10%22y21,Κάλαρνα
10%22y22,Καλάσιρις
10%22y23,Καλατίαι
10%22y24,Καλαύρεια
10%22y25,Κάλβιος
10%22y26,Καλὴ ἀκτή
10%22y27,Κάληρος
10%22y28,Καλησία
10%22y29,Καλλάτηβος
10%22y30,Κάλλατις
10%22y31,Καλλίαι
10%22y32,Καλλίαρος
10%22y33,Καλλιόπη
10%22y34,Καλλίπολις
10%22y35,Κάλπη
10%22y36,Καλύβη
10%22y37,Κάλυδνα
10%22y38,Καλυδών
10%22y39,Κάλυμνα
10%22y40,Κάλυνδα
10%22y41,Κάλυτις
10%22y42,Καμάρα
10%22y43,Καμαρηνοί
10%22y44,Καμαρία
10%22y45,Καμάρινα
10%22y46,Καμβυσηνή καὶ Ξερξηνή
10%22y47,Καμικός
10%22y48,Κάμιρος
10%22y49,Καμμανία
10%22y50,Κάμπος
10%22y51,Κάναθα
10%22y52,Κάναι
10%22y53,Κάναστρον
10%22y54,Κάνδασα
10%22y55,Κάνδαρα
10%22y56,Κάνδυβα
10%22y57,Κανθηλία
10%22y58,Κανθήλη
10%22y59,Κανταβρία
10%22y60,Κάντανος
10%22y61,Κανύσιον
10%22y62,Κάνυτις
10%22y63,Κάνωπος
10%22y64,Καοῦς
10%22y65,Κάπαι
10%22y66,Καπετώλιον
10%22y67,Καπίννα
10%22y68,Καππαδοκία
10%22y69,Καπρίη
10%22y70,Καπύα
10%22y71,Κάραλλις ἢ Καράλλεια
10%22y72,Καραμβύκαι
10%22y73,Κάρανα
10%22y74,Καρβανίς
10%22y75,Καρδαμύλη
10%22y76,Καρδησσός
10%22y77,Καρδία
10%22y78,Καρδοῦχοι
10%22y79,Καρδυτός
10%22y80,Καρήνη
10%22y81,Κάρθαια
10%22y82,Καρία
10%22y83,Καρικόν
10%22y84,Καρικὸν τεῖχος
10%22y85,Καρκινῖτις
10%22y86,Καρμανία
10%22y87,Κάρμηλος
10%22y88,Κάρμινα
10%22y89,Κάρνανα
10%22y90,Κάρνη
10%22y91,Καρνία
10%22y92,Κάρνος
10%22y93,Καρόπολις
10%22y94,Καρὸς κῆποι
10%22y95,Καρουεντός
10%22y96,Κάρπαθος
10%22y97,Καρπασία
10%22y98,Καρπηία
10%22y99,Καρπήσιοι
10%22y100,Κάρραι
10%22y101,Καρύα
10%22y102,Καρύανδα
10%22y103,Κάρυστος
10%22y104,Καρχηδών
10%22y105,Κάσιον
10%22y106,Κασμένη
10%22y107,Κάσος
10%22y108,Κασπάπυρος
10%22y109,Κάσπειρος
10%22y110,Κασπία θάλασσα
10%22y111,Κασάνδρεια
10%22y112,Κασσανῖται
10%22y113,Κασσάνωρος
10%22y114,Κασσίτερα
10%22y115,Κασσώπη
10%22y116,Καστάβαλα
10%22y117,Κασταλία
10%22y118,Καστάλων
10%22y119,Κασταναία
10%22y120,Κάσταξ
10%22y121,Κάστνιον
10%22y122,Καστωλοῦ πεδίον
10%22y123,Κασώριον
10%22y124,Καταβαθμός
10%22y125,Κατακεκαυμένη
10%22y126,Κατάνη
10%22y127,Κατάνειρα
10%22y128,Καταονία
10%22y129,Καταννοί
10%22y130,Κάτρη
10%22y131,Κατταβανία
10%22y132,Κάττουζα
10%22y133,Καύδιον
10%22y134,Καυίνδανα
10%22y135,Καύκασος
10%22y136,Καυκώνεια
10%22y137,Καυλικοί
10%22y138,Καυλωνία
10%22y139,Καῦνος
10%22y140,Καΰστριον
10%22y141,Καφηρεύς
10%22y142,Καφύαι
10%22y143,Κάψα
10%22y144,Κεβρανῖται
10%22y145,Κεβρηνία
10%22y146,Κεγχρέαι
10%22y147,Κεδρέαι
10%22y148,Κεδρωσσοί
10%22y149,Κειριάδαι
10%22y150,Κεκροπία χώρα καὶ Κεκροπίς φυλή
10%22y151,Κεκρυφάλεια
10%22y152,Κελαδώνη
10%22y153,Κέλαιθοι
10%22y154,Κελαίθρα
10%22y155,Κόρακος πέτρα
10%22y156,Κορακόνησος
10%22y157,Κόραξ
10%22y158,Κοραξοί
10%22y159,Κόρδυλος
10%22y160,Κορησσός
10%22y161,Κόρινθος
10%22y162,Κόριλλα
10%22y163,Κορίολλα
10%22y164,Κόριον
10%22y165,Κορκυρίς
10%22y166,Κορνίκολος
10%22y167,Κοροκονδάμη
10%22y168,Κορομάνη
10%22y169,Κορόπη
10%22y170,Κόροντα
10%22y171,Κορουιών
10%22y172,Κορπῖλοι
10%22y173,Κορσέαι
10%22y174,Κορσίς
10%22y175,Κορύδαλλα
10%22y176,Κορυδαλλός
10%22y177,Κορύλειον
10%22y178,Κορυφαῖον
10%22y179,Κορυφάσιον
10%22y180,Κορώνεια
10%22y181,Κορώνη
10%22y182,Κοσίανα
10%22y183,Κόσσα
10%22y184,Κοσσαία
10%22y185,Κοσσός
10%22y186,Κόσσυρος
10%22y187,Κοσύτη
10%22y188,Κοτιάειον
10%22y189,Κότραδις
10%22y190,Κοτύλαιον
10%22y191,Κοτύρτα
10%22y192,Κοτύωρα
10%22y193,Κουρής
10%22y194,Κούριοι
10%22y195,Κούριον
10%22y196,Κουρόπολις
10%22y197,Κοχλίουσα
10%22y198,Κραβασία
10%22y199,Κράγος
10%22y200,Κράδη
10%22y201,Κράμβουσα
10%22y202,Κράμβουτις
10%22y203,Κραναή
10%22y204,Κράνεια
10%22y205,Κρανίδες
10%22y206,Κράνιοι
10%22y207,Κραννών
10%22y208,Κρασέριον
10%22y209,Κραστός
10%22y210,Κρέμη
10%22y211,Κρεμμυών
10%22y212,Κρεῦσις
10%22y213,Κρηνίδες
10%22y214,Κρῆσσα
10%22y215,Κρήσιον
10%22y216,Κρηστώνη
10%22y217,Κρήτη
10%22y218,Κρητηνία
10%22y219,Κριθώτη
10%22y220,Κρίμισα
10%22y221,Κρῖσα
10%22y222,Κριώα
10%22y223,Κρόβυζοι
10%22y224,Κροκέαι
10%22y225,Κροκοδείλων πόλις
10%22y226,Κροκύλειον
10%22y227,Κρομύουσα
10%22y228,Κρομμυών
10%22y229,Κρόσσα
10%22y230,Κρόταλλα
10%22y231,Κρότων
10%22y232,Κρουστομερία
10%22y233,Κρουσίς
10%22y234,Κρύα
10%22y235,Κρυασσός
10%22y236,Κρωβίαλος
10%22y237,Κρῶμνα
10%22y238,Κρωπιά
10%22y239,Κρῶς
10%22y240,Κτησιφῶν
10%22y241,Κτιμένη
10%22y242,Κύαλος
10%22y243,Κύαρδα
10%22y244,Κυβασσός
10%22y245,Κυβέλεια
10%22y246,Κύβος
10%22y247,Κυδαθήναιον
10%22y248,Κυδαντίδαι
10%22y249,Κύδνα
10%22y250,Κύδραι
10%22y251,Κύδραρα
10%22y252,Κυδρήνη
10%22y253,Κυδωνία
10%22y254,Κύζικος
10%22y255,Κύθηρα
10%22y256,Κύθηρος
10%22y257,Κύθνος
10%22y258,Κυκνῖτις
10%22y259,Κύλλανδος
10%22y260,Κυλλήνη
10%22y261,Κύμη
10%22y262,Κύναιθα
10%22y263,Κυνέτεια
10%22y264,Κυνή
10%22y265,Κυνητικόν
10%22y266,Κύνθος
10%22y267,Κύννα
10%22y268,Κῦνος
10%22y269,Κυνόσαργες
10%22y270,Κυνὸς κεφαλαί
10%22y271,Κυνόσουρα
10%22y272,Κυνόσσημα
10%22y273,Κύνουρα
10%22y274,Κυνῶν νῆσος
10%22y275,Κυνῶν πόλις
10%22y276,Κύον
10%22y277,Κύπαιθα
10%22y278,Κυπαρισσία
10%22y279,Κυπαρισσήεις
10%22y280,Κυπάρισσος
10%22y281,Κύπασις
10%22y282,Κύπη
10%22y283,Κύπρος
10%22y284,Κύραυις
10%22y285,Κύρβασα
10%22y286,Κύρβη
10%22y287,Κύρη
10%22y288,Κυρήνη
10%22y289,Κύρης
10%22y290,Κύρις
10%22y291,Κύρνος
10%22y292,Κύρου πόλις
10%22y293,Κύρρος
10%22y294,Κυρταία
10%22y295,Κύρτος
10%22y296,Κύρτωνες
10%22y297,Κυρτώνιος
10%22y298,Κύτα
10%22y299,Κυτέριον
10%22y300,Κύτινα
10%22y301,Κυτώνιον
10%22y302,Κύτωρος
10%22y303,Κύφος
10%22y304,Κυχρεῖος πάγος
10%22y305,Κύψελα
10%22y306,Κῶβρυς
10%22y307,Κώθων
10%22y308,Κωλιάς
10%22y309,Κῶλοι
10%22y310,Κώμη
10%22y311,Κωνώπη
10%22y312,Κῶπαι
10%22y313,Κώρυκος
10%22y314,Κῶς
10%22y315,Κῶς
10%22y316,Κωνστάντεια
10%22y317,Κωνσταντίνου πόλις
11%22y1,Λᾶ
11%22y2,Λάβαι
11%22y3,Λάβαρα
11%22y4,Λάβδαλον
11%22y5,Λαβίνιον
11%22y6,Λάβρανδα
11%22y7,Λαγαρία
11%22y8,Λάγινα
11%22y9,Λαγοῦσσα
11%22y10,Λάδεστα ἢ Λάδεστον
11%22y11,Λαδεψοί καὶ Τρανιψοί
11%22y12,Λάδη
11%22y13,Λαδισακίτης κόλπος
11%22y14,Λάεια
11%22y15,Λαέρτης
11%22y16,Λαζοί
11%22y17,Λαιαῖοι
11%22y18,Λαιστρυγόνες
11%22y19,Λακεδαίμων
11%22y20,Λακέρεια
11%22y21,Λακιάδαι
11%22y22,Λακίνιον
11%22y23,Λάκμων
11%22y24,Λαλίσανδα
11%22y25,Λάμια
11%22y26,Λαμητῖνοι
11%22y27,Λάμος
11%22y28,Λάμπεια
11%22y29,Λαμπέτεια
11%22y30,Λαμπέτειον
11%22y31,Λάμπη
11%22y32,Λαμπώνεια
11%22y33,Λάμυρα
11%22y34,Λάμψακος
11%22y35,Λάμψος
11%22y36,Λαοδαμάντεια
11%22y37,Λαοδίκεια
11%22y38,Λαός
11%22y39,Λαούντιον
11%22y40,Λαπέρσα
11%22y41,Λάπηθος
11%22y42,Λαπίθη
11%22y43,Λάρανδα
11%22y44,Λάρινα
11%22y45,Λάρισσα
11%22y46,Λῆμνος
11%22y47,Λήναιος
11%22y48,Λῆνος
11%22y49,Λητή
11%22y50,Λητοῦς
11%22y51,Λητωεύς
11%22y52,Ληψίμανδος
11%22y53,Λίβανα
11%22y54,Λιβύη
11%22y55,Λιβυρνοί
11%22y56,Λίβυς
11%22y57,Λίβυσσα
11%22y58,Λιβυστῖνοι
11%22y59,Λίγγος
11%22y60,Λίγξ
11%22y61,Λίγυρες
11%22y62,Λιγυστίνη
11%22y63,Λίηβρις
11%22y64,Λιθήσιος
11%22y65,Λίλαια
11%22y66,Λιλύβαιον
11%22y67,Λιμενῶτις
11%22y68,Λιμήν
11%22y69,Λιμναία
11%22y70,Λίμναι
11%22y71,Λίμυρα
11%22y72,Λινδόνιον
11%22y73,Λίνδος
11%22y74,Λίνον
11%22y75,Λίξα
11%22y76,Λίπαξος
11%22y77,Λιπάρα
11%22y78,Λιρνύτεια
11%22y79,Λίσσος
11%22y80,Λιταί
11%22y81,Λίχανδος
11%22y82,Λογγώνη
11%22y83,Λόκοζος
11%22y84,Λοκροὶ Ἐπιζεφύριοι
11%22y85,Λοπαδοῦσσα
11%22y86,Λούγδουνον
11%22y87,Λουκαρία
11%22y88,Λουσιά
11%22y89,Λουσιτανία
11%22y90,Λουσοί
11%22y91,Λύγκος
11%22y92,Λύγξ
11%22y93,Λυδία
11%22y94,Λύζεια
11%22y95,Λύκαια
11%22y96,Λυκαονία
11%22y97,Λύκαστος
11%22y98,Λυκαψός
11%22y99,Λύκειον
11%22y100,Λυκία
11%22y101,Λυκόα
11%22y102,Λυκόζεια
11%22y103,Λυκόρμας
11%22y104,Λυκοσθένη
11%22y105,Λυκόσουρα
11%22y106,Λύκτος
11%22y107,Λύκων πόλεις
11%22y108,Λυκώνη
11%22y109,Λυκώρεια
11%22y110,Λύλη
11%22y111,Λύρκειον
11%22y112,Λυρνατία
11%22y113,Λυρνησσός
11%22y114,Λυσιμάχεια
11%22y115,Λυταί
11%22y116,Λυχνιδός
11%22y117,Λωμεντός
11%22y118,Λώρυμα
11%22y119,Λῶς
11%22y120,Λωτοφάγοι
12%22y1,Μάγαρσος
12%22y2,Μαγδωλός
12%22y3,Μαγία
12%22y4,Μαγιστρική
12%22y5,Μάγνα
12%22y6,Μαγνησία
12%22y7,Μαδιηνοί καὶ Μαδιανῖται
12%22y8,Μαδυτός
12%22y9,Μάζακα
12%22y10,Μαζάρη
12%22y11,Μάζυες
12%22y12,Μάζαινα
12%22y13,Μαῖα
12%22y14,Μαιανδρούπολις
12%22y15,Μαιδοί
12%22y16,Μαινάκη
12%22y17,Μαίναλος
12%22y18,Μαινόβωρα
12%22y19,Μαιονία
12%22y20,Μαιῶται
12%22y21,Μάκαι
12%22y22,Μάκαλλα
12%22y23,Μακαρέαι
12%22y24,Μακεδνόν
12%22y25,Μακεδονία
12%22y26,Μάκιστος
12%22y27,Μακκάραι
12%22y28,Μάκρα
12%22y29,Μάκρις
12%22y30,Μακροκέφαλοι
12%22y31,Μάκρυες
12%22y32,Μάκρωνες
12%22y33,Μακτώριον
12%22y34,Μακύνεια
12%22y35,Μαλάκη
12%22y36,Μαλάνιος
12%22y37,Μαλέα
12%22y38,Μαλιεύς
12%22y39,Μαλλάδα
12%22y40,Μαλλός
12%22y41,Μαλόεις
12%22y42,Μαλοί
12%22y43,Μαλσάνη
12%22y44,Μαμάρκινα
12%22y45,Μαμέρτιον
12%22y46,Μανδαραί
12%22y47,Μανδρόπολις
12%22y48,Μανδύριον
12%22y49,Μανήσιον
12%22y50,Μανθυρέα
12%22y51,Μαννάκαρτα
12%22y52,Μάννεως
12%22y53,Μάνταλος
12%22y54,Μαντίνεια
12%22y55,Μάντυα
12%22y56,Μαραθήσιον
12%22y57,Μάραθος
12%22y58,Μαραθοῦσσα
12%22y59,Μαραθών
12%22y60,Μαραθωνία
12%22y61,Μαράφιοι
12%22y62,Μαράχη
12%22y63,Μάργαια
12%22y64,Μάργανα
12%22y65,Μάρδοι
12%22y66,Μαρδόνες
12%22y67,Μάρεια
12%22y68,Μᾶρες
12%22y69,Μαρίαβα
12%22y70,Μαριαμμία
12%22y71,Μαριανδυνία
12%22y72,Μάριον
12%22y73,Μάρκαιον
12%22y74,Μάρμακες
12%22y75,Μαρμάριον
12%22y76,Μάρμη
12%22y77,Μάρπησσα
12%22y78,Μάρσιππος
12%22y79,Μαρσοί
12%22y80,Μαρσύα
12%22y81,Μαρώνεια
12%22y82,Μασαισυλία
12%22y83,Μασανώραδα
12%22y84,Μάσης
12%22y85,Μάσιον
12%22y86,Μάσκωτος
12%22y87,Μάσπιοι
12%22y88,Μασσαγέται
12%22y89,Μασσαλία
12%22y90,Μάσσακα
12%22y91,Μασσία
12%22y92,Μάσταυρα
12%22y93,Μαστιανοί
12%22y94,Μαστραμέλη
12%22y95,Μασσύλοι
12%22y96,Μασχάνη
12%22y97,Μάταυρος
12%22y98,Ματιανή
12%22y99,Ματυκέται
12%22y100,Μαυριτανίαι
12%22y101,Μαυρούσιοι καὶ Μαῦροι
12%22y102,Μαυσός
12%22y103,Μαύσωλοι
12%22y104,Μαχαιροῦς
12%22y105,Μεγάλη πόλις
12%22y106,Μέγαρα
12%22y107,Μεγαρικόν
12%22y108,Μέγασα
12%22y109,Μεγίστη
12%22y110,Μεδεών
12%22y111,Μεδιολάνιον
12%22y112,Μεδιών
12%22y113,Μέδμασα
12%22y114,Μέδμη
12%22y115,Μεδυλλία
12%22y116,Μεθουριάδες
12%22y117,Μεθύδριον
12%22y118,Μεθώνη
12%22y119,Μελάγχλαινοι
12%22y120,Μέλαιναι
12%22y121,Μελαινεῖς
12%22y122,Μελάμπεια
12%22y123,Μελανδία
12%22y124,Μελανίππιον
12%22y125,Μελήτειος κόλπος
12%22y126,Μελία
12%22y127,Μελίβοια
12%22y128,Μελιγουνίς
12%22y129,Μέλινα
12%22y130,Μελινοφάγοι
12%22y131,Μέλισσα
12%22y132,Μελιταία
12%22y133,Μελίτη
12%22y134,Μελιτηνή
12%22y135,Μελίτουσα
12%22y136,Μεμβλίαρος
12%22y137,Μέμφις
12%22y138,Μέμνονες
12%22y139,Μεναί
12%22y140,Μένδη
12%22y141,Μένδης
12%22y142,Μενεδήμιον
12%22y143,Μενεκίνη
12%22y144,Μενέλαος
12%22y145,Μένουθις
12%22y146,Μέντορες
12%22y147,Μέντυρνα
12%22y148,Μερμησσός
12%22y149,Μερόη
12%22y150,Μερούσιον
12%22y151,Μέροψ
12%22y152,Μεσανίτης κόλπος
12%22y153,Μεσημβρία
12%22y154,Μέση τῶν ποταμῶν
12%22y155,Μέσμα
12%22y156,Μεσόλα
12%22y157,Μεσοπόντιος
12%22y158,Μέσσαβα
12%22y159,Μεσσαπέαι
12%22y160,Μεσσαπία
12%22y161,Μεσσάπιον
12%22y162,Μεσσήνη
12%22y163,Μεσσόα
12%22y164,Μεσωγίς
12%22y165,Μεταγώνιον
12%22y166,Μέταον
12%22y167,Μέταπα
12%22y168,Μεταπόντιον
12%22y169,Μετάχοιον
12%22y170,Μέτηλις
12%22y171,Μήδαβα
12%22y172,Μηδία
12%22y173,Μήθυμνα
12%22y174,Μήκιστον
12%22y175,Μηκύβερνα
12%22y176,Μῆλος
12%22y177,Μήλουσα
12%22y178,Μῆνιγξ
12%22y179,Μητρόπολις
12%22y180,Μιάκωρος
12%22y181,Μιδάειον
12%22y182,Μίδεια
12%22y183,Μίεζα
12%22y184,Μίλητος
12%22y185,Μιλητούπολις
12%22y186,Μίλκωρος
12%22y187,Μιλύαι
12%22y188,Μιλωνία
12%22y189,Μίμακες
12%22y190,Μιμνηδός
12%22y191,Μιναῖοι
12%22y192,Μινύα
12%22y193,Μινώα
12%22y194,Μίσγητες
12%22y195,Μισγομεναί
12%22y196,Μισητός
12%22y197,Μίσκερα
12%22y198,Μίσπιλα
12%22y199,Μόκαρσος
12%22y200,Μόκατα
12%22y201,Μόκλη
12%22y202,Μολορκία
12%22y203,Μολοσσία
12%22y204,Μολυβδίνη
12%22y205,Μολυκρία
12%22y206,Μολύνδεια
12%22y207,Μοναβαί
12%22y208,Μονόγισσα
12%22y209,Μόνοικος
12%22y210,Μοργέντιον
12%22y211,Μόργυνα
12%22y212,Μοσσύνοικοι
12%22y213,Μόσυλον
12%22y214,Μόσχοι
12%22y215,Μοτίνη
12%22y216,Μοτύη
12%22y217,Μοτύλαι
12%22y218,Μουκισσός
12%22y219,Μουμαστός
12%22y220,Μουνυχία
12%22y221,Μοῦρσα
12%22y222,Μούσειον
12%22y223,Μόψιον
12%22y224,Μοψοπία
12%22y225,Μόψου ἑστία
12%22y226,Μυγδονία
12%22y227,Μυγισσός
12%22y228,Μύης
12%22y229,Μυκάλη
12%22y230,Μυκαλησσός
12%22y231,Μυκῆναι
12%22y232,Μύκοι
12%22y233,Μύκονος
12%22y234,Μύλαι
12%22y235,Μύλακες
12%22y236,Μυλαντία
12%22y237,Μύλασα
12%22y238,Μύλιοι
12%22y239,Μύλων
12%22y240,Μύνδος
12%22y241,Μύνδωνες
12%22y242,Μυονία
12%22y243,Μυόννησος
12%22y244,Μυοῦς
12%22y245,Μύρα
12%22y246,Μυργέται
12%22y247,Μυρίκη
12%22y248,Μυρίανδρος
12%22y249,Μυρικοῦς
12%22y250,Μύρινα
12%22y251,Μύρκινος
12%22y252,Μύρλεια
12%22y253,Μυρμήκιον
12%22y254,Μυρμιδονία
12%22y255,Μυρμισσός
12%22y256,Μυρρινοῦς
12%22y257,Μύρσινος
12%22y258,Μυρτοῦσσα
12%22y259,Μύρωνος
12%22y260,Μυσία
12%22y261,Μυστία
12%22y262,Μυτιλήνη
12%22y263,Μυτισέρατος
12%22y264,Μυτίστρατον
12%22y265,Μύων
12%22y266,Μῶβα
12%22y267,Μωθώ
12%22y268,Μῶλυς
12%22y269,Μώμεμφις
12%22y270,Μωνυχία
12%22y271,Μωριεῖς
13%22y1,Νάαρδα
13%22y2,Ναβαταῖοι
13%22y3,Νάγιδος
13%22y4,Ναϊσσός
13%22y5,Νάκρασος
13%22y6,Νακολία
13%22y7,Νακόνη
13%22y8,Ναξία
13%22y9,Νάξος
13%22y10,Ναπάται
13%22y11,Νάπη
13%22y12,Νάπις
13%22y13,Νάρβων
13%22y14,Ναρβίς
13%22y15,Ναρθηκίς
13%22y16,Ναρμαλίς
13%22y17,Ναρνία
13%22y18,Νάρυξ
13%22y19,Νασαμῶνες
13%22y20,Νάστος
13%22y21,Ναύκρατις
13%22y22,Ναύπακτος
13%22y23,Ναυπλία
13%22y24,Νέαι
13%22y25,Νεάνδρεια
13%22y26,Νεάπολις
13%22y27,Νέγλα
13%22y28,Νέδη
13%22y29,Νέδων
13%22y30,Νεῖλος
13%22y31,Νέμαυσος
13%22y32,Νεμέα
13%22y33,Νεοκαισάρεια
13%22y34,Νέον τεῖχος
13%22y35,Νέπετος
13%22y36,Νέσσων
13%22y37,Νέστος
13%22y38,Νευροί
13%22y39,Νεφελοκοκκυγία
13%22y40,Νεφθαλῖται
13%22y41,Νέων
13%22y42,Νήιον
13%22y43,Νηκουίνα
13%22y44,Νήραβος
13%22y45,Νήρικος
13%22y46,Νηρίς
13%22y47,Νησαῖον πεδίον
13%22y48,Νῆσος
13%22y49,Νησώπη
13%22y50,Νίβις
13%22y51,Νίγρητες
13%22y52,Νίκαια
13%22y53,Νικασία
13%22y54,Νικάτορις
13%22y55,Νικηφόριον
13%22y56,Νικίου
13%22y57,Νικομήδεια
13%22y58,Νικομήδειον
13%22y59,Νικόπολις
13%22y60,Νικωνία
13%22y61,Νίναια
13%22y62,Νινόη
13%22y63,Νῖνος
13%22y64,Νίσαια
13%22y65,Νίσιβις
13%22y66,Νίσυρος
13%22y67,Νιτρίαι
13%22y68,Νιφάτης
13%22y69,Νίψα
13%22y70,Νόαι
13%22y71,Νομαντία
13%22y72,Νόμβα
13%22y73,Νόσορα
13%22y74,Νοστία
13%22y75,Νότιον
13%22y76,Νοῦβαι
13%22y77,Νουκερῖνοι
13%22y78,Νουκρία
13%22y79,Νυμφαία
13%22y80,Νύμφαιον
13%22y81,Νυμφάς
13%22y82,Νύραξ
13%22y83,Νῦσαι
13%22y84,Νῶλα
13%22y85,Νώνακρις
13%22y86,Νώνυμνα
13%22y87,Νωμεντός
13%22y88,Νώρα
13%22y89,Νώρακος
14%22y1,Ξάνθοι
14%22y2,Ξάνθος
14%22y3,Ξαῦρος
14%22y4,Ξενέφυρις
14%22y5,Ξερξηνή
14%22y6,Ξήρα
14%22y7,Ξιλία
14%22y8,Ξιφηνή
14%22y9,Ξιφωνία
14%22y10,Ξόις
14%22y11,Ξουθία
14%22y12,Ξοῦχις
14%22y13,Ξύλος
14%22y14,Ξυνία
14%22y15,Ξυπέτη
14%22y16,Ξύστις
15%22y1,Ὄα
15%22y2,Ὄανος
15%22y3,Ὄαξος
15%22y4,Ὄβοδα
15%22y5,Ὀβόλκων
15%22y6,Ὀγκαῖαι
15%22y7,Ὄγκειον
15%22y8,Ὀγχηστός
15%22y9,Ὀγχόη
15%22y10,Ὀδησσός
15%22y11,Ὁδιούπολις
15%22y12,Ὁδός
15%22y13,Ὀδόμαντοι
15%22y14,Ὀδρύσαι
15%22y15,Ὀδυσσεῖς
15%22y16,Ὀζόλαι
15%22y17,Ὀθρωνός
15%22y18,Οἰάνθη
15%22y19,Οἰδάντιον
15%22y20,Οἶκος
15%22y21,Οἰκοῦς
15%22y22,Οἴνα
15%22y23,Οἰνειάδαι
15%22y24,Οἰνεών
15%22y25,Οἴνη
15%22y26,Οἰνόανδα
15%22y27,Οἰνόη
15%22y28,Οἰνοῦς
15%22y29,Οἰνοῦσσαι
15%22y30,Οἰνώνη
15%22y31,Οἰνωτρία
15%22y32,Οἶον
15%22y33,Οἶος
15%22y34,Οἰσύμη
15%22y35,Οἴτη
15%22y36,Οἴτυλος
15%22y37,Οἰχαλία
15%22y38,Ὀκρίκολα
15%22y39,Ὄκωλον
15%22y40,Ὄλβηλος
15%22y41,Ὀλβία
15%22y42,Ὀλβύσιοι
15%22y43,Ὀλιζών
15%22y44,Ὀλκάδες
15%22y45,Ὄλκιον
15%22y46,Ὄλμιον
15%22y47,Ὅλμοι
15%22y48,Ὄλμωνες
15%22y49,Ὀλόβαγρα
15%22y50,Ὀλοοσσών
15%22y51,Ὄλουρος
15%22y52,Ὀλοῦς
15%22y53,Ὀλόφυξος
15%22y54,Ὄλπαι
15%22y55,Ὄλυκα
15%22y56,Ὀλύκρη
15%22y57,Ὀλύμπη
15%22y58,Ὀλυμπία
15%22y59,Ὀλυμπιεῖον
15%22y60,Ὄλυμπος
15%22y61,Ὄλυνθος
15%22y62,Ὄμανα
15%22y63,Ὁμάριον
15%22y64,Ὄμβοι
15%22y65,Ὄμβρικοι
15%22y66,Ὁμηρῖται
15%22y67,Ὁμόλη
15%22y68,Ὁμόλιον
15%22y69,Ὀμφάκη
15%22y70,Ὀμφάλιον
15%22y71,Ὀνείβατις
15%22y72,Ὀνθύριον
15%22y73,Ὄννη
15%22y74,Ὄνουφις
15%22y75,Ὀνύχιον
15%22y76,Ὀξύβιοι
15%22y77,Ὀξυδράκαι
15%22y78,Ὀξύρυγχος
15%22y79,Ὀπικοί
15%22y80,Ὀπόεις
15%22y81,Ὀρβῖται
15%22y82,Ὄραθα
15%22y83,Ὀργάμη
15%22y84,Ὄργων
15%22y85,Ὀρδαία
15%22y86,Ὀρεσθάσιον
15%22y87,Ὀρέσται
15%22y88,Ὀρέστη
15%22y89,Ὀρεστία
16%22y1,Παλική
16%22y2,Παλίμβοθρα
16%22y3,Παλλαντία
16%22y4,Παλλάντιον
16%22y5,Παλλήνη
16%22y6,Πάλμυρα
16%22y7,Πάλτος
16%22y8,Παμβωτάδαι
16%22y9,Παμφυλία
16%22y10,Παναῖοι
16%22y11,Παναίουρα
16%22y12,Πάνακρα
16%22y13,Πάνακτον
16%22y14,Πάνδαι
16%22y15,Πανδοσία
16%22y16,Πανεάς
16%22y17,Πανέλληνες
16%22y18,Πάνελος
16%22y19,Πανία
16%22y20,Πανιώνιον
16%22y21,Πανδατερία
16%22y22,Πανόπη
16%22y23,Πάνορμος
16%22y24,Πανὸς κώμη
16%22y25,Πανός
16%22y26,Παντικάπαιον
16%22y27,Παντομάτριον
16%22y28,Παπίτιον
16%22y29,Πάπρημις
16%22y30,Παράδεισος
16%22y31,Παραιγιαλῖται
16%22y32,Παραισός
16%22y33,Παραίτακα
16%22y34,Παραιτόνιον
16%22y35,Πάραλος
16%22y36,Παραποταμία
16%22y37,Παραυαῖοι
16%22y38,Παραχελῳῖται
16%22y39,Πάρεδρος
16%22y40,Πάρεμφις
16%22y41,Παρέντιον
16%22y42,Παρθένιον
16%22y43,Παρθένιος
16%22y44,Παρθενόπη
16%22y45,Παρθενόπολις
16%22y46,Παρθένου ἱερόν
16%22y47,Πάρθος
16%22y48,Παρθυαῖοι
16%22y49,Παρικάνη
16%22y50,Πάριον
16%22y51,Πάρμη
16%22y52,Παρνασσός
16%22y53,Πάρνης
16%22y54,Παροιταία
16%22y55,Παροπάνισος
16%22y56,Πάρος
16%22y57,Παρπάρων
16%22y58,Παρρασία
16%22y59,Παρώρεια
16%22y60,Πάσσα
16%22y61,Πάσσαλα
16%22y62,Πασσαργάδαι
16%22y63,Πάστερις
16%22y64,Πάταλα
16%22y65,Πάταλος
16%22y66,Πάταρα
16%22y67,Πάτουμος
16%22y68,Πάτρα
16%22y69,Πάτραι
16%22y70,Πάτρασυς
16%22y71,Πατριαργάδαι
16%22y72,Πατρίς
16%22y73,Πατρόκλου νῆσος
16%22y74,Πάτυκος
16%22y75,Παυσάρκαι
16%22y76,Παυταλία
16%22y77,Παφλαγονία
16%22y78,Πάφος
16%22y79,Πάχυνος
16%22y80,Πέδα
16%22y81,Πεδιεῖς
16%22y82,Πεδίον
16%22y83,Πεδνηλισσός
16%22y84,Πειγελασσός
16%22y85,Πειραιός
16%22y86,Πειρασία
16%22y87,Πελαγονία
16%22y88,Πελασγία
16%22y89,Πελεθρόνιον
16%22y90,Πέλη
16%22y91,Πέλιννα
16%22y92,Πέλλα
16%22y93,Πελλήνη
16%22y94,Πελόπη
16%22y95,Πελοπόννησος
16%22y96,Πέλται
16%22y97,Πέμπτη
16%22y98,Πενέσται
16%22y99,Πενθίλη
16%22y100,Πεντελή
16%22y101,Πεπάρηθος
16%22y102,Περαία
16%22y103,Περαντία
16%22y104,Πέργαμος
16%22y105,Περγάντιον
16%22y106,Περγασή
16%22y107,Πέργη
16%22y108,Περδίκια
16%22y109,Περιθοῖδαι
16%22y110,Πέρινθος
16%22y111,Περιστερή
16%22y112,Περκώτη
16%22y113,Πέρνη
16%22y114,Περουσία
16%22y115,Περραιβός
16%22y116,Περραίσιον
16%22y117,Περρίδαι
16%22y118,Πέρσα
16%22y119,Πέρσαι
16%22y120,Περσέπολις
16%22y121,Περσεύς
16%22y122,Πεσσινοῦς
16%22y123,Πετεών
16%22y124,Πετηλία
16%22y125,Πέτορσοι
16%22y126,Πέτρα
16%22y127,Πετροσάκα
16%22y128,Πέτροσσα
16%22y129,Πευκετίαντες
16%22y130,Πευκέτιοι
16%22y131,Πεύκη
16%22y132,Πέφνον
16%22y133,Πηγαί
16%22y134,Πήδασα
16%22y135,Πηλαγονία
16%22y136,Πήλη
16%22y137,Πήληκες
16%22y138,Πήληκος
16%22y139,Πήλιον
16%22y140,Πηλοῦς
16%22y141,Πηλούσιον
16%22y142,Πήρα
16%22y143,Πήρεια
16%22y144,Πίακος
16%22y145,Πιάλεια
16%22y146,Πιάσται
16%22y147,Πίγινδα
16%22y148,Πιερία
16%22y149,Πιθηκοῦσσαι
16%22y150,Πιθήκων κόλπος
16%22y151,Πίθος
16%22y152,Πικεντία
16%22y153,Πικίαντες
16%22y154,Πίλωρος
16%22y155,Πιμώλισα
16%22y156,Πίναμυς
16%22y157,Πίναρα
16%22y158,Πίσα
16%22y159,Πισιδία
16%22y160,Πισίς
16%22y161,Πισσαῖον
16%22y162,Πίστιρος
16%22y163,Πισύη
16%22y164,Πιτάνη
16%22y165,Πιτάου πόλις
16%22y166,Πίτνισσα
16%22y167,Πιτύεια
16%22y168,Πιτύη
16%22y169,Πιτυοῦσσαι
16%22y170,Πλαδαραῖοι
16%22y171,Πλακεντία
16%22y172,Πλακία
16%22y173,Πλάμος
16%22y174,Πλαραῖοι
16%22y175,Πλάρασα
16%22y176,Πλαταιαί
16%22y177,Πλάτανος
16%22y178,Πλατεῖα
16%22y179,Πλατηίς
16%22y180,Πλειστάρχεια
16%22y181,Πλευρών
16%22y182,Πλημμύριον
16%22y183,Πλινθίνη
16%22y184,Πλούτιον
16%22y185,Πλυνέαι
16%22y186,Πλώθεια
16%22y187,Πνέβεβις
16%22y188,Πνύξ
16%22y189,Ποδάλεια
16%22y190,Ποιήεσσα
16%22y191,Ποιμανηνόν
16%22y192,Ποιμήν
16%22y193,Ποίμνη
16%22y194,Πόλα
16%22y195,Πολεμώνιον
16%22y196,Πολήσιοι
16%22y197,Πολίειον
16%22y198,Πόλιον
16%22y199,Πόλις
16%22y200,Πολιτεία
16%22y201,Πολιτώριον
16%22y202,Πολίχνα
16%22y203,Πολλεντός
16%22y204,Πολύαρα
16%22y205,Πολυδώρα
16%22y206,Πολυπόδουσα
16%22y207,Πολυρρηνία
16%22y208,Πομπηιούπολις
16%22y209,Πονηρόπολις
16%22y210,Πόντος
16%22y211,Ποπλώνιον
16%22y212,Πορδοσελήνη
16%22y213,Πορθμία
16%22y214,Πορφυρεών
16%22y215,Πορφυρίτης
16%22y216,Ποσείδειον
16%22y217,Ποσειδωνία
16%22y218,Ποταμοσάκων
16%22y219,Ποτίδαια
16%22y220,Ποτιδανία
16%22y221,Ποτίολοι
16%22y222,Πότνιαι
16%22y223,Πράασπα
16%22y224,Πραίνεστος
16%22y225,Πραισός
16%22y226,Πραιτετία
16%22y227,Πρακίαι
16%22y228,Πρᾶκνος
16%22y229,Πράξιλος
16%22y230,Πράσιοι
16%22y231,Πρᾶς
16%22y232,Πρασιαί
16%22y233,Πράσον
16%22y234,Πράσσαιβοι
16%22y235,Πρετανική
16%22y236,Πρίανσος
16%22y237,Πρίαπος
16%22y238,Πριήνη
16%22y239,Πρινασσός
16%22y240,Πριόλα
16%22y241,Πριούερνος
16%22y242,Πρόαρνα
16%22y243,Προβάλινθος
16%22y244,Προγάσεια
16%22y245,Πρόκλη
16%22y246,Προκόννησος
16%22y247,Προνάσται
16%22y248,Πρόνεκτος
16%22y249,Πρόπαλαι
16%22y250,Προξενούπολις
16%22y251,Προποντίς
16%22y252,Προσέληνοι
16%22y253,Πρόσπαλτα
16%22y254,Προστρόπαια
16%22y255,Πρόσυμνα
16%22y256,Πρόσχιον
16%22y257,Προσωπίς
16%22y258,Προσωπῖτις
16%22y259,Πρόσωπον
16%22y260,Προῦσα
16%22y261,Προχύτη
16%22y262,Πρυμνησία
16%22y263,Πρώανα
16%22y264,Πρωτή
16%22y265,Πτελέα
16%22y266,Πτελεόν
16%22y267,Πτέριον
16%22y268,Πτολεμαΐς
16%22y269,Πτυχία
16%22y270,Πύγελα
16%22y271,Πυγμαῖοι
16%22y272,Πύδης
16%22y273,Πύδνα
16%22y274,Πυῆνις
16%22y275,Πύθιον
16%22y276,Πυθόπολις
16%22y277,Πυθώ
16%22y278,Πύλαι
16%22y279,Πυλήνη
16%22y280,Πύλος
16%22y281,Πύξις
16%22y282,Πυξοῦς
16%22y283,Πυραία
16%22y284,Πυραμίδες
16%22y285,Πύραμος
16%22y286,Πύρανθος
16%22y287,Πύρασος
16%22y288,Πύργησσα
16%22y289,Πύργοι
16%22y290,Πυρήνη
16%22y291,Πύρινδος
16%22y292,Πύρνος
16%22y293,Πύρρα
16%22y294,Πυρωναία
16%22y295,Πῶλις καὶ Σῆνος
17%22y1,Ῥάβα
17%22y2,Ῥαββάθμωβα
17%22y3,Ῥαββατάμμανα
17%22y4,Ῥάβεννα
17%22y5,Ῥάγα
17%22y6,Ῥαδανουσία
17%22y7,Ῥαία
17%22y8,Ῥαιτοί
17%22y9,Ῥάκηλος
17%22y10,Ῥακῶτις
17%22y11,Ῥαμνοῦς
17%22y12,Ῥάπτα
17%22y13,Ῥαρεντός
17%22y14,Ρ̓άριον πεδίον
17%22y15,Ῥαῦκος
17%22y16,Ῥαφανέαι
17%22y17,Ῥάφεια
17%22y18,Ῥεάτιον
17%22y19,Ῥεμουρία
17%22y20,Ῥέσαλα
17%22y21,Ῥέσινα
17%22y22,Ῥήβας
17%22y23,Ῥήγιον
17%22y24,Ῥῆγμα
17%22y25,Ῥήνη
17%22y26,Ῥῆνοι
17%22y27,Ῥηγίλλος
17%22y28,Ῥιζηνία
17%22y29,Ῥίζις
17%22y30,Ῥιζοῦς
17%22y31,Ῥίζων
17%22y32,Ῥιθυμνία
17%22y33,Ῥινοκούρουρα
17%22y34,Ῥίον
17%22y35,Ῥιπαῖα
17%22y36,Ῥίπη
17%22y37,Ῥόβεια
17%22y38,Ῥοδανουσία
17%22y39,Ῥοδαί
17%22y40,Ῥόδη
17%22y41,Ῥοδία
17%22y42,Ῥοδόη
17%22y43,Ῥοδόπη
17%22y44,Ῥόδος
17%22y45,Ῥοδουντία
17%22y46,Ῥοδοῦσσα
17%22y47,Ῥοῖξος
17%22y48,Ῥοίτειον
17%22y49,Ῥοιτία
17%22y50,Ῥονδαῖοι
17%22y51,Ῥοξονοκαία
17%22y52,Ῥοπεῖς
17%22y53,Ῥύβδος
17%22y54,Ῥύγχαι
17%22y55,Ῥύμη
17%22y56,Ῥύνδακος
17%22y57,Ῥύπαι
17%22y58,Ῥύτιον
17%22y59,Ῥωγάνη
17%22y60,Ῥώγη
17%22y61,Ῥωγμοί
17%22y62,Ῥώμη
17%22y63,Ῥωμυλία
17%22y64,Ῥών
17%22y65,Ῥῶσος
18%22y1,Σαβαί
18%22y2,Σαββατία
18%22y3,Σαβῖνοι
18%22y4,Σάβοι
18%22y5,Σαβώ
18%22y6,Σαγαλασσός
18%22y7,Σαγαρτία
18%22y8,Σαγγάριος
18%22y9,Σάγουντος
18%22y10,Σάδαλις
18%22y11,Σάζοι
18%22y12,Σαιδηνή
18%22y13,Σαΐξαι
18%22y14,Σάϊς
18%22y15,Σάκαι
18%22y16,Σάκος
18%22y17,Σακχηνοί
18%22y18,Σαλάμιοι
18%22y19,Σαλαμίς
18%22y20,Σάλαγγος
18%22y21,Σάλαρς
18%22y22,Σαλγανεύς
18%22y23,Σάλγας
18%22y24,Σαλήσιοι
18%22y25,Σαλλεντία
18%22y26,Σάλλυες
18%22y27,Σαλμακίς
18%22y28,Σαλμηνοί
18%22y29,Σάλμος
18%22y30,Σαλμυδησσός
18%22y31,Σάλμυκα
18%22y32,Σαλμώνη
18%22y33,Σάλωνα
18%22y34,Σαλώνεια
18%22y35,Σαμάρεια
18%22y36,Σάμβος
18%22y37,Σαμηνοί
18%22y38,Σαμικόν
18%22y39,Σάμνιον
18%22y40,Σαμοθρᾴκη
18%22y41,Σάμορνα
18%22y42,Σάμος
18%22y43,Σαμόσατα
18%22y44,Σαμυδάκη
18%22y45,Σαμυλία
18%22y46,Σάμφη
18%22y47,Σάμψα
18%22y48,Σάμψειρα
18%22y49,Σανδάλιον
18%22y50,Σάνδων
18%22y51,Σάνεια
18%22y52,Σάνη
18%22y53,Σανίνα
18%22y54,Σαννίγαι
18%22y55,Σάντις
18%22y56,Σάντονες
18%22y57,Σάξονες
18%22y58,Σάος
18%22y59,Σάπαι
18%22y60,Σάπειρες
18%22y61,Σαπφειρήνη
18%22y62,Σάρακα
18%22y63,Σάραπις
18%22y64,Σάραπτα
18%22y65,Σάργανθα
18%22y66,Σάργαντις
18%22y67,Σάρδαιον
18%22y68,Σαρδησσός
18%22y69,Σάρδις
18%22y70,Σάρδος
18%22y71,Σαρδώ
18%22y72,Σάριχα
18%22y73,Σαρμάται
18%22y74,Σαρνοῦς
18%22y75,Σαρπηδών
18%22y76,Σάρτη
18%22y77,Σάρων
18%22y78,Σάτρα
18%22y79,Σατορνία
18%22y80,Σάταλα
18%22y81,Σατίκολα
18%22y82,Σάτραι
18%22y83,Σατρία
18%22y84,Σατροκένται
18%22y85,Σατύριον
18%22y86,Σαῦα
18%22y87,Σαυνῖται
18%22y88,Σαῦρα
18%22y89,Σαυρομάται
18%22y90,Σαχαλῖται
18%22y91,Σεβαστή
18%22y92,Σέβεδα
18%22y93,Σεβέννυτος
18%22y94,Σεγήδη
18%22y95,Σεθρόη
18%22y96,Σειρηνοῦσσαι
18%22y97,Σέκελλα
18%22y98,Σελασία
18%22y99,Σέλγη
18%22y100,Σελεύκεια
18%22y101,Σέλευκος
18%22y102,Σελευκόβηλος
18%22y103,Σελήνης
18%22y104,Σελινοῦς
18%22y105,Σελλασία
18%22y106,Σελλοί
18%22y107,Σέννονες
18%22y108,Σενοεσσανοί
18%22y109,Σέμφη
18%22y110,Σέριφος
18%22y111,Σερμυλία
18%22y112,Σέρρειον
18%22y113,Σεσάρηθος
18%22y114,Σεσίνδιον
18%22y115,Σέστιον
18%22y116,Σηκόανος
18%22y117,Σηλυμβρία
18%22y118,Σημαχίδαι
18%22y119,Σήνη
18%22y120,Σῆνος
18%22y121,Σῆρες
18%22y122,Σήσαμον
18%22y123,Σηστός
18%22y124,Σηταῖον
18%22y125,Σητία
18%22y126,Σιαγάθουργοι
18%22y127,Σίβαι
18%22y128,Σίβδα
18%22y129,Σιβερίνη
18%22y130,Σίβυρτος
18%22y131,Σίγαθα
18%22y132,Σίγγα
18%22y133,Σίγγαρα
18%22y134,Σίγγος
18%22y135,Σίγγυα
18%22y136,Σίγειον
18%22y137,Σίγη
18%22y138,Σιγνία
18%22y139,Σίγριον
18%22y140,Σίγυννος
18%22y141,Σιδάκη
18%22y142,Σιδαροῦς
18%22y143,Σίδη
18%22y144,Σιδήλη
18%22y145,Σιδήνη
18%22y146,Σιδοῦς
18%22y147,Σίδουσα
18%22y148,Σίδυμα
18%22y149,Σιδών
18%22y150,Σιδωνία
18%22y151,Σιθηνοί
18%22y152,Σιθωνία
18%22y153,Σικάνη
18%22y154,Σικανία
18%22y155,Σικελία
18%22y156,Σίκημος
18%22y157,Σίκηνος
18%22y158,Σικυών
18%22y159,Σιλίνδιον
18%22y160,Σίλλυος
18%22y161,Σίμανα
18%22y162,Σίμηνα
18%22y163,Σιμόεις
18%22y164,Σίμυρος
18%22y165,Σίναι
18%22y166,Σινδησσός
18%22y167,Σινδία
18%22y168,Σίνδα
18%22y169,Σινδοί
18%22y170,Σινδοναῖοι
18%22y171,Σίνηρα
18%22y172,Σίνθος
18%22y173,Σινόεσσα
18%22y174,Σιντία
18%22y175,Σίντοιον
18%22y176,Σινώπη
18%22y177,Σίξος
18%22y178,Σιποῦς
18%22y179,Σίπυλος
18%22y180,Σίρες
18%22y181,Σίρβων
18%22y182,Σῖρις
18%22y183,Σίρμιον
18%22y184,Σίρρα
18%22y185,Σισίγυλις
18%22y186,Σίσυρβα
18%22y187,Σῖφαι
18%22y188,Σιτικόν
18%22y189,Σιττάκη
18%22y190,Σίφνος
18%22y191,Σιωνία
18%22y192,Σκάβαλα
18%22y193,Σκαιοί
18%22y194,Σκάμανδρος
18%22y195,Σκαμβωνίδαι
18%22y196,Σκάνδεια
18%22y197,Σκαπτησύλη
18%22y198,Σκάροι
18%22y199,Σκάρφεια
18%22y200,Σκέμψα
18%22y201,Σκηναί
18%22y202,Σκῆψις
18%22y203,Σκίαθος
18%22y204,Σκιάποδες
18%22y205,Σκιάς
18%22y206,Σκίθαι
18%22y207,Σκίδρος
18%22y208,Σκιλλοῦς
18%22y209,Σκιρῖτις
18%22y210,Σκίρος
18%22y211,Σκιρτώνιον
18%22y212,Σκίρφαι
18%22y213,Σκιώνη
18%22y214,Σκόλις
18%22y215,Σκορδίσκοι καὶ Σκίρτιοι
18%22y216,Σκορπιανός
18%22y217,Σκοτινά
18%22y218,Σκοτοῦσσα
18%22y219,Σκοῦποι
18%22y220,Σκύβρος
18%22y221,Σκύδρα
18%22y222,Σκύθαι
18%22y223,Σκυθηνοί
18%22y224,Σκυθόπολις
18%22y225,Σκυλάκη
18%22y226,Σκύλλαιον
18%22y227,Σκυλλήτιον
18%22y228,Σκύλλιον
18%22y229,Σκυμνιάδαι
18%22y230,Σκύρμος
18%22y231,Σκῦρος
18%22y232,Σκυτόπολις
18%22y233,Σκυφία
18%22y234,Σκῶλος
18%22y235,Σμίλα
18%22y236,Σμίνθη
18%22y237,Σμίνθιον
18%22y238,Σμύρνα
18%22y239,Σόανες
18%22y240,Σογδιανή
18%22y241,Σόδομα
18%22y242,Σόλκοι
18%22y243,Σόλλιον
18%22y244,Σόλοι
18%22y245,Σολοῦς
18%22y246,Σολύγεια
18%22y247,Σόλυμα
18%22y248,Σόλυμοι
18%22y249,Σουάγγελα
18%22y250,Σουκχαῖοι
18%22y251,Σουματία
18%22y252,Σούνιον
18%22y253,Σοῦρα
18%22y254,Σοῦσα
18%22y255,Σούτριον
18%22y256,Σπάδα
18%22y257,Σπάρτακος
18%22y258,Σπαλέθρη
18%22y259,Σπάρτη
18%22y260,Σπάρτωλος
18%22y261,Σπασίνου χάραξ
18%22y262,Σπήλαιον
18%22y263,Σπῖνα
18%22y264,Σπόργιλος
18%22y265,Στάγειρα
18%22y266,Σταμένη
18%22y267,Στάσις
18%22y268,Στειριά
18%22y269,Στενύκληρος
18%22y270,Στεφάνη
18%22y271,Στεφανίς
18%22y272,Στῆλαι
18%22y273,Στίλπαι
18%22y274,Στοῖαι
18%22y275,Στοιχάδες
18%22y276,Στουῖνος
18%22y277,Στρατία
18%22y278,Στράμβαι
18%22y279,Στράτιον
18%22y280,Στρατονίκεια
18%22y281,Στράτος
18%22y282,Στρέψα
18%22y283,Στρῆνος
18%22y284,Στρόβος
18%22y285,Στρογγύλη
18%22y286,Στρούθεια
18%22y287,Στρόγωλα
18%22y288,Στροφάδες
18%22y289,Στρυβία
18%22y290,Στρύμη
18%22y291,Στρυμών
18%22y292,Στρώη
18%22y293,Στύελλα
18%22y294,Στυλλάγιον
18%22y295,Στύμφαλος
18%22y296,Στύρα
18%22y297,Στυράκιον
18%22y298,Στῶλος
18%22y299,Σύαγρα
18%22y300,Σύαλις
18%22y301,Συασσός
18%22y302,Σύβαρις
18%22y303,Σύβερος
18%22y304,Σύβοτα
18%22y305,Συβρίδαι
18%22y306,Σύεδρα
18%22y307,Σύεσσα
18%22y308,Συήνη
18%22y309,Συΐα
18%22y310,Σύϊς
18%22y311,Συκαί
18%22y312,Συκάμινον
18%22y313,Σύλκοι
18%22y314,Σύλειον
18%22y315,Συλίονες
18%22y316,Σύμαιθα
18%22y317,Σύμβρα
18%22y318,Σύμη
18%22y319,Σύναγγος
18%22y320,Σύνδικος
18%22y321,Σύνναδα
18%22y322,Συπαληττός
18%22y323,Συράκουσαι
18%22y324,"Συρβανή, νῆσος ἐν τῷ Εὐφράτῃ, ὡς Κουάδρατος θ Παρθικῶν. τὸ ἐθνικὸν Συρβανηνός."
18%22y325,Σύρινθος
18%22y326,Συρμαῖον
18%22y327,Συρμάται
18%22y328,Σύρνος
18%22y329,Σύροι
18%22y330,Σῦρος
18%22y331,Συρρέντιον
18%22y332,Συώπιοι
18%22y333,Σφακτήρια
18%22y334,Σφενδαλή
18%22y335,Σφήκεια
18%22y336,Σφηττός
18%22y337,Σχερία
18%22y338,Σχινοῦσσα
18%22y339,Σχοινοῦς
18%22y340,Σώβαλα
18%22y341,Σώζουσαι
18%22y342,Σώλιμνα
18%22y343,Σωσάνδρα
18%22y344,Σωφηνή
18%22y345,Σώτειρα
19%22y1,Τάβαι
19%22y2,Ταβηνοί
19%22y3,Τάβιοι
19%22y4,Τάβις
19%22y5,Τάβαθρα
19%22y6,Ταϊηνοί
19%22y7,Ταίναρος
19%22y8,Τάκομψος
19%22y9,Ταλαρία
19%22y10,Τάμασος
19%22y11,Τάμβραξ
19%22y12,Ταμιεῖον
19%22y13,Τάμνα
19%22y14,Ταμύνα
19%22y15,Ταμυράκη
19%22y16,Ταμίαθις
19%22y17,Τάναγρα
19%22y18,Τάναϊς
19%22y19,Τάνις
19%22y20,Τάνος
19%22y21,Τάνταλος
19%22y22,Ταξίανα
19%22y23,Τάξιλα
19%22y24,Τάοχοι
19%22y25,Ταπόσειρις
19%22y26,Ταπροβάνη
19%22y27,Τάπυρροι
19%22y28,Τάρανδρος
19%22y29,Τάρας
19%22y30,Ταριχέαι
19%22y31,Ταρκυνία
19%22y32,Τάρνη
19%22y33,Τάρπη
19%22y34,Τάρρα
19%22y35,Ταρρακῖνα
19%22y36,Ταρράκων
19%22y37,Ταρραχίνη
19%22y38,Ταρσήιον
19%22y39,Ταρσός
19%22y40,Τάρταρος
19%22y41,Ταρτησσός
19%22y42,Τάρφαρα
19%22y43,Τάρφη
19%22y44,Ταρχία
19%22y45,Ταρχώνιον
19%22y46,Ταῦα
19%22y47,Ταύακα
19%22y48,Ταΰγετον
19%22y49,Ταυλάντιοι
19%22y50,Ταυρασία
19%22y51,Ταυρική
19%22y52,Ταυρίσκοι
19%22y53,Ταυρόεις
19%22y54,Ταυρομένιον
19%22y55,Ταυροπόλιον
19%22y56,Ταυρόπολις
19%22y57,Ταῦρος
19%22y58,Ταύχειρα
19%22y59,Τάφος
19%22y60,Ταφόσιρις
19%22y61,Τάφραι
19%22y62,Ταχεμψώ
19%22y63,Τεανόν
19%22y64,Τέβερις
19%22y65,Τεγέα
19%22y66,Τέγεστρα
19%22y67,Τεγησσός
19%22y68,Τέγυρα
19%22y69,Τείρια
19%22y70,Τειχιόεις
19%22y71,Τειχιόεσσα
19%22y72,Τεῖχος
19%22y73,Τέκμων
19%22y74,Τεκτόσαξ
19%22y75,Τελαμών
19%22y76,Τελάνη
19%22y77,Τελέθριον
19%22y78,Τέλμερα
19%22y79,Τελμισσός
19%22y80,Τέλφουσα
19%22y81,Τελχίς
19%22y82,Τέμβριον
19%22y83,Τέμβρος
19%22y84,Τεμένεια
19%22y85,Τέμενος
19%22y86,Τεμέση
19%22y87,Τέμμιξ
19%22y88,Τένδηβα
19%22y89,Τενέα
19%22y90,Τενέβριον
19%22y91,Τένεδος
19%22y92,Τέντυρις
19%22y93,Τεράψη
19%22y94,Τερβητία
19%22y95,Τέργις
19%22y96,Τερηδών
19%22y97,Τέρινα
19%22y98,Τέρμερα
19%22y99,Τερμησσός
19%22y100,Τετράπολις τῆς Ἀττικῆς
19%22y101,Τετραχωρῖται
19%22y102,Τευθίς
19%22y103,Τευθρανία
19%22y104,Τευκροί
19%22y105,Τευμησσός
19%22y106,Τευτλοῦσσα
19%22y107,Τέως
19%22y108,Τεύωχις
19%22y109,Τήλανδρος
19%22y110,Τηλεβοΐς
19%22y111,Τηλέφιος δῆμος καὶ Τηλέφου κρήνη
19%22y112,Τῆλος
19%22y113,Τημένιον
19%22y114,Τῆμνος
19%22y115,Τήνειον
19%22y116,Τῆνος
19%22y117,Τιβαρανία
19%22y118,Τίβειον
19%22y119,Τιβεριάς
19%22y120,Τίβυρις
19%22y121,Τίγγις
19%22y122,Τιγρανόκερτα
19%22y123,Τιθοραία
19%22y124,Τίθρας
19%22y125,Τιθρώνιον
19%22y126,Τίκινος
19%22y127,Τιλαταῖοι
19%22y128,Τιλφωσσαῖον
19%22y129,Τίμυρα
19%22y130,Τιμώνιον
19%22y131,Τίνδιον
19%22y132,Τίος
19%22y133,Τιπανίσαι
19%22y134,Τίριζα
19%22y135,Τίρσαι
19%22y136,Τίρυνς
19%22y137,Τισία
19%22y138,Τῖσις
19%22y139,Τίσσαι
19%22y140,Τιτακίδαι
19%22y141,Τιτάνη
19%22y142,Τιταρών
19%22y143,Τίτων
19%22y144,Τλῆτες
19%22y145,Τλῶς
19%22y146,Τνυσσός
19%22y147,Τολέριον
19%22y148,Τολιστόβιοι
19%22y149,Τολοφών
19%22y150,Τόμαρος
19%22y151,Τομεύς
19%22y152,Τόμισα
19%22y153,Τόξιοι
19%22y154,Τόπαζος
19%22y155,Τορέται
19%22y156,Τόρρηβος
19%22y157,Τορτόμιον
19%22y158,Τορώνη
19%22y159,Τουρδητανία
19%22y160,Τράγασαι
19%22y161,Τραγία
19%22y162,Τράγιλος
19%22y163,Τραλλία
19%22y164,Τράλλις
19%22y165,Τράμπη
19%22y166,Τραμπύα
19%22y167,Τρανσαλπῖνοι
19%22y168,Τράπεζα
19%22y169,Τραπεζοῦς
19%22y170,Τραύαλα
19%22y171,Τραυχένιοι
19%22y172,Τραυσοί
19%22y173,Τράφη
19%22y174,Τράφεια
19%22y175,Τραχεῖα
19%22y176,Τραχίς
19%22y177,Τρεμιθοῦς
19%22y178,Τρεμίλη
19%22y179,Τρῆρος
19%22y180,Τρῆχις
19%22y181,Τριβαλλοί
19%22y182,Τριζοί
19%22y183,Τριῆρες
19%22y184,Τριήρης
19%22y185,Τρίκαλον
19%22y186,Τρικάρανον
19%22y187,Τρίκκη
19%22y188,Τρικόλωνοι
19%22y189,Τρικόρυνθον
19%22y190,Τρινακρία
19%22y191,Τρινεμεῖς
19%22y192,Τρίνησσα
19%22y193,Τρίοδος
19%22y194,Τριόπιον
19%22y195,"Τριποδίσκος, καὶ Τριποδίσκοι, κώμη τῆς Μεγαρίδος. λέγεται καὶ Τριποδίσκη. Ἡρωδιανὸς ιβ. ὁ κωμήτης Τριποδίσκιος. Καλλίμαχος δ’ ἐν Αἰτίων <α> πόλιν αὐτὴν εἶναί φησι."
19%22y196,Τρίπολις
19%22y197,Τριπόλισσοι
19%22y198,Τρίσπλαι
19%22y199,Τριταία
19%22y200,Τρίτεια
19%22y201,Τρίτη
19%22y202,Τρίτωνος
19%22y203,Τριφυλία
19%22y204,Τριχώνιον
19%22y205,Τροία
19%22y206,Τροιζήν
19%22y207,Τρόκμοι
19%22y208,Τρόπις
19%22y209,Τρῦχαι
19%22y210,Τρώγιλος
19%22y211,Τρωϊάς
19%22y212,Τύανα
19%22y213,Τύδερτα
19%22y214,Τυῆνις
19%22y215,Τυλησσός
19%22y216,Τύλις
19%22y217,Τυμέναιον
19%22y218,Τύμηνα
19%22y219,Τύμης
19%22y220,Τυμνησσός
19%22y221,Τύμνος
19%22y222,Τύμφη
19%22y223,Τύμωλος
19%22y224,Τύνης
19%22y225,Τύπαιον
19%22y226,Τυπανέαι
19%22y227,Τύρας
19%22y228,Τυρακῖναι
19%22y229,Τυριτάκη
19%22y230,Τυρμένιοι
19%22y231,Τυρμίδαι
19%22y232,Τυρόδιζα
19%22y233,Τύρος
19%22y234,Τυρρηνία
19%22y235,Τύρσητα
19%22y236,Τύσκλος
19%22y237,Τυφρηστός
19%22y238,Τύχη
20%22y1,Ὑαία
20%22y2,Ὑάμεια
20%22y3,Ὑάμιον
20%22y4,Ὑάμπολις
20%22y5,Ὕαντες
20%22y6,Ὑάπεια
20%22y7,Ὕασις
20%22y8,Ὕβα
20%22y9,Ὑβέλη
20%22y10,Ὕβλαι
20%22y11,Ὑγασσός
20%22y12,Ὑδάρκαι
20%22y13,Ὕδη
20%22y14,Ὑδισσός
20%22y15,Ὕδρα
20%22y16,Ὑδραμία
20%22y17,Ὑδρέα
20%22y18,Ὕδρηλα
20%22y19,Ὑδροῦς
20%22y20,Ὑηττός
20%22y21,Ὑθμῖται
20%22y22,Ὕκκαρον
20%22y23,Ὑλαία
20%22y24,Ὕλαμοι
20%22y25,Ὕλη
20%22y26,Ὑλλάριμα
20%22y27,Ὑλλεῖς
20%22y28,Ὑλλούαλα
20%22y29,Ὑμηττός
20%22y30,Ὕοψ
20%22y31,Ὕπαιπα
20%22y32,Ὑπαιλόχιοι
20%22y33,Ὕπανα
20%22y34,Ὕπανις
20%22y35,Ὑπάτη
20%22y36,Ὑπερασία
20%22y37,Ὑπερβόρεοι
20%22y38,Ὑπερδέξιον
20%22y39,Ὑπερησία
20%22y40,Ὕπιος
20%22y41,Ὑποθῆβαι
20%22y42,Ὑποχαλκίς
20%22y43,Ὑρία
20%22y44,Ὑρκανία
20%22y45,Ὑρκανοί
20%22y46,Ὑρμίνη
20%22y47,Ὑρνήθιον
20%22y48,Ὕρτακος
20%22y49,Ὑσαεῖς
20%22y50,Ὕσβη
20%22y51,Ὑσία
20%22y52,Ὕσκανα
20%22y53,Ὑστάσπαι
20%22y54,Ὕτεννα
20%22y55,Ὕψηλις
20%22y56,Ὑψοῦς
20%22y57,Ὑώπη
