alpha%22y1,ἀάατον
alpha%22y2,ἀᾶσθαι
alpha%22y3,ἀάατον
alpha%22y4,ἀάασαι
alpha%22y5,ἀασάμην
alpha%22y6,ἄατος
alpha%22y7,ἄβαλε
alpha%22y8,ἄβαλεν
alpha%22y9,ἄβαπτος
alpha%22y10,ἄβατον
alpha%22y11,ἀβασάνιστος
alpha%22y12,ἀβδέλυκτα
alpha%22y13,ἀβέβηλος
alpha%22y14,ἀβελτερία
alpha%22y15,ἀβέλτερος
alpha%22y16,ἀβίωτον
alpha%22y17,ἀβλεπτήματι
alpha%22y18,ἀβληχρήν
alpha%22y19,ἄβολος
alpha%22y20,ἀβούλητον
alpha%22y21,ἀβουλία
alpha%22y22,ἀβούλως
alpha%22y23,ἀβουλεῖν
alpha%22y24,Ἀβόλως
alpha%22y25,ἀβολήσας
alpha%22y26,ἀβολητύς
alpha%22y27,ἄβου
alpha%22y28,ἁβρὰ βαίνων
alpha%22y29,ἄβρα
alpha%22y30,ἄβραι
alpha%22y31,ἀβραμιαῖος
alpha%22y32,ἁβροδιαίτῃ
alpha%22y33,ἁβροδίαιτος
alpha%22y34,ἁβρὸς λειμών
alpha%22y35,ἁβρός
alpha%22y36,ἁβροσύνη
alpha%22y37,Ἁβροκόμας
alpha%22y38,ἀβροτήμων
alpha%22y39,ἁβρότητι
alpha%22y40,ἄβροτον
alpha%22y41,ἁβροχίτων
alpha%22y42,ἁβρύνεται
alpha%22y43,ἀβύρβηλον
alpha%22y44,ἄβυδον φλυαρίαν
alpha%22y45,ἄβυδος
alpha%22y46,Ἀβυδοκόμης
alpha%22y47,Ἄβαρις
alpha%22y48,ἄβρωτος
alpha%22y49,ἀβακέως
alpha%22y50,ἀβακηνούς
alpha%22y51,ἀβακήμων
alpha%22y52,ἀβακῆσαι
alpha%22y53,ἀβάκητον
alpha%22y54,ἀβάκιον
alpha%22y55,ἄβακτον καὶ ἄβυκτον
alpha%22y56,ἄβατος ὁδός
alpha%22y57,ἀβέβηλος
alpha%22y58,ἄβιος
alpha%22y59,ἀβίωτον
alpha%22y60,ἀβούλητον
alpha%22y61,ἀβυρτάκη
alpha%22y62,Ἀγάθαρχος
alpha%22y63,ἀγαθά
alpha%22y64,ἄγαλμα
alpha%22y65,ἀγαθικά
alpha%22y66,ἀγάλλει
alpha%22y67,ἀγάλλων
alpha%22y68,ἀγαλματοφορούμενος
alpha%22y69,ἀγάμενος
alpha%22y70,ἀγάννιφον
alpha%22y71,ἀγανοφροσύνη
alpha%22y72,ἀγανώπιδος
alpha%22y73,ἄγνον
alpha%22y74,ἀγνοία
alpha%22y75,ἀγνῶτα
alpha%22y76,ἀγωνιᾶν
alpha%22y77,ἄγμα
alpha%22y78,ἄγος
alpha%22y79,ἀγαπητὰ ἤθη
alpha%22y80,ἀγαπητόν
alpha%22y81,ἀγαπᾶν
alpha%22y82,ἀγάσαιτο
alpha%22y83,ἀγαστοῦ
alpha%22y84,ἀγαπησμός
alpha%22y85,ἀγάστονος
alpha%22y86,ἀγασθῶ τινι
alpha%22y87,ἀγαπῴην ἄν
alpha%22y88,ἄγγαρος
alpha%22y89,ἀγαυρίαμα
alpha%22y90,ἀγγελιαφόρος
alpha%22y91,ἀγγαροφορεῖν
alpha%22y92,ἄγγαροι
alpha%22y93,ἄγε δῆτα
alpha%22y94,ἄγειν καὶ φέρειν
alpha%22y95,ἀγάσματα
alpha%22y96,ἀγηοχώς
alpha%22y97,ἀγείρει
alpha%22y98,ἀγελαίων
alpha%22y99,ἀγελαῖος
alpha%22y100,ἀγεννῶς
alpha%22y101,ἀγέραστος
alpha%22y102,ἀγερωχία
alpha%22y103,ἀγέρωχος
alpha%22y104,ἄγετε
alpha%22y105,ἄγευστος θοίνης
alpha%22y106,ἄγευστοι
alpha%22y107,ἀγητός
alpha%22y108,ἄγη
alpha%22y109,ἀγερσικύβηλον
alpha%22y110,Ἄγλαυρος
alpha%22y111,ἄγασθαι
alpha%22y112,ἀγόρασιν
alpha%22y113,ἀγών
alpha%22y114,ἀγερμίς
alpha%22y115,ἀγοράσω
alpha%22y116,ἄγυνον
alpha%22y117,Ἄγραι
alpha%22y118,ἀγλευκής
alpha%22y119,ἀγκωλιάδειν
alpha%22y120,ἀγαθὸν δαίμονα
alpha%22y121,ἀ<γ>καλίδας ἕλκειν
alpha%22y122,ἀγοραῖος
alpha%22y123,ἀγκυρίσας
alpha%22y124,ἁγίζειν
alpha%22y125,ἀγάλματα Ἑκάτης
alpha%22y126,ἀγκαταλίζει
alpha%22y127,ἄγλιθες
alpha%22y128,ἀγυιεύς
alpha%22y129,ἀγκύλη
alpha%22y130,ἄγις
alpha%22y131,ἀγαθῶς
alpha%22y132,ἀγορά
alpha%22y133,ἄγυρμα
alpha%22y134,ἀγοράν
alpha%22y135,ἄγημα
alpha%22y136,ἀγήνωρ
alpha%22y137,ἀγήρῳ
alpha%22y138,ἁγιάσαι
alpha%22y139,ἀγενής
alpha%22y140,ἁγιάσατε
alpha%22y141,ἁγιστείας
alpha%22y142,ἁγιστεύειν
alpha%22y143,ἁγιστεύσαντες
alpha%22y144,ἀγκαλίδα
alpha%22y145,ἀγῆλαι
alpha%22y146,ἀγλαΐσαι
alpha%22y147,ἀγηλατεῖν
alpha%22y148,ἀγκιστρεύει
alpha%22y149,ἀγκύλια
alpha%22y150,ἀγκυλομῆται
alpha%22y151,ἀγκύλον
alpha%22y152,ἀγκυλόχειλος
alpha%22y153,ἀγαννόφρονες ἡδυλόγῳ σοφίᾳ περὶ βρώτων περισεκαλεῖς
alpha%22y154,Ἀγασικλῆς
alpha%22y155,Ἀγησίλαος
alpha%22y156,ἁγίσαι
alpha%22y157,Ἀγνούσιος
alpha%22y158,ἀγκράτος ἐλαύνοντα
alpha%22y159,ἀγλαΐα
alpha%22y160,ἀγλαόκοιτος
alpha%22y161,ἀγλαότιμον
alpha%22y162,ἀγλευκές
alpha%22y163,ἀγλευκέστερον
alpha%22y164,ἀγλωττία
alpha%22y165,ἄγμασι
alpha%22y166,Ἄγλαυρος
alpha%22y167,Ἁγνίας
alpha%22y168,ἁγνεία
alpha%22y169,ἀγνῶτας
alpha%22y170,ἄγνυται
alpha%22y171,ἀγνωμόνως
alpha%22y172,ἄγοι
alpha%22y173,ἀγομένων τῶν ἡμετέρων
alpha%22y174,ἀγοράζειν
alpha%22y175,ἀγοραίαν
alpha%22y176,ἀγοράς
alpha%22y177,ἀγοράνομοι
alpha%22y178,ἀγοραῖοι
alpha%22y179,ἀγορήν
alpha%22y180,ἀγορανομίας
alpha%22y181,ἀγορᾶς ὥραν
alpha%22y182,ἀγορηταί
alpha%22y183,ἀγός
alpha%22y184,ἄγος
alpha%22y185,ἄγραυλοι
alpha%22y186,ἀγροῖκος
alpha%22y187,ἄγραφα
alpha%22y188,ἀγροῖκος
alpha%22y189,ἀγρόμενοι
alpha%22y190,ἀγριόθυμος
alpha%22y191,ἀγυρμός
alpha%22y192,ἄγουσιν ἑορτὴν οἱ κλέπται
alpha%22y193,ἀγυρτής
alpha%22y194,ἄγριον ὑποβλέπει με
alpha%22y195,ἀγρονόμοι
alpha%22y196,ἀγρότας
alpha%22y197,ἀγραφίου
alpha%22y198,"ἀγοράσω λέγουσι, τὸ δ’ ἀγορῶ βάρβαρον"
alpha%22y199,Ἀγύρριος
alpha%22y200,ἀγυιᾶς
alpha%22y201,ἀγρῶσται
alpha%22y202,ἀγυρτικά
alpha%22y203,ἀγυρτώδη
alpha%22y204,ἀγυιαί
alpha%22y205,ἀγχίμαχος
alpha%22y206,ἄγχι
alpha%22y207,ἀγχίθυρος
alpha%22y208,ἀγχίσποροι
alpha%22y209,ἀγρίους
alpha%22y210,Ἀγροιλῆθεν
alpha%22y211,ἀγχίμολον
alpha%22y212,ἀγχίνοια
alpha%22y213,ἀγχίνους
alpha%22y214,ἄγχιστα
alpha%22y215,ἀγχιστεία
alpha%22y216,ἀγχιστίνδην
alpha%22y217,ἀγχίστροφοι
alpha%22y218,ἀγχοῦ
alpha%22y219,ἀγχωμάλου
alpha%22y220,ἀγώγιον
alpha%22y221,ἀγχιτέρμων
alpha%22y222,ἀγώγιμος
alpha%22y223,ἀγωγεῖ
alpha%22y224,ἀγωνίᾳ
alpha%22y225,ἀγωγή
alpha%22y226,ἀγωγίμων
alpha%22y227,ἀγωγόν
alpha%22y228,ἀγωγούς
alpha%22y229,ἀγωνιῶ
alpha%22y230,ἀγωνιᾶν
alpha%22y231,ἀγωνιῶντες
alpha%22y232,ἀγωνοθέτης
alpha%22y233,ἀγαθοεργοί
alpha%22y234,ἀγαθὸς φαγεῖν
alpha%22y235,ἀγαθοῦ δαίμονος πόμα
alpha%22y236,ἄγαιον
alpha%22y237,ἀγνώμονες
alpha%22y238,Ἄγραι
alpha%22y239,ἀγαλμός
alpha%22y240,ἀγάλλιος
alpha%22y241,ἄγαλμα
alpha%22y242,ἀγανακτῶν
alpha%22y243,ἀγανακτῶ σου
alpha%22y244,ἀγανακτικὸν καὶ ἀγανακτητέον
alpha%22y245,ἀγανάκτησις
alpha%22y246,ἄγαν ἐγκεῖσθαι τῷδε
alpha%22y247,ἀγαλματοποιία καὶ ἀγαλματουργία ἐρεῖς καὶ ἀγαλματοποιός
alpha%22y248,ἄγανον
alpha%22y249,ἀγανόν
alpha%22y250,Ἀγγέλη
alpha%22y251,ἄγκιστρον
alpha%22y252,ἄγειν
alpha%22y253,"ἄγαμαι τούτου, ἄγαμαι κεραμείων"
alpha%22y254,ἄγαν τείνειν
alpha%22y255,ἀγαστὰ καὶ ἀγαστὸς ἐρεῖς
alpha%22y256,ἀγάζεις
alpha%22y257,ἀγάμετος
alpha%22y258,ἀγάσσει
alpha%22y259,ἀγαί
alpha%22y260,ἀγαπητὸς παῖς ἐρεῖς καὶ ἀγαπητὸς πάτηρ καὶ ἀγαπητὸς δεσπότης
alpha%22y261,ἀγερσικύβηλιν
alpha%22y262,ἀγενὲς καὶ στενὸν φθέγμα
alpha%22y263,ἀγέρωχος ταῦρος
alpha%22y264,ἀγεωργίου δικάζεσθαι
alpha%22y265,ἀγαλακτία
alpha%22y266,ἀγελαιοκωμική
alpha%22y267,ἀγέλας πόνων
alpha%22y268,ἄγαλμα Ἑκάτης
alpha%22y269,ἀγέλαστος
alpha%22y270,ἀγηλατῶν
alpha%22y271,ἀγής
alpha%22y272,ἅγιος
alpha%22y273,ἀγκαλιαγωγοί
alpha%22y274,ἀγκαλιδοπῶλαι
alpha%22y275,ἄγκαθεν
alpha%22y276,ἀγκράτος ἐλαύνω
alpha%22y277,ἀγκύλη
alpha%22y278,Ἀγκύλη καὶ Ἀράφη
alpha%22y279,ἄγλαι
alpha%22y280,ἄγκυραι
alpha%22y281,ἄγλιθες
alpha%22y282,ἁγνεύεται τὴν πόλιν
alpha%22y283,ἁγνίτης
alpha%22y284,ἀγνόδικος
alpha%22y285,ἁγνοδικεῖς
alpha%22y286,ἀγνοίη
alpha%22y287,ἄγνοια
alpha%22y288,ἁγνοπολεῖσθαι
alpha%22y289,Ἄγος
alpha%22y290,ἄγναπτος
alpha%22y291,ἀγοραῖος Ζεύς
alpha%22y292,ἀγοραῖος Ἑρμῆς
alpha%22y293,ἀγοράσματα
alpha%22y294,ἄγορος καὶ ἄγοροι
alpha%22y295,ἁγνίσαι
alpha%22y296,ἀγοραῖος νοῦς
alpha%22y297,ἀγοραστήν
alpha%22y298,ἀγόμφιος αἰών
alpha%22y299,ἄγριοι
alpha%22y300,ἄγριος ἔλαιος
alpha%22y301,ἀγροβόας ἀνήρ
alpha%22y302,ἀγρόμενοι
alpha%22y303,ἀγρευτικὴ στολή
alpha%22y304,ἄγρυκτα καὶ ἄλεκτα πέπονθα
alpha%22y305,Ἀγρύλη
alpha%22y306,ἄγροικος ὀπώρα
alpha%22y307,ἀγρεύματα
alpha%22y308,ἀγροικεῖν καὶ ἀγροίκων
alpha%22y309,ἀγυιάτιδες
alpha%22y310,ἄγχασκε
alpha%22y311,ἄγχαζε
alpha%22y312,ἄγχιμος
alpha%22y313,ἀγωγεύς
alpha%22y314,ἀδαξῆσαι
alpha%22y315,ἀδαήμονες
alpha%22y316,ἀδαμάντινα
alpha%22y317,ἀδείμαντα
alpha%22y318,ἀδελφά
alpha%22y319,ἀδέητος
alpha%22y320,ἀδεκάστως
alpha%22y321,ἀδημονῶν
alpha%22y322,ἀδῄωτον
alpha%22y323,ἀδήριτος
alpha%22y324,ἀδήφαγος
alpha%22y325,ἀδιάκριτος
alpha%22y326,ἀδιαίτητος
alpha%22y327,ἀδιαλώβητον
alpha%22y328,ἄδην
alpha%22y329,ἀδιάρθρωτον
alpha%22y330,ἀδιαφορία
alpha%22y331,ἀδολεσχία
alpha%22y332,ἀδιεξίτητον
alpha%22y333,ἀδηνέως
alpha%22y334,ἀδελφίζειν
alpha%22y335,ἀδημονούσης
alpha%22y336,ἀδόνητον
alpha%22y337,ἀδιάστατον
alpha%22y338,ἀδικίου
alpha%22y339,ἀδοκίμαστος
alpha%22y340,ἀδόλως
alpha%22y341,ἀδρανές
alpha%22y342,ἁδρύνοιτο
alpha%22y343,ἁδρόν
alpha%22y344,Ἀδράστεια
alpha%22y345,= alpha.342
alpha%22y346,ἀδύνατα εἶναι
alpha%22y347,ἀδαγμός
alpha%22y348,ἄδασμος
alpha%22y349,ἄδδιξ
alpha%22y350,ἀδεκατεύτους
alpha%22y351,ἁδήν
alpha%22y352,ἀδίαντον
alpha%22y353,ἀδιάφθορον
alpha%22y354,"ἀδικότροπος ἐρεῖς καὶ ἀδικοχρήματος, ὡς Κράτης καὶ ἀδικόχειρας ὡς Σοφοκλῆς"
alpha%22y355,ἀδικοπήμονας
alpha%22y356,ἄδικος
alpha%22y357,ἀδικομήχανος
alpha%22y358,ἀδιάβατος
alpha%22y359,ἀδηφάγον ἅρμα
alpha%22y360,ἀδηφάγοι τριήρεις
alpha%22y361,ἀδίαυλος τόπος
alpha%22y362,ἀδιάλλακτον ἐχθρόν
alpha%22y363,ἀδικομάχους ἵππους
alpha%22y364,ἀδίοπον
alpha%22y365,Ἀδιούνιος ταῦρος
alpha%22y366,ἀδολεσχεῖν
alpha%22y367,ἀδιάγλυπτον
alpha%22y368,ἀδιάλυτον
alpha%22y369,ἀδίδακτος
alpha%22y370,ἀδινοῖο γόοιο
alpha%22y371,ἄδοξον
alpha%22y372,ἄδοξα
alpha%22y373,ἀδόξαστον
alpha%22y374,"ἄδουλος βίος ἐρεῖς, τουτέστιν ὁ μὴ δοῦλον ἔχων"
alpha%22y375,ἄδορπος
alpha%22y376,ἄδορον
alpha%22y377,ἀδοξοῦνται πρὸς τῶν πόλεων
alpha%22y378,ἀδράφαξυς
alpha%22y379,ἁδρῦναι
alpha%22y380,ἀδρύφακτον
alpha%22y381,ἀδύνατοι
alpha%22y382,ἀδυσώπητον
alpha%22y383,ἄδυτον
alpha%22y384,"ἀδυναμία ἐρεῖς, ὡς Δημοσθένης, καὶ ἀδυνασία, ὡς Ἀντιφῶν καὶ Θουκυδίδης, καὶ ἀδυνατία, ὡς Δεινόλοχος"
alpha%22y385,Ἀδώνια
alpha%22y386,Ἀδώνιος
alpha%22y387,Ἀδρηστία
alpha%22y388,Ἀδρίας
alpha%22y389,Ἀδριαναὶ γυναῖκες
alpha%22y390,"ἀδώρητος ἐρεῖς, ὡς Εὐριπίδης"
alpha%22y391,ἄδωρος χάρις
alpha%22y392,ἀεί
alpha%22y393,ἀελλάδες ἵπποι
alpha%22y394,ἀειθαλής
alpha%22y395,ἀειφυγία
alpha%22y396,ἀειλογία
alpha%22y397,ἀελλόπους
alpha%22y398,ἄελλα
alpha%22y399,ἀεθλεύων
alpha%22y400,ἀέθλευον
alpha%22y401,ἀεθλοφόρους
alpha%22y402,ἄερκτον
alpha%22y403,ἀεροβατεῖν
alpha%22y404,"ἀείνως γλῶσσα καὶ ἀείνως φωνὴ καὶ ὀργὴ καὶ ἐπιθυμία, καὶ ἐπὶ τῶν ὁμοίων, χρῶ"
alpha%22y405,"ἀείζων ἐρεῖς τρισυλλάβως, ὡς οἱ Ἀττικοί, καὶ ἀείζωον τετρα συλλάβως"
alpha%22y406,"ἀείζων πένθος ἐρεῖς, ὡς Σοφοκλῆς, καὶ ἀείζωον ἕλκος"
alpha%22y407,ἄειλα
alpha%22y408,ἀείνων
alpha%22y409,ἀείταν
alpha%22y410,ἀετός
alpha%22y411,ἀελλησιθύμοις
alpha%22y412,ἀέσαι
alpha%22y413,ἄζυξ
alpha%22y414,ἀζήτητον
alpha%22y415,Ἀζηνιεύς
alpha%22y416,ἄζα
alpha%22y417,ἀζάλιον
alpha%22y418,ἄζειν
alpha%22y419,ἄζειν
alpha%22y420,ἀζήν
alpha%22y421,"Ἀζηνία καὶ Ἁμαξεντία καὶ Ἀναγκαία, ἔτι δὲ <Ἀ>χερδοῦς καὶ Ἀγριάδαι"
alpha%22y422,Ἀζησία
alpha%22y423,ἀζύμου κράσεως
alpha%22y424,ἀηδές
alpha%22y425,ἄησιν
alpha%22y426,ἀηδόνα
alpha%22y427,ἀηδόνειος θρῆνος
alpha%22y428,ἀηδόνειος ὕπνος
alpha%22y429,ἀηδόνειος κλαγγή
alpha%22y430,ἀήσυρον
alpha%22y431,ἀθαμβής
alpha%22y432,ἀθέμιστα
alpha%22y433,ἀθεσίαν
alpha%22y434,ἀθέμιστος
alpha%22y435,ἀθήλυντον
alpha%22y436,ἀθησαύριστον
alpha%22y437,ἄθλον
alpha%22y438,ἆθλον
alpha%22y439,ἆθλος
alpha%22y440,ἀθλεύων
alpha%22y441,ἄθραυστον
alpha%22y442,ἄθρει
alpha%22y443,ἀθεώρητος
alpha%22y444,Ἀθηνόδωρος
alpha%22y445,Ἀθμονεύς
alpha%22y446,ἀθρεῖν
alpha%22y447,ἅθρους
alpha%22y448,ἀθροίζει
alpha%22y449,ἄθυρμα
alpha%22y450,ἀθύρων
alpha%22y451,ἄθυμος
alpha%22y452,ἀθέλδεται
alpha%22y453,ἄθεσμος βλάβη
alpha%22y454,ἀθετεῖν
alpha%22y455,= alpha.433.1
alpha%22y456,= alpha.432.1
alpha%22y457,ἄθετος
alpha%22y458,ἄθηλον
alpha%22y459,ἄθηλον παιδίον
alpha%22y460,Ἀθηνᾶ ἱππεία
alpha%22y461,ἀθήρ
alpha%22y462,ἄθηρος ἡμέρα
alpha%22y463,ἀθάρη καὶ ἀθέρα καὶ ἀθήρα καὶ ἀθάρα τὸ αὐτό φασιν
alpha%22y464,ἀθυρόγλωσσος
alpha%22y465,ἀθύρωτος
alpha%22y466,ἀθώπευτον
alpha%22y467,Ἄθων
alpha%22y468,ἀθῷος
alpha%22y469,ἀθράνευτον
alpha%22y470,ἄθρακτος
alpha%22y471,ἀθυμεῖν
alpha%22y472,ἀθυμία
alpha%22y473,ἄθριξ
alpha%22y474,Ἀθήναζε
alpha%22y475,ἀθάριοι
alpha%22y476,ἀθαρίζει
alpha%22y477,ἀθέλβεται
alpha%22y478,ἄθαπτος
alpha%22y479,ἀθαυμάστως
alpha%22y480,ἀθέμιστα καὶ ἀνόσια δρᾶν
alpha%22y481,ἄθεστος Ἐρινύς
alpha%22y482,ἀθηρής
alpha%22y483,ἀθήρ
alpha%22y484,αι
alpha%22y485,αἰάζειν
alpha%22y486,αἲ γάρ
alpha%22y487,αἰγιάζειν
alpha%22y488,αἰγίβοτος
alpha%22y489,αἰδέσιμον
alpha%22y490,αἰξωνεύεσθαι
alpha%22y491,αἰγίς
alpha%22y492,Αἰγεῖον
alpha%22y493,Αἰγεῖδαι
alpha%22y494,αἰγυπτιάζειν
alpha%22y495,αἰγλήεντος
alpha%22y496,αἴγλη
alpha%22y497,αἰγείρου θέα καὶ ἡ παρ’ αἴγειρον θέα
alpha%22y498,"αἰγυπιὸν οἱ παλαιοί, οὐ γῦπα."
alpha%22y499,= alpha.489
alpha%22y500,αἰδήμων
alpha%22y501,αἰδοῖ εἴκων
alpha%22y502,αἰδοσύνη
alpha%22y503,αἰδέσασθαι
alpha%22y504,αἰθάλη
alpha%22y505,αἰθαλόεν
alpha%22y506,αἰθαλώδης
alpha%22y507,Αἰθαλείδης
alpha%22y508,αἴθ’ ὄφελεν
alpha%22y509,Αἴγλης Χάριτες
alpha%22y510,αἰδώ
alpha%22y511,αἴθεσι
alpha%22y512,αἰθήρ
alpha%22y513,αἰθόμενος
alpha%22y514,αἴθρια
alpha%22y515,αἴθριος
alpha%22y516,αἰκία
alpha%22y517,αἰκίζει
alpha%22y518,αἱματόεντα
alpha%22y519,αἴθρια στέφη
alpha%22y520,Αἰθιόπιον
alpha%22y521,αἰκίας
alpha%22y522,αἱμασιά
alpha%22y523,αἶνος
alpha%22y524,αἵματι κλαίειν
alpha%22y525,αἱματηρόν
alpha%22y526,αἷμα
alpha%22y527,αἰόλος
alpha%22y528,αἱμύλος
alpha%22y529,αἰναρέτης
alpha%22y530,αἰνίγματα
alpha%22y531,αἰνίττεται
alpha%22y532,αἰπόλια
alpha%22y533,αἱρεθέν
alpha%22y534,αἱρετόν
alpha%22y535,αἱρησαμένων
alpha%22y536,αἶρε μασχάλην
alpha%22y537,αἱρετιεῖ με
alpha%22y538,αἱρήσειν
alpha%22y539,αἱρεῖ
alpha%22y540,αἱρήσεσθαι
alpha%22y541,αἰρόμενος
alpha%22y542,αἱρήσομαι
alpha%22y543,αἴσιμα
alpha%22y544,αἴσιος
alpha%22y545,αἰσυητῆρι
alpha%22y546,αἰσχίω
alpha%22y547,αἶσχος
alpha%22y548,αἰχμάσσουσι
alpha%22y549,Αἰτναῖον πῦρ
alpha%22y550,αἰχμή
alpha%22y551,αἰχμητής
alpha%22y552,αἱ ψελίζουσαι
alpha%22y553,αἰών
alpha%22y554,αἰωνίζει
alpha%22y555,αἰώρα
alpha%22y556,αἰωρήσεις
alpha%22y557,αἰωροῦνται
alpha%22y558,ἀκάθεκτος
alpha%22y559,ἀκαθοσίωτον
alpha%22y560,ἄκαινα
alpha%22y561,ἀκαπήλευτον
alpha%22y562,αἰγίζειν
alpha%22y563,= alpha.535
alpha%22y564,αἶρε δάκτυλον
alpha%22y565,αἱρεῖσθαι
alpha%22y566,αἴρῃ
alpha%22y567,αἴρασθαι
alpha%22y568,αἶρε
alpha%22y569,αἱρούμενος
alpha%22y570,Αἰνίους
alpha%22y571,Αἰξωνῆσιν
alpha%22y572,αἰκάλλει
alpha%22y573,αἴθρει
alpha%22y574,αἰνῶ
alpha%22y575,αἴλινον
alpha%22y576,αἵματος ἆσαι Ἄρηα
alpha%22y577,αἰόλη νύξ
alpha%22y578,αἰσχυνόμενος περιπλέκει τὴν συμφοράν
alpha%22y579,αἴσθεσθαι καὶ αἰσθάνεσθαι
alpha%22y580,αἰτούμενος
alpha%22y581,αἰνίζομαι
alpha%22y582,= alpha.530
alpha%22y583,αἶρα
alpha%22y584,αἱρεῖν
alpha%22y585,αἴρειν
alpha%22y586,αἱρεῖς
alpha%22y587,αἴρειν
alpha%22y588,αἴρειν
alpha%22y589,αἰρόπινον
alpha%22y590,αἴσακος
alpha%22y591,αισθων
alpha%22y592,αἴσιμα
alpha%22y593,αἴσιον
alpha%22y594,αἰσυμνῆται
alpha%22y595,αἰσχύνει
alpha%22y596,αἰτήσασθαι
alpha%22y597,αἰόλλει
alpha%22y598,αἲ αἴ
alpha%22y599,Αἰαί
alpha%22y600,αἰβοῖ
alpha%22y601,Αἰγάλεως
alpha%22y602,αἰγίθαλλος
alpha%22y603,αἱματῶσαι
alpha%22y604,αἰγίπυρος
alpha%22y605,αἴθυγμα
alpha%22y606,αἰθύσσειν
alpha%22y607,αἴθων
alpha%22y608,αἰκία
alpha%22y609,αἰκῶς
alpha%22y610,αἷμα νίψαι
alpha%22y611,αἱμούς
alpha%22y612,αἵνειν
alpha%22y613,αἰόλη
alpha%22y614,αἰολίζειν
alpha%22y615,αἰολίδας
alpha%22y616,αἰειγενετάων
alpha%22y617,αἰεί
alpha%22y618,αἰεὶ νέων ἐρχομενάων
alpha%22y619,αἰετοί
alpha%22y620,Αἰγύπτιον γῆρας
alpha%22y621,Αἰγύπτιον
alpha%22y622,Αἴγυπτος
alpha%22y623,αἰγύπτης
alpha%22y624,Αἰγιναῖον σκάφος
alpha%22y625,αἶγες
alpha%22y626,αἰδέσεως
alpha%22y627,αἶα
alpha%22y628,αἶθοι
alpha%22y629,αἱματωπόν
alpha%22y630,αἱματοσταγῆ
alpha%22y631,αἱμάτου
alpha%22y632,αἱμορρυγχία
alpha%22y633,αἱματορρόφον
alpha%22y634,Αἷμον
alpha%22y635,αἱμασιώδεις
alpha%22y636,αἱμασιολογεῖν
alpha%22y637,αἱμυλίοισι
alpha%22y638,αἱμύλος
alpha%22y639,αἴσχιον
alpha%22y640,αἰσχροεπεῖν
alpha%22y641,αἰτιαζομένους
alpha%22y642,αἴτιον γενέσθαι
alpha%22y643,ἄϊδρις
alpha%22y644,ἀΐδρυτα
alpha%22y645,ἀΐειν
alpha%22y646,ἀΐστωρ
alpha%22y647,ἀϊστωθείη
alpha%22y648,αἱρετίζειν οἱ περί τι σπουδάζοντες λέγονται
alpha%22y649,†αἱμαχαναι†
alpha%22y650,αἰονᾶν
alpha%22y651,αἰῶ
alpha%22y652,Ἀκαδημία
alpha%22y653,= alpha.558
alpha%22y654,ἀκάμπιος δρόμος
alpha%22y655,= alpha.561
alpha%22y656,ἄκανθα
alpha%22y657,ἀκαρής
alpha%22y658,ἀκαριαῖον
alpha%22y659,Ἀκαμαντὶς καὶ Ἀκάμας
alpha%22y660,ἄκαρ
alpha%22y661,ἀκαταλήκτως
alpha%22y662,ἀκαταλλήλως
alpha%22y663,ἀκάτιον
alpha%22y664,ἀκατεύναστος
alpha%22y665,ἀκερδὴς χάρις
alpha%22y666,ἀκερσεκόμης
alpha%22y667,ἀκέραιον
alpha%22y668,ἀκεῖσθαι
alpha%22y669,ἀκέσασθαι καὶ ἀκέσαι
alpha%22y670,ἄκεσιν
alpha%22y671,ἀκεσίπονον
alpha%22y672,ἀκέσματα
alpha%22y673,ἀκεσμόν
alpha%22y674,ἀκέστας
alpha%22y675,ἀκεσταί
alpha%22y676,Ἄκη
alpha%22y677,ἀκή
alpha%22y678,ἀκηδής
alpha%22y679,ἀκήδεστοι
alpha%22y680,ἀκηλίδωτον
alpha%22y681,ἀκήματα
alpha%22y682,ἀκηράσιον
alpha%22y683,ἀκήρατος
alpha%22y684,ἀκίβδηλον
alpha%22y685,ἀκίδας
alpha%22y686,ἀκινάκης
alpha%22y687,ἀκκισμούς
alpha%22y688,ἀκκιζόμενος
alpha%22y689,ἀκληρεῖ
alpha%22y690,ἀκλητί
alpha%22y691,ἀκλόνητον
alpha%22y692,ἀκλινῶς
alpha%22y693,ἀκμάζει
alpha%22y694,ἀκμαῖος
alpha%22y695,ἀκμάζεις
alpha%22y696,ἀκμή
alpha%22y697,ἀκμὴ καλεῖ
alpha%22y698,ἀκμῆτες
alpha%22y699,ἀκμητί
alpha%22y700,ἀκύμονα
alpha%22y701,ἄκοιτις
alpha%22y702,ἀκολασία
alpha%22y703,ἀκόλαστον
alpha%22y704,ἄκομψον
alpha%22y705,ἀκόλαστον καὶ ὕβριστον πρᾶγμα ἡ ἄνθρωπος
alpha%22y706,ἀκονιτί
alpha%22y707,ἀκόρητος
alpha%22y708,ἄκοπος ἀνήρ
alpha%22y709,ἄκος
alpha%22y710,ἄκοσμα
alpha%22y711,ἀκούει καλῶς
alpha%22y712,ἀκουτίσαι
alpha%22y713,ἀκράδαντον
alpha%22y714,ἀκρεμόνες
alpha%22y715,ἄκρα κόρυμβα
alpha%22y716,ἀκραιφνές
alpha%22y717,ἀκραιφνοῦς
alpha%22y718,ἀκρασίας
alpha%22y719,ἀκράτιστα
alpha%22y720,ἀκριβοῦν
alpha%22y721,ἀκριτί
alpha%22y722,ἄκριτος
alpha%22y723,ἄκριτα
alpha%22y724,ἀκριτόμυθος
alpha%22y725,ἀκριτόφυλλον
alpha%22y726,ἀκροβολίζεται
alpha%22y727,ἀκροβολισμός
alpha%22y728,ἀκροβόλοι
alpha%22y729,ἀκρόδρυα
alpha%22y730,ἀκροᾶσθαι
alpha%22y731,ἀκροθίνια
alpha%22y732,ἀκρόκομοι
alpha%22y733,ἀκμοθέτῳ
alpha%22y734,Ἀκμονίδης
alpha%22y735,ἄκληροι
alpha%22y736,ἀκληρία
alpha%22y737,ἀκροσφαλής
alpha%22y738,ἀκροσφαλεῖς
alpha%22y739,ἀκροσφαλές
alpha%22y740,"ἀκόλαστος ὄχλος Εὐριπίδης ἔφη, ἀκόλαστον δὲ σῶμα Σοφοκλῆς"
alpha%22y741,"ἀκολασία Θουκυδίδης ἔφη, ἀκολαστία δὲ Ἄλεξις, ἀκολαστότατον δὲ Ἀριστοφάνης, καὶ ἀκολα στοτέραν Νικόλαος"
alpha%22y742,ἀκόλουθος
alpha%22y743,ἀκόλουθον
alpha%22y744,ἀκόλουθα
alpha%22y745,ἀκολουθία
alpha%22y746,ἀκολουθοῦντε
alpha%22y747,ἀκολουθεῖν μετ’ αὐτοῦ
alpha%22y748,ἀκόλαστον καὶ ὕβριστον πρᾶγμα
alpha%22y749,"ἀκολαστανεῖτε Ἀριστοφάνης εἶπεν, ὁμοίως τῷ σημα νεῖτε"
alpha%22y750,ἀκνίσωτος οἶκος
alpha%22y751,ἄκομψον καὶ φαῦλον
alpha%22y752,ἄκοος
alpha%22y753,ἀκοήν
alpha%22y754,ἀκοσμήτως
alpha%22y755,ἀκοσμεῖν
alpha%22y756,ἀκοσμία
alpha%22y757,= alpha.710
alpha%22y758,ἄκος περίαπτον
alpha%22y759,ἀκονῶν
alpha%22y760,ἀκουσείων
alpha%22y761,ἀκούειν
alpha%22y762,ἄκουε
alpha%22y763,ἀκουσίμη
alpha%22y764,ἄκραγγες
alpha%22y765,ἀκόμπαστος λόγος
alpha%22y766,ἀκόρεστα
alpha%22y767,ἀκρατὴς γάμων
alpha%22y768,ἀκρατὴς χειρός
alpha%22y769,ἀκρατῆ γίνεσθαι τοῦδε
alpha%22y770,ἀκροπόλισιν
alpha%22y771,ἀκρότομος
alpha%22y772,ἀκροτελεύτιον ἔπους
alpha%22y773,ἀκρώρεια
alpha%22y774,ἀκροχειρίζεσθαι
alpha%22y775,ἀκτή
alpha%22y776,ἀκταίνειν
alpha%22y777,ἄκακος
alpha%22y778,ἀκακία
alpha%22y779,ἀκαλήφη
alpha%22y780,ἀκάλανθος
alpha%22y781,ἀκάλλειν
alpha%22y782,ἀκάμπιον
alpha%22y783,ἄκανοι
alpha%22y784,ἄκασκα
alpha%22y785,ἀκάτια
alpha%22y786,ἄκατος
alpha%22y787,ἀκέανοι
alpha%22y788,ἀκιδνότερον
alpha%22y789,ἄκικυς
alpha%22y790,ἀκίονες
alpha%22y791,ἀκιόμενοι
alpha%22y792,ἀκλήρῳ
alpha%22y793,ἄκλυτον
alpha%22y794,ἀκεσίας
alpha%22y795,ἀκέφαλον
alpha%22y796,ἀκίβδηλος ἀνήρ
alpha%22y797,ἀκιδωτός
alpha%22y798,ἄκρατος
alpha%22y799,ἀκρατίσασθαι
alpha%22y800,ἀκροβελίδες
alpha%22y801,ἀκροκώλια
alpha%22y802,ἀκρόνυξ
alpha%22y803,ἀκρωνία
alpha%22y804,ἀκρομανής
alpha%22y805,"ἄκρον φρονεῖν, ἄκρον δρᾶν"
alpha%22y806,ἀκούων τὰ ἄριστα
alpha%22y807,ἄκουε τὰς ἐμὰς ἐπιστολάς
alpha%22y808,"ἄκουε, σίγα"
alpha%22y809,"ἀκουσέτην Σοφοκλῆς ἔφη, ἀκούσεσθαι δὲ Ἀριστοφάνης"
alpha%22y810,"ἄκουσμα, οὐκ ἀκρόαμά φασί τινες λέγειν τοὺς Ἀττικούς"
alpha%22y811,ἀκούεις ἃ λέγει σε
alpha%22y812,ἀκουσίμη
alpha%22y813,ἀκουστά
alpha%22y814,"ἀκούσας ἥκειν, οὐχ ἥκοντα"
alpha%22y815,ἀκούμενος
alpha%22y816,ἀκουσία
alpha%22y817,ἀκροφύσιον
alpha%22y818,ἀκροχορδών
alpha%22y819,ἀκταινῶσαι
alpha%22y820,ἀκύκλιος
alpha%22y821,ἀκύμων
alpha%22y822,ἄκυλος
alpha%22y823,Ἄκτια
alpha%22y824,ἀκώπητον
alpha%22y825,ἀκωδώνιστον
alpha%22y826,ἅλα
alpha%22y827,ἀλάβαστρον
alpha%22y828,ἀλαλαγμός
alpha%22y829,ἀλαλητόν
alpha%22y830,ἀλάλυγγι
alpha%22y831,ἀλαπάξαι
alpha%22y832,ἀλαζών
alpha%22y833,ἀλαζών
alpha%22y834,ἀλάστωρ
alpha%22y835,ἀλᾶται
alpha%22y836,ἄλγεα
alpha%22y837,ἀλέα
alpha%22y838,ἀλητεύω
alpha%22y839,ἀλεεινός
alpha%22y840,ἁλεῖται
alpha%22y841,ἀλείτης
alpha%22y842,ἀλείφατι
alpha%22y843,ἀλείψας
alpha%22y844,ἀλέξειν
alpha%22y845,ἀλεξητῆρα
alpha%22y846,ἀλεξήσοντα
alpha%22y847,ἀλεξίκακον
alpha%22y848,ἀλαβαστοθήκας
alpha%22y849,Ἀλαιεύς
alpha%22y850,Ἀλέας
alpha%22y851,Ἀλέξανδρος
alpha%22y852,Ἀλευάδαι
alpha%22y853,ἀλεξιφάρμακον
alpha%22y854,ἀλήπτως
alpha%22y855,ἀλέοιμι
alpha%22y856,ἀλληλέγγυον
alpha%22y857,ἁλιακή
alpha%22y858,ἀληθῆ καὶ τὰς ἀληθείας πληθυντικῶς λέγουσιν
alpha%22y859,ἄληθες
alpha%22y860,ἀλλ’ ἤ
alpha%22y861,ἀλία
alpha%22y862,ἁλιάδας
alpha%22y863,ἁλίπεδον
alpha%22y864,ἀλίβας
alpha%22y865,ἅλιμον
alpha%22y866,ἁλίπλοα
alpha%22y867,Ἁλιμούσιος
alpha%22y868,ἁλιρρόθιον
alpha%22y869,ἅλις
alpha%22y870,ἀλκμαίων
alpha%22y871,ἀλκυών
alpha%22y872,ἀλλὰ χρή
alpha%22y873,ἀλλάχθητε
alpha%22y874,ἀλλά
alpha%22y875,ἀλισγηθέν
alpha%22y876,ἀλισγημάτων
alpha%22y877,ἁλίσκει
alpha%22y878,ἀλισγηθῇ
alpha%22y879,ἁλίσκεται
alpha%22y880,ἀλιτρία
alpha%22y881,ἀλιτήμων
alpha%22y882,ἀλλὰ γάρ
alpha%22y883,ἀλιτήριοι
alpha%22y884,Ἁλιρρόθιος
alpha%22y885,ἀλληγορία
alpha%22y886,ἄλλῃ
alpha%22y887,Ἁλκυονίδες ἡμέραι
alpha%22y888,Ἀλκμαιωνίδαι
alpha%22y889,ἀλλήλων
alpha%22y890,ἀλλοδαπά
alpha%22y891,ἀλλοθρόους
alpha%22y892,Ἀλκέτας
alpha%22y893,Ἀλκιβιάδης
alpha%22y894,Ἀλκίμαχος
alpha%22y895,ἀλλὰ χρή
alpha%22y896,"ἀλλαχοῖ καὶ ἀλλαχόσε τὸ εἰς τόπον, ἀλλαχοῦ δὲ καὶ ἀλλαχόθι τὸ ἐν τόπῳ"
alpha%22y897,ἀλλοπρόσαλλος
alpha%22y898,ἀλλόκοτον
alpha%22y899,ἀλλοτρίως
alpha%22y900,ἄλλως
alpha%22y901,ἄλλως τε
alpha%22y902,ἅλμα
alpha%22y903,ἀλλοτριονομοῦντες
alpha%22y904,ἄλλος ἄλλον
alpha%22y905,ἀλλαντοπώλης
alpha%22y906,ἄλλος
alpha%22y907,ἁλμάδες
alpha%22y908,ἀλογήσει
alpha%22y909,ἁλοῖεν
alpha%22y910,ἀλοιφή
alpha%22y911,ἁλόντες
alpha%22y912,ἄλοπον
alpha%22y913,ἁλὸς ἄχνη
alpha%22y914,ἁλουργίς
alpha%22y915,ἁλουργά
alpha%22y916,ἀλετρίβανον
alpha%22y917,ἁλουργοπωλική
alpha%22y918,ἁλουργικά
alpha%22y919,ἀλοάσαντα
alpha%22y920,ἄλλο ἕτερον ἐκ παραλλήλου λέγουσιν
alpha%22y921,ἀλογίαν
alpha%22y922,ἄλογοι ἐρανισταί
alpha%22y923,Ἀλύβας
alpha%22y924,Ἀλόπη
alpha%22y925,ἁλοῦσα
alpha%22y926,ἀλόχευτος
alpha%22y927,ἁλουργιαῖον
alpha%22y928,ἁλώνητος
alpha%22y929,ἄλση
alpha%22y930,ἀλύξαι
alpha%22y931,αλύειν
alpha%22y932,ἁλύσιον
alpha%22y933,ἄλφι
alpha%22y934,ἀλυσιτελές
alpha%22y935,ἀλφούς
alpha%22y936,ἁλῷ
alpha%22y937,ἅλω
alpha%22y938,ἀλφιστεῖς
alpha%22y939,ἁλωαί
alpha%22y940,ἀλώβητον
alpha%22y941,ἀλώμενος
alpha%22y942,ἀλωπόχρους
alpha%22y943,ἁλῶναι
alpha%22y944,ἁλώσιμα
alpha%22y945,Ἁλῶα
alpha%22y946,Ἀλωπεκῆθεν
alpha%22y947,Ἀλωπεκόννησος
alpha%22y948,"ἀλαζονεύεσθαι τὸ ψεύδεσθαι λέγουσι, καὶ ἀλάζονα τὸν ψεύστην καὶ φένακα"
alpha%22y949,ἀλοστατεῖ
alpha%22y950,ἁλιεύεσθαι
alpha%22y951,ἀλεαίνειν
alpha%22y952,ἄλφα
alpha%22y953,ἀλφαίνειν
alpha%22y954,ἀλφαίνει
alpha%22y955,ἀλφάνει
alpha%22y956,= alpha.867
alpha%22y957,= alpha.828
alpha%22y958,= alpha.829
alpha%22y959,ἀλδαίνων
alpha%22y960,ἀλειφοίβιον
alpha%22y961,ἀλεξίλογα
alpha%22y962,ἀλεσούριον
alpha%22y963,ἀλευρόμαντις
alpha%22y964,ἀλευρόττησις
alpha%22y965,ἀλάστωρ
alpha%22y966,ἀλάστορον
alpha%22y967,ἀλάστορα προσβαλεῖν
alpha%22y968,ἀλεύραττις
alpha%22y969,ἀλεύσω
alpha%22y970,ἀλ<λ>ηλίζειν
alpha%22y971,ἀληλιμμένον
alpha%22y972,ἀλίαστον
alpha%22y973,ἁλιευόμενος
alpha%22y974,ἀλίνουσι
alpha%22y975,ἁλίπαστα
alpha%22y976,ἀλῖσαι
alpha%22y977,Ἁλμυρίδες
alpha%22y978,ἁλμυρόν
alpha%22y979,ἅλις τοῦδε
alpha%22y980,ἁλίσπαρτον
alpha%22y981,ἁλιῶς
alpha%22y982,ἀλκάθω καὶ ἀλκάθειν
alpha%22y983,ἁλοσύδνης
alpha%22y984,ἀλοῶν
alpha%22y985,ἀλοᾶν χρὴ τὰς γνάθους
alpha%22y986,ἀλοᾶν
alpha%22y987,ἀλοία
alpha%22y988,ἀλλὰ οὐ
alpha%22y989,ἁλὸς θείοιο
alpha%22y990,ἀλκαία
alpha%22y991,Ἁλῶα
alpha%22y992,ἀλλογνοεῖν
alpha%22y993,ἀλλοτριόγνωμος
alpha%22y994,ἀλοιμός
alpha%22y995,ἀλοκίζειν
alpha%22y996,ἁλσὶ διαπεπάσθαι
alpha%22y997,ἄλλυδις
alpha%22y998,ἀλυκτεῖν
alpha%22y999,ἄλυπος
alpha%22y1000,ἄλογα
alpha%22y1001,ἄλυπον ἄνθος ἀνίας
alpha%22y1002,ἀλυσθαίνειν
alpha%22y1003,ἀλυσιτελές
alpha%22y1004,ἀλφίτων στοά
alpha%22y1005,ἀλφιταμοιβοί
alpha%22y1006,ἄλφιτα
alpha%22y1007,ἀλφιτόχρωτος κεφαλῆς
alpha%22y1008,ἀλλόφασις
alpha%22y1009,ἀλλοφάσειν
alpha%22y1010,ἀλλοφάσειν
alpha%22y1011,ἀλλοφάτοις
alpha%22y1012,ἀλφός
alpha%22y1013,ἀλωπέκεως
alpha%22y1014,ἀλφηστῇσιν
alpha%22y1015,ἀλφινία
alpha%22y1016,= alpha.943
alpha%22y1017,ἄμαθος
alpha%22y1018,ἀμᾶν
alpha%22y1019,ἁμαξιτόν
alpha%22y1020,ἀμαρυγή
alpha%22y1021,ἀμαρυγάς
alpha%22y1022,ἀμάρυγμα
alpha%22y1023,ἅμματα
alpha%22y1024,ἀμαυρά
alpha%22y1025,ἄμαχον
alpha%22y1026,ἀμβλίσκουσιν
alpha%22y1027,ἀμβλύς
alpha%22y1028,ἀμβλυώττει
alpha%22y1029,ἀμβλωθρίδια
alpha%22y1030,ἀμβρόσιον
alpha%22y1031,ἄμβροτα
alpha%22y1032,ἀμείβεσθαι
alpha%22y1033,ἀμείβων
alpha%22y1034,ἀμειδές
alpha%22y1035,ἀμείλικτος
alpha%22y1036,ἀμείλικτον
alpha%22y1037,ἀμείλιχος
alpha%22y1038,ἀμέλει
alpha%22y1039,ἀμέλει
alpha%22y1040,ἀμελητί
alpha%22y1041,ἀμεταποίητον
alpha%22y1042,ἀμετρίαν
alpha%22y1043,ἀμεταστρεπτί
alpha%22y1044,ἁμηγέπη
alpha%22y1045,ἀμήρυτον
alpha%22y1046,ἀμήσαντες
alpha%22y1047,ἀμητῆρες
alpha%22y1048,ἀμητός
alpha%22y1049,ἀμηχανία
alpha%22y1050,ἀμήχανον
alpha%22y1051,ἁμίδας
alpha%22y1052,ἅμιλλα
alpha%22y1053,ἀμογητί
alpha%22y1054,ἀμοιβαδόν
alpha%22y1055,ἀμοιβή
alpha%22y1056,ἀμοιβαία
alpha%22y1057,ἀμοιρῆσαι
alpha%22y1058,ἄμουσα
alpha%22y1059,ἀμπεχόμενος
alpha%22y1060,ἀμπεχόνη
alpha%22y1061,ἀμπεχόνιον
alpha%22y1062,ἀμπλακίαις
alpha%22y1063,ἄμπυκας
alpha%22y1064,ἄμπυξ
alpha%22y1065,ἄμπωτις
alpha%22y1066,ἀμυδρά
alpha%22y1067,Ἀμύκλας
alpha%22y1068,ἀμύητος
alpha%22y1069,ἀμύμων
alpha%22y1070,ἀμύντωρ
alpha%22y1071,ἄμυξις
alpha%22y1072,ἀμύσσει
alpha%22y1073,ἀμυχή
alpha%22y1074,ἀμφ’ αὐτούς
alpha%22y1075,ἄμφηκες
alpha%22y1076,ἀμφηρεφές
alpha%22y1077,ἀμφήριστον
alpha%22y1078,ἀμφί
alpha%22y1079,ἀμφίβιον
alpha%22y1080,ἀμφίβολοι
alpha%22y1081,ἀμφιγυίοισιν
alpha%22y1082,ἀμφίδεα
alpha%22y1083,ἀμφιδεές
alpha%22y1084,ἀμφιθαλής
alpha%22y1085,ἀμφίθετον
alpha%22y1086,ἀμφίκρημνος
alpha%22y1087,ἀμφίκρημνον
alpha%22y1088,ἀμφιλαφές
alpha%22y1089,ἀμφιλάφεια
alpha%22y1090,ἀμφιλαφής
alpha%22y1091,ἀμφιμάτορας
alpha%22y1092,ἀμφιματῶσαι
alpha%22y1093,ἄμφιον
alpha%22y1094,ἀμφίπολος
alpha%22y1095,ἀμφιρύτη
alpha%22y1096,ἀμφισβητεῖν
alpha%22y1097,ἀμφίταποι
alpha%22y1098,ἀμφιστεφέες
alpha%22y1099,ἀμφὶ τὸ λυκόφως
alpha%22y1100,ἀμφιτρυγη
alpha%22y1101,ἀμφιφορεῖα
alpha%22y1102,ἀμφιφορεῦσι
alpha%22y1103,ἀμφίχυτον
alpha%22y1104,ἄμφοδον
alpha%22y1105,ἀμφορεαφόρους
alpha%22y1106,ἄμφω τὼ χεῖρε
alpha%22y1107,ἀμώμενοι
alpha%22y1108,ἁμωσγέπως
alpha%22y1109,ἀμῶσιν
alpha%22y1110,ἀναβιώσκεσθαι
alpha%22y1111,ἀνάγνωσις
alpha%22y1112,ἀναβοθρεύουσιν
alpha%22y1113,ἀναγραπτόν
alpha%22y1114,ἀνάγωγος
alpha%22y1115,ἀναγωγότερον
alpha%22y1116,ἀναγώγῳ
alpha%22y1117,ἀναδάσασθαι
alpha%22y1118,ἀναδέσμην
alpha%22y1119,ἀναδεῖ
alpha%22y1120,ἀναδούμενος
alpha%22y1121,ἀναδήσασθαι
alpha%22y1122,ἀναδιδάξαι
alpha%22y1123,ἀναδῦναι
alpha%22y1124,ἀναδυόμενος
alpha%22y1125,ἀναζυγαῖς
alpha%22y1126,ἀναζωπυρῆσαι
alpha%22y1127,ἀναθηλήσει
alpha%22y1128,ἀναθρούμενα
alpha%22y1129,ἀναίδην
alpha%22y1130,ἀναιμωτί
alpha%22y1131,ἀναίνομαι
alpha%22y1132,ἀναιρεῖν
alpha%22y1133,ἀνακαλυπτήρια
alpha%22y1134,ἀνακάθαρσις
alpha%22y1135,ἀνακεφαλαιοῦται
alpha%22y1136,ἀνακεχυμένη
alpha%22y1137,ἀνακλῖναι
alpha%22y1138,ἀνακομιδή
alpha%22y1139,ἀνακωχή
alpha%22y1140,ἀνακτορίαν
alpha%22y1141,ἀνακτόριον
alpha%22y1142,ἀνακυπῶσαι
alpha%22y1143,ἀνακτόρων
alpha%22y1144,ἀνακῶς
alpha%22y1145,ἀνακωχεύειν
alpha%22y1146,ἀνακωχῆς
alpha%22y1147,"ἀναλγήτως, ἀναλγησία"
alpha%22y1148,ἀνάλημμα
alpha%22y1149,ἀναμάθω
alpha%22y1150,ἀναλλοίωτον
alpha%22y1151,ἀναμάττεσθαι
alpha%22y1152,ἀναμέλποντες
alpha%22y1153,ἀναμετρήσαιμι
alpha%22y1154,ἀναμηρύσασθαι
alpha%22y1155,ἀναμίλλητον
alpha%22y1156,ἀναμύειν
alpha%22y1157,ἄναντα
alpha%22y1158,ἄναντες
alpha%22y1159,ἀναξυρίδες
alpha%22y1160,ἀνὰ οὐλαμόν
alpha%22y1161,ἀνακραθέντες
alpha%22y1162,ἀναπάλλει
alpha%22y1163,ἀνάπαυλαν
alpha%22y1164,ἀναπεμπαζόμενοι
alpha%22y1165,ἀναπεποιημένης
alpha%22y1166,ἀναπεπτασμένα χωρία
alpha%22y1167,ἀναπίμπλαται
alpha%22y1168,ἀνάπλασμα
alpha%22y1169,ἀναπλήσας
alpha%22y1170,ἀνάποινος
alpha%22y1171,ἀναπολεῖ
alpha%22y1172,ἀναπόδραστον
alpha%22y1173,ἀναπόνιπτον
alpha%22y1174,ἀναπτήτω
alpha%22y1175,ἀνάπτειν
alpha%22y1176,ἀνάπτυξις
alpha%22y1177,ἀνάπτυστα
alpha%22y1178,ἀναρριπτεῖν
alpha%22y1179,ἄναρθρα
alpha%22y1180,ἀναρρηθῆναι
alpha%22y1181,ἀνάρρησις
alpha%22y1182,ἀνάρρημα
alpha%22y1183,ἀναρρίπτειν
alpha%22y1184,ἀναρροιβδεῖν
alpha%22y1185,ἀνάρτησον
alpha%22y1186,ἀνασειράζει
alpha%22y1187,ἀνασκαλεύων
alpha%22y1188,ἄνασσα
alpha%22y1189,ἀνασκευασάμενοι
alpha%22y1190,ἀνασταδόν
alpha%22y1191,ἀνάστατος
alpha%22y1192,ἀναστήσας
alpha%22y1193,ἀνατί
alpha%22y1194,ἀναστοιχειοῖ
alpha%22y1195,ἀναστάτως
alpha%22y1196,ἀνασχοῦσα
alpha%22y1197,ἀνασφήλας
alpha%22y1198,ἀνασχών
alpha%22y1199,ἀνατάξασθαι
alpha%22y1200,ἀνατεῖλαι
alpha%22y1201,ἀνατλάντες
alpha%22y1202,ἀνατύπωσις
alpha%22y1203,ἀνάτλημα
alpha%22y1204,ἄναυδος
alpha%22y1205,ἀναφαίνεις
alpha%22y1206,ἀναφαιρέτους
alpha%22y1207,ἀναφανδόν
alpha%22y1208,ἀναφῆναι
alpha%22y1209,ἀναφοιτῆσαι
alpha%22y1210,ἀναφορεῖς
alpha%22y1211,ἀναχαιτίζει
alpha%22y1212,ἀνὰ χθόνα
alpha%22y1213,ἀνάχυσιν
alpha%22y1214,ἁνδάνει
alpha%22y1215,ἀνδράγρια
alpha%22y1216,ἄνδραγχος
alpha%22y1217,ἀνδραποδισμός
alpha%22y1218,ἀνδραποδοκάπηλος
alpha%22y1219,ἀνδραποδώδεις
alpha%22y1220,ἀνδρογύνων
alpha%22y1221,ἀνδροκτασιάων
alpha%22y1222,ἀνδρομέου
alpha%22y1223,ἀνδρῶνα
alpha%22y1224,ἀνδροληψία
alpha%22y1225,Ἄνδρων
alpha%22y1226,ἀνδροσάθων
alpha%22y1227,ἄνδρα
alpha%22y1228,ἀνδρακάς
alpha%22y1229,ἀνδραποδιστής
alpha%22y1230,ἀνδραπόδητοι
alpha%22y1231,ἀνδραφασάειν
alpha%22y1232,ἀνδειράδες
alpha%22y1233,ἄνδικε
alpha%22y1234,ἀνδροκόνοι
alpha%22y1235,Ἀνδροκολωνοκλῆς
alpha%22y1236,ἀνδρομανής
alpha%22y1237,ἀνδροτῆτα
alpha%22y1238,ἀνδροσάθης
alpha%22y1239,ἀνδρωθεῖσα
alpha%22y1240,ἀνδριάντα
alpha%22y1241,ἀνεβάλλετο
alpha%22y1242,ἀνεβάλλετο
alpha%22y1243,ἀνεβάλλοντο
alpha%22y1244,ἀνέβαλλεν
alpha%22y1245,ἀνεβίω
alpha%22y1246,ἀνεγνάμφθη
alpha%22y1247,ἀνέβησεν
alpha%22y1248,ἀνέγρετον
alpha%22y1249,ἀνεδείματο
alpha%22y1250,ἀνεβιωσάμην
alpha%22y1251,ἀνέδραμεν
alpha%22y1252,ἀνεζωπυρήθη
alpha%22y1253,ἀνέθει
alpha%22y1254,ἀνεκάς
alpha%22y1255,ἀνεσίαν
alpha%22y1256,ἀνείλεσθαι
alpha%22y1257,ἀνείλλεται
alpha%22y1258,ἀνειλύσπω
alpha%22y1259,ἀνεῖλεν
alpha%22y1260,ἀνειλόμην
alpha%22y1261,ἀνειλήθυιαν
alpha%22y1262,ἀνειμέναι
alpha%22y1263,ἀνείμονες
alpha%22y1264,ἀνεῖναι
alpha%22y1265,ἀνεῖναι κύβον
alpha%22y1266,ἀνεῖπεν
alpha%22y1267,ἀνεῖργεν
alpha%22y1268,ἀνεῖσθαι
alpha%22y1269,ἄνεισιν
alpha%22y1270,ἀνεῖται
alpha%22y1271,ἀνείρειν
alpha%22y1272,ἀνεικάσασθε
alpha%22y1273,"ἀνείληπτός ἐστι τὸ Ἑλληνικόν, οὐχὶ ἀνάλειπτος οὐδὲ ἕτερον τοιοῦτον οὐδέν"
alpha%22y1274,ἀνεκαλέσατο
alpha%22y1275,ἀνέκαθεν
alpha%22y1276,ἀνεκάς
alpha%22y1277,ἀνέκραγεν
alpha%22y1278,ἀνεκρούετο
alpha%22y1279,ἀνεκώχευον
alpha%22y1280,ἀνεκυμβαλίαζον
alpha%22y1281,ἀνελεύθερος
alpha%22y1282,‘ἀνελοῦσα γὰρ τὸν νόμον ἐχειροτόνησεν αὑτήν’
alpha%22y1283,ἀνέμητα
alpha%22y1284,= alpha.1290
alpha%22y1285,"ἀνέλπιστον βίον τὸν κάλλιστον εἰρήκασιν Ἀττικοί, ἐν ᾧ οὐκ εἰς ἐλπίδας ἐπτόηνται, ἀλλὰ πάρεστιν ἤδη τὰ ἀγαθά. οὕτω Πίνδαρος (?)."
alpha%22y1286,ἀνελπίστως
alpha%22y1287,ἀνεμοτρεφές
alpha%22y1288,Ἀνεμοκοῖται
alpha%22y1289,ἀνενεχθείσας
alpha%22y1290,ἀνέντες
alpha%22y1291,ἀνεξίτητον
alpha%22y1292,ἀνεξέλεγκτος
alpha%22y1293,ἀνέπαλτο
alpha%22y1294,ἀνεπάτησας
alpha%22y1295,ἀνεπίληπτον
alpha%22y1296,ἀνεπιστάτητον
alpha%22y1297,ἀνέπαφον
alpha%22y1298,ἀνεπαφρόδιτος
alpha%22y1299,ἀνέριστα
alpha%22y1300,Ἀνεμύτας
alpha%22y1301,ἀνεξεύρητος
alpha%22y1302,= alpha.1292
alpha%22y1303,ἀνεπίδικα
alpha%22y1304,ἀνεπάγγελτος
alpha%22y1305,ἀνεπτερῶσθαι τὴν ψυχήν
alpha%22y1306,ἀνεπίπληκτος
alpha%22y1307,ἀνερμάτιστον
alpha%22y1308,ἀνεργήσει
alpha%22y1309,ἀνεπόπτευτον
alpha%22y1310,ἀνερρίπιζεν
alpha%22y1311,ἀνερρίπτουν
alpha%22y1312,ἀνερριχῶντο
alpha%22y1313,ἀνέρριψαν
alpha%22y1314,ἀνέσαντες
alpha%22y1315,ἀνεσίμου
alpha%22y1316,ἀνέρριπται κύβος
alpha%22y1317,ἀνεσκευασμένοι
alpha%22y1318,ἀνεσκολοπισμένον
alpha%22y1319,ἀνεσκευάσαντο
alpha%22y1320,ἀνεστάλη
alpha%22y1321,ἀνεστομώθησαν
alpha%22y1322,ἀνέσπακεν
alpha%22y1323,ἀνέστιος
alpha%22y1324,= alpha.1320
alpha%22y1325,ἀνεσύρατο
alpha%22y1326,ἀνέσφηλεν
alpha%22y1327,ἀνέσχετο
alpha%22y1328,ἀνευθέτου
alpha%22y1329,ἄνετον
alpha%22y1330,ἀνέφικτον
alpha%22y1331,ἀνευφήμησεν
alpha%22y1332,ἀνεφυσῶντο
alpha%22y1333,ἀνέφυ
alpha%22y1334,ἀνεχρήσαντο
alpha%22y1335,ἀνεχαίτισεν
alpha%22y1336,ἄνεχε
alpha%22y1337,ἀνέχει
alpha%22y1338,"ἀνέῳγεν, οὐχὶ ἤνοιγε, καὶ ἀνεῴγετο λέγουσι"
alpha%22y1339,ἀνέῳγον
alpha%22y1340,ἀνειλίξειεν
alpha%22y1341,ἀνέχειν
alpha%22y1342,ἀνέσχεν
alpha%22y1343,ἀνέδην
alpha%22y1344,"ἀνεπίκλητος καὶ ἀνεπίκλητον καὶ ἀνεπικλήτως φασί, καὶ ἀνεπι κλητότερον εἶπεν Ξενοφῶν"
alpha%22y1345,ἀνελήμων καὶ ἀνελεήμων φασί
alpha%22y1346,ἀνεβάλλοντο
alpha%22y1347,ἀνεβόησεν οὐράνιον ὅσον
alpha%22y1348,ἀνεμεστώθη
alpha%22y1349,ἀνέλκειν τὰς ὀφρῦς
alpha%22y1350,ἀνεγείρει καὶ ῥιπίζει τὸν ὄχλον ἢ τὴν πόλιν
alpha%22y1351,ἄνεμος καὶ ὄλεθρος ἄνθρωπος
alpha%22y1352,ἀνεμιαῖα
alpha%22y1353,ἀνέντατος
alpha%22y1354,"ἀνεψιάδαι Ἀριστοφάνης, καὶ ἀνεψιαδοῦς Φερεκράτης, καὶ Ἕρμιππος ἀνεψιαδοῦν"
alpha%22y1355,ἀνερεψάμενοι
alpha%22y1356,ἀναρεπτομένη
alpha%22y1357,ἀνέρσει
alpha%22y1358,ἀνερμάτιστος ναῦς
alpha%22y1359,ἀνέσαιμι
alpha%22y1360,ἀνέσαντες
alpha%22y1361,ἀνεσίαν
alpha%22y1362,ἀνηβητηρίαν
alpha%22y1363,ἄνηβος
alpha%22y1364,ἀνηβῶν
alpha%22y1365,ἀνηγάγοντο
alpha%22y1366,ἀνηνέχθη
alpha%22y1367,ἀνῆκεν
alpha%22y1368,= alpha.1371
alpha%22y1369,ἀνηψύχησεν
alpha%22y1370,ἀνήκεστον
alpha%22y1371,ἀνηκούστησεν
alpha%22y1372,ἀνημμένος
alpha%22y1373,ἀνήνυτος
alpha%22y1374,ἀνήρετο
alpha%22y1375,ἀνήροτον
alpha%22y1376,ἀνῄρηκεν
alpha%22y1377,ἀνηγμένος
alpha%22y1378,ἀνηκίδωτοι
alpha%22y1379,ἀνήχθημεν
alpha%22y1380,ἀνῆψεν
alpha%22y1381,ἀνήρρησεν
alpha%22y1382,ἀνήρτησαν
alpha%22y1383,ἄνηστις
alpha%22y1384,ἄννηττον
alpha%22y1385,ἀνηρώτιζεν
alpha%22y1386,ἀνήκει
alpha%22y1387,ἀνθέμιον
alpha%22y1388,ἀνθεμόεντα
alpha%22y1389,ἀνθέξεται
alpha%22y1390,ἀνθερεών
alpha%22y1391,ἀνθέρικες
alpha%22y1392,ἀνθερίκων
alpha%22y1393,ἀνθερίσκος
alpha%22y1394,ἀνθῃρημένος
alpha%22y1395,ἀνθινόν
alpha%22y1396,ἀνθοσμίας
alpha%22y1397,ἀνθ’ ὅτου
alpha%22y1398,Ἀνθεμοῦς
alpha%22y1399,ἄνθρηκον
alpha%22y1400,ἄνθης
alpha%22y1401,ἀνθήλιος
alpha%22y1402,Ἄνθεια
alpha%22y1403,Ἀνθεμόκριτος
alpha%22y1404,Ἀνθεστηριών
alpha%22y1405,ἀνθιππασία
alpha%22y1406,"ἀνθρήνη, ὃ καὶ ἀνθρήνιον λέγουσιν"
alpha%22y1407,ἀνθίσασθαι μουσικῆς καὶ ἠνθισμένοι μουσικῆς
alpha%22y1408,ἀνθράκιον
alpha%22y1409,ἄνθρωπος πρόδοξος
alpha%22y1410,ἄνθρωπος λυπησίλογος
alpha%22y1411,"ἄνθρωπος Εὔριπος, τύχη Εὔριπος, διάνοια Εὔριπος"
alpha%22y1412,†ἀνθυπομοσα†
alpha%22y1413,ἀνθυπουργῆσαι
alpha%22y1414,ἄνθροισκα
alpha%22y1415,ἄνθος
alpha%22y1416,ἀνθέων
alpha%22y1417,ἀνιαθείς
alpha%22y1418,ἀνιαρόν
alpha%22y1419,ἀνίδρυτοι
alpha%22y1420,ἀνιείς
alpha%22y1421,ἀνίδρυτο
alpha%22y1422,ἀνιακκάς
alpha%22y1423,ἀνιεμένη
alpha%22y1424,ἀνιέντα
alpha%22y1425,ἀνιερώσαντες
alpha%22y1426,ἀνιμᾶσθαι
alpha%22y1427,ἀνίστη
alpha%22y1428,ἀνιλλομένη
alpha%22y1429,ἀνίστω
alpha%22y1430,ἀνίπτοις ποσίν
alpha%22y1431,ἀνιπτόποδες
alpha%22y1432,ἀνιέρειος
alpha%22y1433,ἄνισιν
alpha%22y1434,ἀνισοφυές
alpha%22y1435,ἀνιστάμεναι
alpha%22y1436,ἀνίσχουσα
alpha%22y1437,ἀνίσχων
alpha%22y1438,ἀνικμώμενα
alpha%22y1439,"ἀνορωρυγμένον, οὐχὶ ἀνωρυγμένον λέγουσιν"
alpha%22y1440,ἀνόθευτον
alpha%22y1441,ἀνόκαιον
alpha%22y1442,ἀνόδοντον
alpha%22y1443,"ἀνοίγει καὶ ἀνοιγνύει, διχῶς"
alpha%22y1444,ἀνοπαῖα
alpha%22y1445,ἀνοιγομένοις τοῖς κτήνεσιν
alpha%22y1446,ἀνομβροῦσαι
alpha%22y1447,ἀν’ ὅμιλον
alpha%22y1448,ἄνοις
alpha%22y1449,ἄνοντος
alpha%22y1450,ἄνοργοι
alpha%22y1451,ἀνοργίας
alpha%22y1452,ἀνοργιάστοις
alpha%22y1453,ἀνοψία
alpha%22y1454,ἀνόσιον
alpha%22y1455,ἀνοητίαν
alpha%22y1456,ἀνορταλίζειν
alpha%22y1457,ἀνοκωχήν
alpha%22y1458,ἀντανάκλασιν
alpha%22y1459,ἀντιδιαπλέκειν
alpha%22y1460,ἀντίδοσις
alpha%22y1461,ἀντεπιτίθησιν
alpha%22y1462,ἀντερείδει
alpha%22y1463,ἀντεξάγειν
alpha%22y1464,ἀντερεῖ
alpha%22y1465,ἀντετόρησεν
alpha%22y1466,ἀντεφέροντο
alpha%22y1467,ἄντλος
alpha%22y1468,ἀντεύφρασμα
alpha%22y1469,ἀντεφιλοτιμοῦντο
alpha%22y1470,‘ἀντάρης νυκτερὶς ὄψεσιν’ φησὶ Σοφοκλῆς
alpha%22y1471,ἀνταπαιτῆσαι
alpha%22y1472,ἀντίπαις
alpha%22y1473,"ἀντάλλαγον καλοῦσι τὸν ἀντὶ ἑτέρου ἠλλαγμένον, οὐχὶ ἄνταλλον"
alpha%22y1474,ἀντιλογιῶν
alpha%22y1475,ἀντιβολῆσαι
alpha%22y1476,ἀντιβολῶ
alpha%22y1477,ἀντιάνειραι
alpha%22y1478,ἀντιβόλησις
alpha%22y1479,ἀντέχει
alpha%22y1480,ἀντεχόμενος
alpha%22y1481,ἀντιάζει
alpha%22y1482,ἀντικάθηται
alpha%22y1483,ἀντιδιαστέλλεται
alpha%22y1484,ἀντίκρισις
alpha%22y1485,ἀντιλέγειν
alpha%22y1486,ἀντίληψις
alpha%22y1487,ἀντίρροπον
alpha%22y1488,ἀντιτύπους ἀνθρώπους
alpha%22y1489,ἀντιτυπία
alpha%22y1490,ἀντιτυπῆσαι
alpha%22y1491,ἀντιπαρεξάγειν
alpha%22y1492,ἀντιπεπονθότως
alpha%22y1493,ἀντίπαλον
alpha%22y1494,ἀντιπροκλήσεις
alpha%22y1495,ἀντιστρόφους
alpha%22y1496,ἀντιτορήσας
alpha%22y1497,ἀντικρύ
alpha%22y1498,ἄντικρυς
alpha%22y1499,ἀντιφέρονται
alpha%22y1500,ἀντιφιλοτιμεῖ
alpha%22y1501,ἀντόμενοι
alpha%22y1502,ἀντιφῄς
alpha%22y1503,ἄντρα νύχια
alpha%22y1504,ἀντρώδη
alpha%22y1505,ἄντυγες
alpha%22y1506,ἀντωπεῖ
alpha%22y1507,ἀντωπός
alpha%22y1508,Ἀντιοχίς
alpha%22y1509,ἀντιχορδάς
alpha%22y1510,Ἀντρῶνες
alpha%22y1511,ἀντωμοσία
alpha%22y1512,ἀντωμοσία
alpha%22y1513,ἀντωμοσία
alpha%22y1514,ἄντυγες
alpha%22y1515,Ἀντιάτας
alpha%22y1516,ἀντιβληθέντος
alpha%22y1517,Ἀντιγενίδας
alpha%22y1518,ἀντιγραφεύς
alpha%22y1519,ἀντιγραφή
alpha%22y1520,ἀντίθετον
alpha%22y1521,ἀντίθεσις
alpha%22y1522,ἀντίθετα
alpha%22y1523,Ἀντίκυρα
alpha%22y1524,Ἄντισσα
alpha%22y1525,ἄντυξ
alpha%22y1526,ἀντακαῖος
alpha%22y1527,ἀνταλλαῖος
alpha%22y1528,ἀνταναγνῶναι
alpha%22y1529,ἀντεγράψατο
alpha%22y1530,ἀντήλιος
alpha%22y1531,ἀντηρέτης
alpha%22y1532,ἀντιφερίζειν
alpha%22y1533,ἀντλητήρ
alpha%22y1534,ἀντλία
alpha%22y1535,ἀντλιαντλητῆρας
alpha%22y1536,ἄντλιον
alpha%22y1537,ἀντλία
alpha%22y1538,ἀνυπαίτιος
alpha%22y1539,ἀνυπόβλητον
alpha%22y1540,ἀνύποιστον
alpha%22y1541,ἁνύσαι
alpha%22y1542,ἀνυπόστατον
alpha%22y1543,ἀνυσίμως
alpha%22y1544,"ἀνύτειν οἱ Ἀττικοί, ὅπερ ἡμεῖς ἀνύειν"
alpha%22y1545,ἀνυδρεύσασθαι
alpha%22y1546,ἀνυπόδητος
alpha%22y1547,ἄνω καὶ κάτω
alpha%22y1548,ἀνῴμωξεν
alpha%22y1549,ἀνώνητον
alpha%22y1550,ἀνωρθρίαζον
alpha%22y1551,ἄξιος λαβεῖν ὁ μισθός
alpha%22y1552,ἄξιον
alpha%22y1553,ἀξιάγαστος
alpha%22y1554,ἀξιέραστον
alpha%22y1555,ἀξιῶν
alpha%22y1556,ἀξιοῖ
alpha%22y1557,ἀξιόχρεως
alpha%22y1558,"ἀξιόχρεων ἐν τῷ ω λέγουσιν, καὶ λειπόνεων"
alpha%22y1559,"ἄξω καὶ ἐνταῦθα καὶ ἐκεῖσε, ἀπάξω δὲ τὸ ὀπίσω ἄξω"
alpha%22y1560,ἀξιόπιστος
alpha%22y1561,Ἀξίοχος
alpha%22y1562,ἄξιος οὐδὲ μόνου
alpha%22y1563,ἀξυνεσία
alpha%22y1564,ἀξύλῳ
alpha%22y1565,ἀξιαπηγητότατον
alpha%22y1566,ἀξύμβλητον
alpha%22y1567,ἄξονες
alpha%22y1568,ἀξιάγαστος
alpha%22y1569,ἀοιδή
alpha%22y1570,ἀοίδιμος
alpha%22y1571,ἀοιδός
alpha%22y1572,ἀολλεῖ
alpha%22y1573,ἀολλίσασα
alpha%22y1574,ἄορι
alpha%22y1575,ἄοινος
alpha%22y1576,ἄοζος
alpha%22y1577,Ἄορνος
alpha%22y1578,ἀορτήν
alpha%22y1579,ἄοπτα
alpha%22y1580,ἀπάγειν
alpha%22y1581,ἄπαγε
alpha%22y1582,ἄπαγε
alpha%22y1583,ἀπάγου
alpha%22y1584,ἀπαγορεύει
alpha%22y1585,ἀπαγωγάς
alpha%22y1586,ἀπαγορεύειν
alpha%22y1587,ἀπαγωγή
alpha%22y1588,ἀπαγωγή
alpha%22y1589,ἀπᾷδον
alpha%22y1590,ἀπαθῆ
alpha%22y1591,ἀπάλλεις
alpha%22y1592,ἀπάλαμνος
alpha%22y1593,ἀπαλλάξωμεν
alpha%22y1594,ἀπαλλάξας
alpha%22y1595,ἀπαλεξῆσαι
alpha%22y1596,ἀπαλέξοντες
alpha%22y1597,ἀπαμυνεῖ
alpha%22y1598,ἀπαμβλύνει
alpha%22y1599,ἀπαμφιέσαντες
alpha%22y1600,ἀπαμφιεῖ
alpha%22y1601,ἀπαμφίσκων
alpha%22y1602,ἀπανάστασις
alpha%22y1603,ἁπαξαπλῶς
alpha%22y1604,ἀπάξω
alpha%22y1605,ἁπαξάπαντα
alpha%22y1606,ἀπαράβλητος
alpha%22y1607,ἀπαραπόδιστα
alpha%22y1608,ἀπαραποίητον
alpha%22y1609,ἀπάρσιμον
alpha%22y1610,ἀπαστία
alpha%22y1611,ἀπαρτίαν
alpha%22y1612,ἀπάρχου
alpha%22y1613,ἄπαστος
alpha%22y1614,ἀπατηλός
alpha%22y1615,ἀπατήσει
alpha%22y1616,"ἁπαλοὶ θερμολουσίαις, ἁβροὶ μαλθακευνίαις"
alpha%22y1617,ἀπ’ ἀκροφυσίων λόγους ἐνδεικνύναι
alpha%22y1618,"ἅπανθ’ ὅμοια, καὶ Ῥοδῶπις ἡ καλή"
alpha%22y1619,ἀπαντᾶν
alpha%22y1620,ἅπαν
alpha%22y1621,ἀπαρτιλογία
alpha%22y1622,ἀπαρτιλογία
alpha%22y1623,ἀπάρχεσθαι
alpha%22y1624,Ἀπατούρια
alpha%22y1625,Ἀπατούρια
alpha%22y1626,ἅπασαν τὴν οὐσίαν ἠμφίασται
alpha%22y1627,= alpha.1611
alpha%22y1628,ἀπαριθμῶν
alpha%22y1629,ἀπασκαρίζειν
alpha%22y1630,= alpha.1592
alpha%22y1631,ἀπάλαμνον
alpha%22y1632,ἀπαλάμνως
alpha%22y1633,ἀπαμβρακοῦ
alpha%22y1634,ἀπάργματα
alpha%22y1635,ἀπαρθένευτος
alpha%22y1636,ἀπαρτί
alpha%22y1637,ἀπαρτί
alpha%22y1638,ἀπαχθῆναι
alpha%22y1639,ἀπαυτομολῆσαι
alpha%22y1640,ἀπαυδῶ
alpha%22y1641,ἀπαυθαδιάζοντας
alpha%22y1642,ἀπαυτοματισθεῖσα
alpha%22y1643,ἀπαυχενίζειν
alpha%22y1644,ἀπεβίω
alpha%22y1645,= alpha.1589
alpha%22y1646,ἀπαίδευτοι
alpha%22y1647,ἀπαιδοτρίβητοι
alpha%22y1648,ἀπαιδία
alpha%22y1649,ἀπαιόλη
alpha%22y1650,ἀπαιόλημα
alpha%22y1651,ἀπ’ αἰγείρου θέα καὶ παρ’ αἴγειρον
alpha%22y1652,ἀπεγένετο
alpha%22y1653,ἀπέδοξεν
alpha%22y1654,ἀπέδειξεν
alpha%22y1655,ἀπέδοτο
alpha%22y1656,ἀπεγνωκώς
alpha%22y1657,ἀπέγνωσαν
alpha%22y1658,ἀπέδοσθε
alpha%22y1659,ἀπεδημηκότες
alpha%22y1660,ἄπεδον
alpha%22y1661,ἀπέδρα
alpha%22y1662,ἀπεθέρισεν
alpha%22y1663,ἀπεκομίσθη
alpha%22y1664,ἀπεικός
alpha%22y1665,ἄπει
alpha%22y1666,ἀπειλῶν
alpha%22y1667,ἀπειργάσθαι
alpha%22y1668,ἀπείργων
alpha%22y1669,ἀπειρέσια
alpha%22y1670,ἀπείρηκα
alpha%22y1671,ἀπειρήκει
alpha%22y1672,ἀπειπεῖν
alpha%22y1673,ἄπεισιν
alpha%22y1674,ἀπείσομαι
alpha%22y1675,ἀπείρονα δακτύλιον
alpha%22y1676,ἀπέγραψεν τὸν καιρόν
alpha%22y1677,ἀπεγλαψάμην
alpha%22y1678,ἀπέκιξαν
alpha%22y1679,ἀπεκρίθη
alpha%22y1680,ἀπέκτητον
alpha%22y1681,ἀπεκόπησαν
alpha%22y1682,ἀπεκάλει
alpha%22y1683,= alpha.1663
alpha%22y1684,ἀπέλεθρον
alpha%22y1685,ἀπελυμαίνοντο
alpha%22y1686,ἀπέλθῃ
alpha%22y1687,ἀπελεύθερος
alpha%22y1688,ἀπέλητοι
alpha%22y1689,ἀπέλιπεν μὲν ἡ γυνὴ τὸν ἄνδρα λέγεται
alpha%22y1690,ἀπεμύλλαινον
alpha%22y1691,ἀπεμόρξατο
alpha%22y1692,ἀπεμπολή
alpha%22y1693,ἀπεμφαίνει
alpha%22y1694,ἀπεμπολήσας
alpha%22y1695,ἀπεμυθήσω
alpha%22y1696,ἀπενεγκάμενος
alpha%22y1697,ἀπενήσω
alpha%22y1698,ἀπενεγκεῖν γραφήν
alpha%22y1699,ἀπενιαυτίσαι
alpha%22y1700,ἀπενιαυτισμός
alpha%22y1701,ἀπεξεσμένον
alpha%22y1702,ἀπεοικός
alpha%22y1703,ἀπαιωρούμενον
alpha%22y1704,ἀπέραντον
alpha%22y1705,ἀπερράπισεν
alpha%22y1706,ἀπεργάσασθαι
alpha%22y1707,ἀπεργασάμενος
alpha%22y1708,ἀπερίβλεπτον
alpha%22y1709,ἀπερίγραπτον
alpha%22y1710,ἀπερίγραπτοι
alpha%22y1711,ἀπερισάλπιγκτοι
alpha%22y1712,ἀπερρωγότες
alpha%22y1713,ἀπέρρωγεν
alpha%22y1714,ἄπερρε
alpha%22y1715,ἀπερρήσεις
alpha%22y1716,ἀπέσβη
alpha%22y1717,ἀπέσβηκε λέγουσιν τὸ ἀποσβέσθαι οἵ τε ἄλλοι καὶ Πλάτων Πολιτικῷ
alpha%22y1718,ἀπεσείσατο
alpha%22y1719,ἀπεσκέδασεν
alpha%22y1720,ἀπεσκληκώς
alpha%22y1721,ἀπέσσυα
alpha%22y1722,ἄπεστιν
alpha%22y1723,ἀπεστομάτισαν
alpha%22y1724,ἀπέσφηλεν
alpha%22y1725,ἀπεσφακέλισεν
alpha%22y1726,ἀπεσχεδιάζετο
alpha%22y1727,ἀπέσχαζεν
alpha%22y1728,ἀπεσχοίνισεν
alpha%22y1729,ἀπεσχοινισμένον
alpha%22y1730,ἀπεσιγάλωσεν
alpha%22y1731,ἀπεσκῆ
alpha%22y1732,ἀπεσκόλυπτε
alpha%22y1733,ἀπεστλεγγισμένον
alpha%22y1734,ἀπεσταλμένην καὶ πεπεμμένην ἑκατέρως λέγουσιν
alpha%22y1735,ἀπετείχιζον
alpha%22y1736,ἀπετίννυον
alpha%22y1737,ἀπέφησεν
alpha%22y1738,ἀπέτισα
alpha%22y1739,ἀπετύλουν
alpha%22y1740,ἀπετίμησεν καὶ ἀποτίμησις καὶ ἀποτίμημα
alpha%22y1741,ἀπεύρα
alpha%22y1742,ἀπευκτόν
alpha%22y1743,ἀπευθύνει
alpha%22y1744,ἀπευήκασιν
alpha%22y1745,= alpha.1737
alpha%22y1746,ἀπέφρησαν
alpha%22y1747,ἄπεφθον χρυσίον
alpha%22y1748,ἀπεφρούρησαν
alpha%22y1749,ἀπέχθεσθαι
alpha%22y1750,ἀπεχρᾶτο
alpha%22y1751,ἀπεχθάνοντο
alpha%22y1752,ἀπέχθεια
alpha%22y1753,ἀπεχρήσατο
alpha%22y1754,ἀπέχρησεν
alpha%22y1755,ἀπεχρήσαντο
alpha%22y1756,ἀπεχθής
alpha%22y1757,ἀπεχοιρίασεν
alpha%22y1758,ἀπεώσατο
alpha%22y1759,ἀπεωσμένον
alpha%22y1760,ἀπέωστο
alpha%22y1761,ἀπηλγηκότες
alpha%22y1762,ἀπηλλάγησαν
alpha%22y1763,ἀπήμαντον
alpha%22y1764,ἀπημείφθη
alpha%22y1765,ἀπήμονα
alpha%22y1766,ἀπηνέμους
alpha%22y1767,ἀπηνέστερον
alpha%22y1768,ἀπηνήναντο
alpha%22y1769,ἀπηρείσατο
alpha%22y1770,ἀπηρτημένας
alpha%22y1771,ἀπηχές
alpha%22y1772,ἀπήχθετο
alpha%22y1773,ἀπηχημένον
alpha%22y1774,ἀπηχθημένον
alpha%22y1775,ἀπηχθισμένον
alpha%22y1776,ἀπῆξεν
alpha%22y1777,ἀπήχεια
alpha%22y1778,ἀπηδέσθη
alpha%22y1779,ἀπηλιώτης
alpha%22y1780,ἀπηλωημένος
alpha%22y1781,ἀπίθανον
alpha%22y1782,ἄπιθι
alpha%22y1783,ἄπιστος
alpha%22y1784,ἀπιστεῖν
alpha%22y1785,ἀπίους εἴρηκε Πλάτων ἐν Νόμοις
alpha%22y1786,ἀπίχθυς
alpha%22y1787,ἀπιὼν ᾤχετο
alpha%22y1788,ἄπλαστος
alpha%22y1789,ἄπλετον
alpha%22y1790,ἁπλοΐς
alpha%22y1791,ἁπλοΐδας
alpha%22y1792,ἁπλᾶς
alpha%22y1793,ἄπλοοι
alpha%22y1794,ἄπλυτον πώγωνα
alpha%22y1795,ἄπλωτον
alpha%22y1796,ἀπλάκητον
alpha%22y1797,ἁπλήγιος
alpha%22y1798,ἁπληγίς
alpha%22y1799,"ἁπλᾶ καὶ διπλᾶ καὶ πολλαπλᾶ καὶ πάντα περισπῶσι τὰ τοιαῦτα, ἀργυρᾶ, χρυσᾶ, κεραμεᾶ ἀπὸ τοῦ κεραμεοῦν, καὶ φοινικιᾶ ἀπὸ τοῦ φοινικιοῦν"
alpha%22y1800,ἄπο
alpha%22y1801,ἀπόβλεπτον
alpha%22y1802,ἀποβαδίζειν
alpha%22y1803,ἀποβλεπόμενοι
alpha%22y1804,ἀπογνῶναι
alpha%22y1805,ἀπογράφειν οὐσίαν
alpha%22y1806,ἀποβάτης καὶ ἀποβαίνειν καὶ ἀποβατικοὶ τροχοί
alpha%22y1807,ἀπογραφή
alpha%22y1808,ἀπογράψαι
alpha%22y1809,ἀπογενέσθαι
alpha%22y1810,ἀποβλύζων
alpha%22y1811,ἀποβλίσαι
alpha%22y1812,ἀποβουκολήσας
alpha%22y1813,ἀποβάθρα
alpha%22y1814,ἀπὸ γραμμῆς
alpha%22y1815,ἀποβύσαντες
alpha%22y1816,ἀποδάσσομαι
alpha%22y1817,ἀπογνούς
alpha%22y1818,ἀποδείξασθαι
alpha%22y1819,ἀποδαρθεῖν
alpha%22y1820,ἀποδειροτομεῖ
alpha%22y1821,ἀποδεόντων
alpha%22y1822,ἀποβατῶν ἀγών
alpha%22y1823,ἀποβροχθίσαι
alpha%22y1824,ἀποδιοπομπεῖσθαι
alpha%22y1825,ἀπὸ δόξης
alpha%22y1826,ἀποδέχομαι
alpha%22y1827,ἀποδικεῖν
alpha%22y1828,ἀποδόσθαι
alpha%22y1829,ἀποδράς
alpha%22y1830,ἀποδυσπετεῖ
alpha%22y1831,ἀποδέκται
alpha%22y1832,ἀποδιδόμενοι
alpha%22y1833,ἀποδακρύσας
alpha%22y1834,ἀποδεῖξαι
alpha%22y1835,ἀπόδυσαι
alpha%22y1836,ἀποδείκνυμί σοι χελιδόνα
alpha%22y1837,ἀπόζων
alpha%22y1838,ἀποθρέξεις
alpha%22y1839,ἀποθρώσκοντα
alpha%22y1840,= alpha.1839
alpha%22y1841,ἀποθεσπίσαι
alpha%22y1842,ἀποθύμια
alpha%22y1843,ἀποθήκην
alpha%22y1844,ἀποθευσούμεθα
alpha%22y1845,ἀποθριάσαι
alpha%22y1846,ἀποικοδομεῖς
alpha%22y1847,ἄποινα
alpha%22y1848,ἀποίσετε
alpha%22y1849,ἀποιχόμενα
alpha%22y1850,ἀποκαθεύδουσιν
alpha%22y1851,ἀποκαραδοκία
alpha%22y1852,ἀποκαταλλάξαι
alpha%22y1853,ἀποκείλαντες
alpha%22y1854,ἀποκεῖσθαι πόρρω
alpha%22y1855,ἀποκήρυκτον
alpha%22y1856,ἀποκλήρωσις
alpha%22y1857,ἀποκαρτερήσαντα
alpha%22y1858,ἀποκηδήσαντες
alpha%22y1859,"ἀποκοπῆναι τῶν ἰχνῶν τὴν κύνα λέγουσιν, ὅταν μηκέτι εὑρίσκῃ τὰ ἴχνη"
alpha%22y1860,ἀποκναίει
alpha%22y1861,ἀπόκνιζε
alpha%22y1862,ἀπόκριμα
alpha%22y1863,ἀποκρούεσθαι
alpha%22y1864,ἄποκα
alpha%22y1865,ἀποκινεῖν
alpha%22y1866,ἀποκραιπαλισμός
alpha%22y1867,ἀποκεκρουμένον
alpha%22y1868,ἀποκηρύττοντες
alpha%22y1869,ἀποκρινεῖται λέγουσι μᾶλλον ἢ ἀποκριθήσεται
alpha%22y1870,ἀπόκρισις
alpha%22y1871,ἀποκείρασθαι καὶ κείρασθαι ἑκατέρως λέγουσιν
alpha%22y1872,ἀποκτίννυσιν λέγουσι μᾶλλον ἢ ἀποκτιννύειν
alpha%22y1873,ἀπόκινος
alpha%22y1874,ἀποκριθῆναι
alpha%22y1875,ἀποκριπάμενος
alpha%22y1876,ἀποκτυπῆσαι
alpha%22y1877,ἀποκυηθέν
alpha%22y1878,ἀπολαύειν
alpha%22y1879,ἀπόλεμος
alpha%22y1880,ἀπολαχεῖν
alpha%22y1881,ἀπολείπουσιν
alpha%22y1882,ἀπόληγε
alpha%22y1883,ἀπολυμαίνεσθαι
alpha%22y1884,ἀπολογίσασθαι καὶ ἀπολογίζειν
alpha%22y1885,ἀπολελοιπότες
alpha%22y1886,Ἀπολλώνιον
alpha%22y1887,"ἀπολλύειν καὶ ἀπολλύναι διττῶς λέγουσιν, καὶ ἀποδεικνύειν καὶ ἀποδεικνύναι, καὶ πάντα τὰ ὅμοια"
alpha%22y1888,ἀπόλειψις
alpha%22y1889,ἀπόλεκτον
alpha%22y1890,ἀπολιβάξαι
alpha%22y1891,ἀπολιταργύσαι
alpha%22y1892,ἀπομάττεσθαι
alpha%22y1893,ἀπομάττων
alpha%22y1894,ἀπομηνίσας
alpha%22y1895,ἀπόμισθος
alpha%22y1896,ἀπόμισθοι
alpha%22y1897,ἀπομορξάμενον
alpha%22y1898,ἀπόμακτρα σκυτάλων
alpha%22y1899,ἀπομαγδαλία καὶ ἀπομαγδαλίς
alpha%22y1900,ἀπομάγματα
alpha%22y1901,ἀπομερμηρίξαι
alpha%22y1902,ἀπὸ μισθωμάτων θύειν
alpha%22y1903,ἀπομόρξαι
alpha%22y1904,ἀπόμορφα
alpha%22y1905,ἀπομορχθείς
alpha%22y1906,ἀπομυξίας
alpha%22y1907,ἀπομόσαι καὶ κατομόσαι
alpha%22y1908,ἄπον
alpha%22y1909,ἀπόνασθαι
alpha%22y1910,ἀπόναται
alpha%22y1911,ἀπόνειμαι
alpha%22y1912,ἀπονηθήσεται
alpha%22y1913,ἀπονητί
alpha%22y1914,ἀπόνοια
alpha%22y1915,ἀπονοστήσει
alpha%22y1916,ἀπονομή
alpha%22y1917,"ἀπονίψασθαι μετὰ τὸ δεῖπνον ἔλεγον, πρὸ τοῦ δείπνου δὲ κατὰ χειρός."
alpha%22y1918,ἀπονοσφίζεσθαι
alpha%22y1919,ἀπονυχίσαι μᾶλλον λέγουσιν ἢ ὀνυχίσαι.
alpha%22y1920,ἀπονησαμένη
alpha%22y1921,ἀποξένοισιν
alpha%22y1922,ἀποξύονται
alpha%22y1923,ἀποξιφίσασθαι
alpha%22y1924,ἀποπερατοῦσαν
alpha%22y1925,ἀποπεφασμένον
alpha%22y1926,ἀποπομπή
alpha%22y1927,ἀποπεφοίτηκεν
alpha%22y1928,ἀποπομπαῖοι
alpha%22y1929,ἀποπληξία
alpha%22y1930,ἀποπρεσβεύει
alpha%22y1931,ἄποπτον
alpha%22y1932,ἀποπάτημα
alpha%22y1933,ἀπόπατον καὶ κοπρῶνα λέγουσιν
alpha%22y1934,ἀποπροσωπίζεσθαι
alpha%22y1935,ἀπορεῖν καὶ σφακελίζειν τῷ δεινῷ
alpha%22y1936,ἀπόρρησιν
alpha%22y1937,ἀπόρρητα
alpha%22y1938,ἀπορροῆς
alpha%22y1939,ἀπορρυῆς
alpha%22y1940,ἄπορος χώρα
alpha%22y1941,ἀπορρῶγας
alpha%22y1942,ἀπορησία
alpha%22y1943,ἀπόρρωξ
alpha%22y1944,ἄπουργοι γωνίαι
alpha%22y1945,ἀπορρέξαντες
alpha%22y1946,ἀπορέξαι
alpha%22y1947,ἀπόρρητα
alpha%22y1948,ἀπορώτατος
alpha%22y1949,ἀπορρυή
alpha%22y1950,ἀπορρηθῇ
alpha%22y1951,ἀποσημήνασθαι
alpha%22y1952,ἀποσεμνύνει
alpha%22y1953,ἀποσημαίνεσθαι
alpha%22y1954,ἀπόσιτος
alpha%22y1955,ἀποσκευαζόμενος
alpha%22y1956,ἀποσκευάζοντες
alpha%22y1957,ἀποσιμῶσαι
alpha%22y1958,ἀποστασίου
alpha%22y1959,ἀποστασίου καὶ ἀπροστασίου
alpha%22y1960,ἀποσεσύκασται
alpha%22y1961,ἀποσάξαντα
alpha%22y1962,ἀποστησάμενον
alpha%22y1963,ἀποσκλαίη
alpha%22y1964,ἀποσκλῆναι
alpha%22y1965,ἀποσκιρτᾷ
alpha%22y1966,ἀπὸ σκοποῦ
alpha%22y1967,ἀποσκορακίζειν
alpha%22y1968,ἀποσκυθίσαι
alpha%22y1969,"ἀποσκοπεῖσθαι λέγουσιν, οὐ σκοπεύειν."
alpha%22y1970,ἀποσκευάσαι τὴν τράπεζαν
alpha%22y1971,ἀποσκολύψαι
alpha%22y1972,ἀπόστασις
alpha%22y1973,ἀποστολεῖς
alpha%22y1974,ἀπόστοργον
alpha%22y1975,ἀπὸ συμβόλων δικάζειν
alpha%22y1976,ἀποστάσιον καὶ λιπόστρατον καὶ πάντα τὰ τοιαῦτα οὐδετέρως σχηματίζουσιν
alpha%22y1977,ἀπὸ στόματος
alpha%22y1978,"ἀπόστα, οὐ μόνον ἀπόστηθι, λέγουσιν, καὶ παράστα"
alpha%22y1979,ἀποσυστῆσαι
alpha%22y1980,ἀποσφύδου
alpha%22y1981,ἀποσοβεῖ
alpha%22y1982,ἀποσοβῶμεν
alpha%22y1983,ἀποστήσασθαι
alpha%22y1984,ἀποσπουδάζων
alpha%22y1985,ἀποστήσονται
alpha%22y1986,ἀποστροφή
alpha%22y1987,ἀποστολαί
alpha%22y1988,ἀποστρακισθῆναι
alpha%22y1989,ἀποστυγοῦντες
alpha%22y1990,ἀποσχεδιάσας
alpha%22y1991,ἀποστοματίζειν
alpha%22y1992,ἀπόσχῃ
alpha%22y1993,ἀποσχῆναι
alpha%22y1994,ἀποσχοινίσαντες
alpha%22y1995,ἀποτεθρυωμένοι
alpha%22y1996,ἀποταμιεύεται
alpha%22y1997,ἀποτεθρίακεν
alpha%22y1998,ἀποταυρούμενος
alpha%22y1999,ἀποτείνεται
alpha%22y2000,ἀποτειχίζων
alpha%22y2001,ἀποτεμεῖται
alpha%22y2002,ἀποτεύξασθαι
alpha%22y2003,ἀπόταφος
alpha%22y2004,"ἀποτιμᾶν, ἀποτιμηταί, καὶ ἀποτίμημα"
alpha%22y2005,ἀποτειχίσαι
alpha%22y2006,ἀποτίμησιν
alpha%22y2007,ἀπὸ τοῦ πράγματος
alpha%22y2008,ἀποτραχύνεται
alpha%22y2009,ἀποτρόπαιοι
alpha%22y2010,ἀπότριψις
alpha%22y2011,ἀποτροπίασμα
alpha%22y2012,ἀποτριάσαι
alpha%22y2013,ἀποτρώγειν
alpha%22y2014,ἀποτυμπανίσαι
alpha%22y2015,ἀποτυμπάνισον
alpha%22y2016,ἀποτυχίσαι
alpha%22y2017,ἀποφαντικός
alpha%22y2018,ἀποφάσκει
alpha%22y2019,ἀπόφημι
alpha%22y2020,ἀποφῆναι
alpha%22y2021,ἀποφυγγάνειν
alpha%22y2022,ἀπόφασις
alpha%22y2023,ἀποφράδες ἡμέραι
alpha%22y2024,ἀποφοράν
alpha%22y2025,ἀποφυσήσας τὴν σποδὸν τῶν ἐγκρυβομένων ὠπτημένων
alpha%22y2026,ἀποφοιβάζων
alpha%22y2027,ἀποφοιτᾶν
alpha%22y2028,ἀποφηλικίσαι
alpha%22y2029,ἀποφανῶσαι
alpha%22y2030,ἀποφώλιοι
alpha%22y2031,ἀποφώλιον
alpha%22y2032,ἀποφθεγγόμενος
alpha%22y2033,ἀποχώρησις
alpha%22y2034,ἀποχετεύονται
alpha%22y2035,ἀποχρᾶν
alpha%22y2036,ἀπόχρη
alpha%22y2037,ἀποχρώντως
alpha%22y2038,ἀποχρώσης
alpha%22y2039,ἀποχοιριάσαι
alpha%22y2040,ἀποψοφεῖν
alpha%22y2041,ἀποψώμενον
alpha%22y2042,ἀποψηφισθέντα
alpha%22y2043,ἀποψηφίζονται
alpha%22y2044,ἀποψύχειν
alpha%22y2045,ἀποψάς
alpha%22y2046,ἀπριάτην
alpha%22y2047,ἀπρίξ
alpha%22y2048,ἀπροόπτως
alpha%22y2049,ἀπρόσβλητον
alpha%22y2050,ἀπροσδεής
alpha%22y2051,ἀπροσήγορος ἄνθρωπος
alpha%22y2052,ἀπρόσιτος
alpha%22y2053,ἀπρόσκλητον
alpha%22y2054,ἀπροβούλευτον
alpha%22y2055,ἀπροστασίου
alpha%22y2056,ἀπρότων
alpha%22y2057,ἀπρόσειλος
alpha%22y2058,ἀπράγμων
alpha%22y2059,ἄπροτον
alpha%22y2060,ἅπτεσθαι
alpha%22y2061,ἁπτόν
alpha%22y2062,ἅπτων
alpha%22y2063,ἄπυστα
alpha%22y2064,Ἄπυτοι
alpha%22y2065,ἀπφά
alpha%22y2066,ἀπῳδόν
alpha%22y2067,ἄπωθεν
alpha%22y2068,ἀπώμοτον
alpha%22y2069,ἀπώναται
alpha%22y2070,ἀπωνηθήσεται
alpha%22y2071,ἀπωτέρω
alpha%22y2072,ἀπῴχοντο
alpha%22y2073,ἄρα
alpha%22y2074,ἀραῖς
alpha%22y2075,ἀράμενοι
alpha%22y2076,ἀράξαι
alpha%22y2077,ἄραρεν
alpha%22y2078,Ἀραφήνιος
alpha%22y2079,ἄραρον
alpha%22y2080,ἀραρώς
alpha%22y2081,ἀραρυῖαν
alpha%22y2082,ἀρδάνιον
alpha%22y2083,ἀράχνης
alpha%22y2084,"ἀργυρώματα καὶ χρυσώματα, ὁμοίως ὡς ἡμεῖς, Λυσίας"
alpha%22y2085,ἀργυρίδιον
alpha%22y2086,ἀργύριον
alpha%22y2087,ἀργυρῖται
alpha%22y2088,ἄρασθαι
alpha%22y2089,ἀρασσόμενα
alpha%22y2090,ἀράττων
alpha%22y2091,ἀρᾶται
alpha%22y2092,ἀράκους
alpha%22y2093,ἄρρατον
alpha%22y2094,ἀργυραμοιβός
alpha%22y2095,ἀργυραμοιβός
alpha%22y2096,ἀργυραμοιβόν
alpha%22y2097,ἀργαλέως
alpha%22y2098,ἀργιόδοντα
alpha%22y2099,ἀργιλώδης γῆ
alpha%22y2100,ἀργίποδες
alpha%22y2101,ἀργάς
alpha%22y2102,ἀργυρογνώμων
alpha%22y2103,ἀργέλοφοι
alpha%22y2104,ἀργυρίς
alpha%22y2105,ἀργυρὶς θήκη
alpha%22y2106,ἀργυροκοπεῖον
alpha%22y2107,ἀργυρόποδα δίφρον
alpha%22y2108,ἀργυρίου δίκη
alpha%22y2109,Ἄργουσα
alpha%22y2110,ἀργυροδίνης
alpha%22y2111,ἀρδεύειν
alpha%22y2112,"ἄρδειν, οὐκ ἀρδεύειν, λέγουσιν."
alpha%22y2113,Ἄρδηττος
alpha%22y2114,ἀρεστήρ
alpha%22y2115,ἀρετή
alpha%22y2116,Ἄρειος πάγος
alpha%22y2117,Ἄρθμιος
alpha%22y2118,ἀριστῆσαι
alpha%22y2119,"ἀριστεροστάτης ἐν τῷ κωμικῷ καλεῖται χορῷ, ἐν δὲ τῷ τραγικῷ μέσος ἀριστεροῦ"
alpha%22y2120,Ἀριστεύς
alpha%22y2121,ἀριστερός
alpha%22y2122,Ἀριστίων
alpha%22y2123,ἀρίβαλλος
alpha%22y2124,ἀρίφατος
alpha%22y2125,ἀριστίνδην
alpha%22y2126,ἀρκτεῦσαι
alpha%22y2127,ἄρκτον
alpha%22y2128,Ἀρκτοῦρος λέγεται καὶ αὐτὸς ὅλος ὁ Βοώτης
alpha%22y2129,ἀρκύωρος
alpha%22y2130,ἄρκυς
alpha%22y2131,ἁρμάτειον μέλος
alpha%22y2132,ἁρμόδιος
alpha%22y2133,ἁρμοσταί
alpha%22y2134,ἄρμενα
alpha%22y2135,ἀρνακίδα
alpha%22y2136,ἄρνυσθαι
alpha%22y2137,ἀρότους
alpha%22y2138,"ἀροῦν, οὐκ ἀροτριᾶν, λέγουσιν."
alpha%22y2139,ἀρόσομεν
alpha%22y2140,ἁρπεδόνη
alpha%22y2141,ἁρπαγη
alpha%22y2142,ἅρπην
alpha%22y2143,ἀρρωστία τοῦ στρατεύειν
alpha%22y2144,ἄρρατον
alpha%22y2145,ἀρρωδεῖν
alpha%22y2146,ἀρρηνοφορεῖν
alpha%22y2147,ἀρραβών
alpha%22y2148,ἀρρενωπούς καὶ ἀρρενωπάδας τὰς γυναῖκας καλοῦσιν
alpha%22y2149,ἀρράβακα
alpha%22y2150,ἀρρηφορεῖν
alpha%22y2151,ἄρριχοι
alpha%22y2152,ἀρρύ
alpha%22y2153,ἀρρωστήμων
alpha%22y2154,ἄρσεων
alpha%22y2155,ἄρσῃ
alpha%22y2156,ἀρτάβη
alpha%22y2157,ἄρταμος
alpha%22y2158,ἀρτάνη
alpha%22y2159,ἄρτημα βαλαντίου
alpha%22y2160,ἄρτι
alpha%22y2161,ἀρτιάζειν
alpha%22y2162,ἀρτισμός
alpha%22y2163,ἀρτικροτεῖσθαι
alpha%22y2164,ἀρτιμελής
alpha%22y2165,ἀρτίφρονες
alpha%22y2166,ἀρτοπόπον καὶ Ἀττικοὶ καὶ Ἴωνες τὸν ἀρτοπόπον. ἐστιν δὲ τὸ ἀρτοποπεῖν ἐν Μονοτρόπῳ Φρυνίχου (fr. 28).
alpha%22y2167,ἀρτοσιτεῖν
alpha%22y2168,ἀρτήρ
alpha%22y2169,ἀρται
alpha%22y2170,ἄρτια
alpha%22y2171,Ἀρτεμισία
alpha%22y2172,ἀρτίως
alpha%22y2173,Ἄρτος
alpha%22y2174,ἀρτιεπής
alpha%22y2175,ἀρτιθαλῆ
alpha%22y2176,Ἀρτεμίσιον
alpha%22y2177,ἀρτίπους
alpha%22y2178,ἀρτίστομος
alpha%22y2179,ἀρτύειν
alpha%22y2180,ἀρτύναντες
alpha%22y2181,ἄρυθμος
alpha%22y2182,ἀρυσάμενος
alpha%22y2183,ἀρύτεσθαι
alpha%22y2184,ἀρύβαλλος
alpha%22y2185,ἀρύει
alpha%22y2186,ἀρυστίχους
alpha%22y2187,Ἀρύβας
alpha%22y2188,ἀρχαῖον
alpha%22y2189,ἀρχαῖος
alpha%22y2190,ἀρχαίως
alpha%22y2191,ἀρχεῖα
alpha%22y2192,ἀρχαιϊκὸν καὶ πάντα τὰ τοιαῦτα διὰ τῶν δύο ιι
alpha%22y2193,ἀρχέτυπον
alpha%22y2194,ἀρχηγέται
alpha%22y2195,ἄρχοντες οἱ ἐννέα τίνες;
alpha%22y2196,ἀρχαισιάζειν
alpha%22y2197,ἀρχαιρεσιάζειν
alpha%22y2198,"ἀρχαιρεσίας λέγουσι θηλυκῶς καὶ πληθυντικῶς, οὐκ ἀρχαι ρεσίαν δέ, οὐδὲ ἄλλως πως"
alpha%22y2199,ἀρχιέρεων
alpha%22y2200,Ἀρχιδάμιος πόλεμος
alpha%22y2201,ἀρχῆθεν
alpha%22y2202,ἀρχιθεωρός
alpha%22y2203,ἄρχων
alpha%22y2204,ἀρχιτέκτων
alpha%22y2205,ἀρωγή
alpha%22y2206,ἀρωγός
alpha%22y2207,ἀρώματα
alpha%22y2208,ἀσαφές
alpha%22y2209,ἀσάλπιγκτον ὥραν
alpha%22y2210,ἀσαλὴς μανία
alpha%22y2211,ἆσαι
alpha%22y2212,ἄσβεστος
alpha%22y2213,ἄσβολος
alpha%22y2214,ἀσέλγεια
alpha%22y2215,ἀσέλγεια
alpha%22y2216,ἀσελγές
alpha%22y2217,ἄσεπτον
alpha%22y2218,ἄση
alpha%22y2219,ἀσήμαντα
alpha%22y2220,ἀσημάντοις
alpha%22y2221,ἄσθμα
alpha%22y2222,ἀσθμάζειν
alpha%22y2223,ἀσθμαίνει
alpha%22y2224,Ἀσία
alpha%22y2225,Ἀσιάς
alpha%22y2226,Ἀσιάδος κρούματα
alpha%22y2227,ἀσκαλαβώτην
alpha%22y2228,Ἀσκληπιεῖον
alpha%22y2229,ἀσκέραι
alpha%22y2230,ἄσκευον
alpha%22y2231,ἀσκήσασα
alpha%22y2232,ἄσκησις
alpha%22y2233,ἄσκησις
alpha%22y2234,ἄσκοπον
alpha%22y2235,ἀσκητικός
alpha%22y2236,ἀσκούμενος
alpha%22y2237,ἀσκωλιάζοντες
alpha%22y2238,ἀσκάντης
alpha%22y2239,ἀσκαρδαμυκτὶ ὁρᾶν
alpha%22y2240,ἀσκορδίνωτος
alpha%22y2241,ἀσκοθύλακος
alpha%22y2242,ᾆσμα
alpha%22y2243,ἀσμένως
alpha%22y2244,ἀσολοίκως
alpha%22y2245,ἀσπαίροντες
alpha%22y2246,ἀσπαλία
alpha%22y2247,ἀσπαστοί
alpha%22y2248,ἀσπασίως
alpha%22y2249,ἀσπίς
alpha%22y2250,ἄσπονδοι
alpha%22y2251,ἀσπάζεσθαι
alpha%22y2252,Ἀσπασία
alpha%22y2253,ἀσπάθητον χλαῖναν
alpha%22y2254,ἀσπλήκησεν
alpha%22y2255,ἀσπάλαθος
alpha%22y2256,ἄσπουδος
alpha%22y2257,ἄσσιστα
alpha%22y2258,ἅσσα
alpha%22y2259,"ἄσταχυς καὶ ἀσταφίς, καὶ ὅλως τὸ πλεονάζειν τὸ α ἐν ἀρχῇ τῶν τοιούτων ὀνομάτων Ἀττικόν ἐστιν"
alpha%22y2260,ἀστεῖόν τι καὶ κατερρινημένον εἰπεῖν
alpha%22y2261,ἄστεγος
alpha%22y2262,ἀστεῖος
alpha%22y2263,"ἀστεῖος καὶ ἀστικός, διττῶς"
alpha%22y2264,ἀστείους
alpha%22y2265,ἀστεΐζεσθαι
alpha%22y2266,ἀστεΐζεται
alpha%22y2267,ἀστάθμητος
alpha%22y2268,ἀστράβη
alpha%22y2269,ἀστράγαλος
alpha%22y2270,ἀστρίχους
alpha%22y2271,ἀστυγείτων
alpha%22y2272,ἀστεμφέα
alpha%22y2273,ἀστερόεντα
alpha%22y2274,ἀστέρων τέθριππος
alpha%22y2275,ἄστεσι
alpha%22y2276,ἀστειβής
alpha%22y2277,ἀστεϊζόμενος
alpha%22y2278,ἀστισμός
alpha%22y2279,ἀστός
alpha%22y2280,ἀστραβηλάτης
alpha%22y2281,ἀστυπολεῖν
alpha%22y2282,ἀσταθμητότατον
alpha%22y2283,ἄστικτον χωρίον
alpha%22y2284,ἀστυνόμος
alpha%22y2285,ἀσταφίδα καὶ ὀσταφίδα οἱ Ἀττικοὶ ἑκατέρως λέγουσιν
alpha%22y2286,ἀστάνδης
alpha%22y2287,ἀστείων
alpha%22y2288,ἄστεκτα
alpha%22y2289,ἀστικὸν ἐμπόριον
alpha%22y2290,ἀστόξενοι
alpha%22y2291,"ἀστυφίαν καὶ ἀστυσίαν, διά τε τοῦ φ καὶ διὰ τοῦ σ ὁμοίως"
alpha%22y2292,ἀστυφίαν παρὰ τὴν ἀγορασίαν ἣν ἐκήρυσσον ἐν ταῖς ἐκκλησίαις
alpha%22y2293,= alpha.2273
alpha%22y2294,ἀσύμβατον
alpha%22y2295,ἀσυνάρτητον
alpha%22y2296,ἀσυνδυάστως
alpha%22y2297,ἀσυνθεσία
alpha%22y2298,ἀσύνθετος
alpha%22y2299,ἀσύντακτον
alpha%22y2300,[vacat]
alpha%22y2301,ἀσυντελής
alpha%22y2302,ἀσύφηλον
alpha%22y2303,ἀσυνθετώτατον
alpha%22y2304,"ἀσφάλεια μὲν καὶ ἀσφαλὲς Ἑλληνικά, τὸ δὲ ἀσφαλίζεσθαι βάρβαρον"
alpha%22y2305,ἀσφαλεστέρως
alpha%22y2306,ἀσφάραγον
alpha%22y2307,ἀσφόδελος
alpha%22y2308,ἀσχάλλων
alpha%22y2309,ἀσχέτως
alpha%22y2310,ἀσχολοῦμαι καὶ ἀσχολεῖται καὶ ἀσχολεῖσθαι
alpha%22y2311,ἀσχέδωρος
alpha%22y2312,ἀσώδης ἐστίν
alpha%22y2313,ἀσώτως
alpha%22y2314,ἀταλαίπωρον
alpha%22y2315,ἀταλαιπώρως
alpha%22y2316,ἀτάλαντον
alpha%22y2317,ἀταλῇσιν
alpha%22y2318,ἀταμίευτον
alpha%22y2319,ἀτάρ
alpha%22y2320,ἀτὰρ δέ
alpha%22y2321,ἀτάρβητος
alpha%22y2322,ἀτὰρ ὡς
alpha%22y2323,ἀτὰρ οὖν
alpha%22y2324,Ἀταρνεύς
alpha%22y2325,ἀτάσθαλα
alpha%22y2326,ἀτέγκτοις
alpha%22y2327,ἄτεγκτος
alpha%22y2328,ἄτεγκτος ἄνθρωπος παρηγορήμασιν
alpha%22y2329,ἅτε
alpha%22y2330,ἀτέγκτως
alpha%22y2331,ἅτε δή
alpha%22y2332,ἀτέκμαρτον
alpha%22y2333,ἀτελῆ
alpha%22y2334,ἀτέλεια
alpha%22y2335,ἀτελεύτητον
alpha%22y2336,ἀτενές
alpha%22y2337,ἄτερ
alpha%22y2338,ἅτερα
alpha%22y2339,ἀτεράμων
alpha%22y2340,ἀτεράμονες
alpha%22y2341,ἀτέραμνον
alpha%22y2342,ἀτερμάτιστος
alpha%22y2343,ἀτέχνοις
alpha%22y2344,ἀτεχνῶς
alpha%22y2345,ἀτημελήτους
alpha%22y2346,ἀτημελῶς
alpha%22y2347,ἀτηρότατον
alpha%22y2348,ἀτιμώρητος
alpha%22y2349,ἀτίθασον
alpha%22y2350,ἄτιμος
alpha%22y2351,ἀτίμητος ἀγὼν καὶ τιμητός
alpha%22y2352,ἀτιμαγέλης
alpha%22y2353,ἀτλήτῳ
alpha%22y2354,Ἀταλάντη
alpha%22y2355,ἀτμίς
alpha%22y2356,ἀτμῶν
alpha%22y2357,ἄτοπον
alpha%22y2358,ἄτομα
alpha%22y2359,ἄτρακτον
alpha%22y2360,ἀτραπούς
alpha%22y2361,ἀτραπητός
alpha%22y2362,ἀτρεκεῖ
alpha%22y2363,ἀτρεκές
alpha%22y2364,ἀτρέμας
alpha%22y2365,ἀτρεμία
alpha%22y2366,ἀτρεμίζων
alpha%22y2367,ἄτρυτος
alpha%22y2368,ἀτρύφερος
alpha%22y2369,ἀτραπίζειν
alpha%22y2370,ἀττέλεβος
alpha%22y2371,ᾄττει
alpha%22y2372,αττα
alpha%22y2373,αττα
alpha%22y2374,Ἄττης
alpha%22y2375,Ἀττικοῖς γράμμασιν
alpha%22y2376,Ἀττικισμός
alpha%22y2377,ἄττην
alpha%22y2378,ἀτταγᾶς
alpha%22y2379,ἀττάραγοι
alpha%22y2380,ἄττεσθαι
alpha%22y2381,Ἀττικουργές
alpha%22y2382,ἀτυχῆσαι
alpha%22y2383,ἀτυχεῖν
alpha%22y2384,ἀτυφία
alpha%22y2385,ἀτύφου μοίρας
alpha%22y2386,ἄτυφον
alpha%22y2387,αὖ
alpha%22y2388,αὑαίνεται
alpha%22y2389,αὑάνθη
alpha%22y2390,αὔδα
alpha%22y2391,αὐδή
alpha%22y2392,αὐδήεσσα
alpha%22y2393,αὐδήσας
alpha%22y2394,"αὐθάδης, αὐτάρεσκος"
alpha%22y2395,αὐθαίρετος
alpha%22y2396,αὐθέκαστα
alpha%22y2397,αὐθέκαστος
alpha%22y2398,αὐθέντης
alpha%22y2399,αὐθήμερον
alpha%22y2400,αὖθι
alpha%22y2401,αὖθις
alpha%22y2402,αὐθιγενής
alpha%22y2403,αὖθις αὖ πάλιν
alpha%22y2404,αὐθωρήτους
alpha%22y2405,αὐλαία
alpha%22y2406,αὐλία
alpha%22y2407,αὐλίζεται
alpha%22y2408,αὐλίζεσθαι
alpha%22y2409,αὐλιζόμενοι
alpha%22y2410,αὐλίκουροι
alpha%22y2411,αὐλισμόν
alpha%22y2412,αὐλός
alpha%22y2413,αὐλών
alpha%22y2414,αὐλῶνες
alpha%22y2415,αὐλωνίζουσα
alpha%22y2416,αὔληρον
alpha%22y2417,αὔξην καὶ ἄνθην καὶ βλάστην
alpha%22y2418,αὐξίς
alpha%22y2419,αὔραν
alpha%22y2420,αὐρίβατον
alpha%22y2421,ἀῧσαι
alpha%22y2422,ἀϋσάντων
alpha%22y2423,Αὐσονίων
alpha%22y2424,ἀϋτήν
alpha%22y2425,αὐτὰ ταῦτα
alpha%22y2426,αὐτόκαρπον
alpha%22y2427,αὐτὴ νῦν ἡ σοφία ζῇ
alpha%22y2428,αὐτὴ νῦν ἀνθεῖ ἡ μοῦσα
alpha%22y2429,αὖτε
alpha%22y2430,αὐτερέται
alpha%22y2431,αὐτήκοοι
alpha%22y2432,αὕτη μὲν ἡ μήρινθος οὐδὲν ἔσπασεν
alpha%22y2433,αὐτῆμαρ
alpha%22y2434,αὐτίτην
alpha%22y2435,αὐτίκα
alpha%22y2436,αὐτοβοεί
alpha%22y2437,αὐτοβοᾷς ὅμοιος ὢν τῷδε
alpha%22y2438,αὐτόκακον ἔοικε τῷδε
alpha%22y2439,αὐτόδαξ
alpha%22y2440,αὐτοδοκεῖν
alpha%22y2441,αὐτοκράτορα
alpha%22y2442,αὐτολήκυθοι
alpha%22y2443,αὐτογένεθλον
alpha%22y2444,αὐτόετες
alpha%22y2445,αὐτόθεν
alpha%22y2446,αὐτολόχευτος
alpha%22y2447,Αὐτόλυκος
alpha%22y2448,αὐτόλυκοι
alpha%22y2449,αὐτομόλως
alpha%22y2450,αὐτονυχί
alpha%22y2451,αὐτομαχεῖν
alpha%22y2452,αὐτόπρεμνον
alpha%22y2453,αὐτόσιτος
alpha%22y2454,αὐτόσε
alpha%22y2455,αὐτοτελής
alpha%22y2456,αὐτοσχέδιον
alpha%22y2457,αὐτοσχεδίως
alpha%22y2458,αὐτονομουμένη πόλις
alpha%22y2459,αὐτόχειρες
alpha%22y2460,αὐτοχειρία
alpha%22y2461,αὐτοτελὴς δίκη
alpha%22y2462,αὐτόχρημα ὅμοιον
alpha%22y2463,αὐτόχθων
alpha%22y2464,αὐτόχθονες
alpha%22y2465,αὔτως
alpha%22y2466,αὐτοῖς τοῖς ταλάροις ἐσθίεις τὸν τύρον
alpha%22y2467,αὐτομαχῆσαι
alpha%22y2468,αὐτοκέρας
alpha%22y2469,αὐτόκρανον λόγον
alpha%22y2470,αὐτογνωμονήσαντες
alpha%22y2471,αὐτοκάρδαλον
alpha%22y2472,αὐτόθι
alpha%22y2473,αὐτόπαιδα
alpha%22y2474,αὐτόπεδον
alpha%22y2475,αὐτόποκον
alpha%22y2476,αὐτόπωλοι
alpha%22y2477,αὐτόρεξον
alpha%22y2478,αὑτόν
alpha%22y2479,αὐτόσσυτον
alpha%22y2480,αὐτοτελῶς
alpha%22y2481,αὐτόχειρα
alpha%22y2482,αὔχημα
alpha%22y2483,αὐχμηρόν
alpha%22y2484,αὐχμοί
alpha%22y2485,αὐχμώδους
alpha%22y2486,αὐχμῶντες
alpha%22y2487,αὐχοῦντες
alpha%22y2488,ἀφαγνίσαι
alpha%22y2489,ἀφαίρεμα
alpha%22y2490,ἀφαίρεσις
alpha%22y2491,ἀφαιρεῖν κροκύδας
alpha%22y2492,ἁφαῖς
alpha%22y2493,ἀφανὴς οὐσία
alpha%22y2494,ἀφανίσαι
alpha%22y2495,ἀφαδία
alpha%22y2496,ἀφαμαρτούσῃ
alpha%22y2497,ἀφασία
alpha%22y2498,ἁφὰς λύχνων Ἡρόδοτος λέγει
alpha%22y2499,ἀφάσσων
alpha%22y2500,ἀφαυροτέροις
alpha%22y2501,ἀφαυροῦ
alpha%22y2502,ἀφάψαι
alpha%22y2503,ἀφεῖσθαι παίζειν
alpha%22y2504,"ἀφείλετο καὶ τὰ ὅμοια διὰ τοῦ ε, ἐφ’ ὧν τὸ πρῶτον πρόσωπον διὰ τοῦ ο, τὸ δὲ δεύτερον διὰ τῆς ου"
alpha%22y2505,"ἀφειλόμην ἐν τῷ ο, καὶ ἀφείλου καὶ ἀφείλετο ἐν τῷ ε"
alpha%22y2506,ἀφεὶς καὶ ἀπαλλάξας
alpha%22y2507,ἀφεῖτε
alpha%22y2508,ἀφειδία
alpha%22y2509,ἀφειδήσας
alpha%22y2510,ἀφεδρών
alpha%22y2511,ἀφέμενον
alpha%22y2512,ἀφέξει
alpha%22y2513,ἀφέξομαι
alpha%22y2514,ἀφέσθαι
alpha%22y2515,ἀφέσται
alpha%22y2516,ἀφ’ ἑστίας
alpha%22y2517,ἀφετηρία
alpha%22y2518,ἀφελές
alpha%22y2519,ἀφελοῦ
alpha%22y2520,ἀφεῖσαν
alpha%22y2521,ἀφεῦσαν
alpha%22y2522,"ἀφ’ ἑσπέρας, οὐκ ἀπ’ ἐσπέρου, λεκτέον"
alpha%22y2523,ἀφεῦσαι
alpha%22y2524,ἀφεψιαίμην
alpha%22y2525,ἀφείκατο
alpha%22y2526,ἀφεωκέναι καὶ ἀφεώκαμεν
alpha%22y2527,ἁφή
alpha%22y2528,ἀφηβηκότι
alpha%22y2529,ἀφήλικα
alpha%22y2530,ἀφηνιαστής
alpha%22y2531,ἀφήκοντος
alpha%22y2532,ἀφήκειν
alpha%22y2533,ἄφθιτον
alpha%22y2534,ἄφθονα
alpha%22y2535,ἄφθογγος
alpha%22y2536,ἄφθα
alpha%22y2537,ἀφῖγμαι
alpha%22y2538,ἀφίει
alpha%22y2539,ἀφίκετο
alpha%22y2540,ἀφῖκται
alpha%22y2541,ἀφιματῶσαι
alpha%22y2542,ἀφίλητος
alpha%22y2543,ἀφιλασαμένη
alpha%22y2544,ἀφιλία
alpha%22y2545,ἀφιοῖ
alpha%22y2546,"ἀφίημι καὶ ἀφίεμι ἑκατέρως προφέρονται, καὶ συστέλλοντες καὶ ἐκτείνοντες τὴν δευτέραν συλλαβήν"
alpha%22y2547,ἄφιππος
alpha%22y2548,ἀφιλότιμος
alpha%22y2549,ἀφλοισμός
alpha%22y2550,ἄφλαστα
alpha%22y2551,ἀφνειός
alpha%22y2552,ἄφοδον
alpha%22y2553,ἀφοσιούμεθα
alpha%22y2554,ἀφοσιούμενος
alpha%22y2555,ἀφοσιώμενοι
alpha%22y2556,ἀφοσιώσασθαι
alpha%22y2557,ἀφοσιώσας
alpha%22y2558,ἀφοσίωσις
alpha%22y2559,ἀφοσιῶ
alpha%22y2560,ἀφοσιώσεται
alpha%22y2561,ἀφόρητον
alpha%22y2562,ἀφορμή
alpha%22y2563,ἀφοδεῦσαι
alpha%22y2564,ἀφοριζόμενος τὸν λόγον
alpha%22y2565,ἀφράσμων
alpha%22y2566,Ἀφροδίτης
alpha%22y2567,ἀφραίνει
alpha%22y2568,Ἀφροδίσιον
alpha%22y2569,ἀφρόνη
alpha%22y2570,ἀφραδέως
alpha%22y2571,Ἀφροδισία ἄγρα
alpha%22y2572,Ἀφρόδιτος
alpha%22y2573,ἀφύα ἐς πῦρ
alpha%22y2574,ἀφύα καὶ ἀφύη
alpha%22y2575,Ἀφύας
alpha%22y2576,ἀφύας
alpha%22y2577,ἀφυβρίσαι
alpha%22y2578,ἄφυκτον
alpha%22y2579,ἀφυπνισθῆναι
alpha%22y2580,ἀφυσμός
alpha%22y2581,ἀφύσσων
alpha%22y2582,ἀφωπλίζοντο
alpha%22y2583,ἀχανεῖς
alpha%22y2584,ἀχανής
alpha%22y2585,ἀχαριστεῖν
alpha%22y2586,ἀχαριστῆσαι
alpha%22y2587,ἀχαρίστους
alpha%22y2588,ἄχαρις
alpha%22y2589,ἀχαριστία
alpha%22y2590,Ἀχαία
alpha%22y2591,ἀχάνη
alpha%22y2592,ἀχαρνώς
alpha%22y2593,ἀχείρωτον
alpha%22y2594,Ἀχέρων
alpha%22y2595,ἀχηνία
alpha%22y2596,Ἀχιλλεία
alpha%22y2597,Ἀχιλλείων
alpha%22y2598,Ἀχίλλειοι
alpha%22y2599,Ἀχίλλειοι κριθαί
alpha%22y2600,ἄχθεται
alpha%22y2601,ἀχθηδών
alpha%22y2602,ἄχθος
alpha%22y2603,ἀχθοφόρον
alpha%22y2604,ἄχθομαι αὐτοῦ τῷ ῥύπῳ
alpha%22y2605,ἀχλύς
alpha%22y2606,ἄχναι
alpha%22y2607,ἄχνη
alpha%22y2608,ἄχος
alpha%22y2609,ἄχνη πυρός
alpha%22y2610,ἀχῶρα
alpha%22y2611,ἀχόρευτος
alpha%22y2612,ἄχραντον
alpha%22y2613,"ἄχρι, ἄχρις"
alpha%22y2614,ἀχρειόγελως ἄνθρωπος
alpha%22y2615,ἀχρώματος
alpha%22y2616,ἀχράς
alpha%22y2617,ἀχράδας τὰς ἀχέρδους λέγουσιν
alpha%22y2618,ἄχρηστος
alpha%22y2619,ἀχυρμιαί
alpha%22y2620,ἀχών
alpha%22y2621,ἄχρι κόρου
alpha%22y2622,ἁψαμένη
alpha%22y2623,ἀψαύστως
alpha%22y2624,ἁψῖδες
alpha%22y2625,ἁψίς
alpha%22y2626,ἄψαυστον
alpha%22y2627,ἀψάλλακτον
alpha%22y2628,ἀψευδία
alpha%22y2629,ἀψεφές
alpha%22y2630,ἁψίκορος
alpha%22y2631,ἁψιμαχία
alpha%22y2632,ἁψιμεσία
alpha%22y2633,ἀψοφητί
alpha%22y2634,ἄψ
alpha%22y2635,ἄψορροι
alpha%22y2636,ἄωρον
alpha%22y2637,ἄωρτο
alpha%22y2638,"ἀωρί, ἀωρία"
alpha%22y2639,ἄωροι πόδες
alpha%22y2640,ἀωρόλειος
alpha%22y2641,ἄωτον
alpha%22y2642,ἀωτεύειν
