1,ἀβαδής
2,ἀβαθμίδοτος
3,ἄβακος
4,ἀβακίτης
5,ἀβασιλευσία
6,ἀββαδόπουλος
7,ἀβερτή
8,ἀβῆνα
9,Ἀβήναρος
10,ἀβιτώριον
11,ἀβλεπέω
12,ἀβλάκευτος
13,ἀβοηθήτως
14,ἁβροδιαιτέω
15,ἄβρωτος
16,ἀβστινατίων
17,ἄβυρσος
18,ἀβυσσοτόκος
20,ἀβόρατος
21,ἀγαθημερία
22,ἀγαθοδωρία
23,ἀγαθοδότις
24,ἀγαθοδότως
25,ἀγαθοεξία
26,ἀγαθοεργικός
27,ἀγαθοεργέτις
28,ἀγαθοεργής
29,ἀγαθοσύνη
30,ἀγαθοτρυφία
31,ἀγαθουργικῶς
32,ἀγαθουργῶς
33,ἀγαθοέργημα
33,ἀγαθούργημα
34,ἀγαθοήθως
35,ἀγαθόδωρος
36,ἀγαθότυπος
37,ἀγαθώνυμος
38,Ἀγαθώνυμος
39,ἀγαλλιασμός
40,ἀγαλλίασμα
41,ἄγαλμα
42,ἀγαλματικός
43,ἀγαλματογλύπτης
44,ἀγαλματοθήκη
45,ἀγαλματοποιία
46,ἀγαλματόω
47,ἀγαπητρίς
48,ἀγαπήτρια
49,ἀγαργάλιστος
50,ἀγγελῖται
51,ἀγγελιότης
52,ἀγγελοθεία
53,ἀγγελοφάνεια
54,ἀγγελοχαρμόσυνος
55,ἀγελαιαστός
56,ἀγεντισηρίβους
57,ἀγερωχέω
58,ἁγιοδρόμος
59,ἁγιοκατήγορος
60,ἁγιοπαράδοτος
61,ἁγιοχορεία
62,ἁγιόβατος
63,ἁγιόπρακτος
64,ἁγιώνυμος
65,ἀγκαλιδοπώλης
66,ἀγκιστρευτής
67,ἀγκυλογνώμων
68,ἀγκυρογαλατία
69,ἀγκυρογαλάτης
70,ἀγλαοφανής
71,ἀγλωσσοχαρίτως
72,ἀγλάτιον
73,ἁγνικῶς
74,Ἀγνοητής
75,ἄγνωμος
76,ἀγογγυσία
77,ἀγονυκλίτης
78,ἅγος
79,ἀγραμματεύω
80,ἀγραμματίκευτος
81,ἀγραυλίζω
82,ἀγραφία
83,ἀγρῆιον
84,ἀγριηνός
85,ἀγριολειχήν
86,ἀγριόφθαλμος
87,ἀγράρεα
88,ἀγράριον
89,ἀγυοτόμητος
90,ἀγυρμός
91,ἀγχιθανής
92,ἀγχίστερος
93,ἀγωνιστήρ
94,ἀγάθεια
95,ἀγένειος
96,ἀγόρευμα
97,ἀγώγημα
98,Ἀδαμιαῖος
99,Ἀδαμά
100,ἀδαπανήτως
101,ἀδβοκᾶτος
102,Ἀδελφιανοί
103,ἀδελφογαμέω
104,ἀδελφομητρότεκνον
105,ἀδελφοποιία
106,ἀδελφοπάτηρ
107,ἀδελφοτεκνοφθορέω
108,ἀδελφότεκνος
109,ἀδεφένδευτος
110,ἀδείλαντος
112,ἀδηληγάτευτος
114,ἀδημοσιεύτως
116,ἀδιαλήκτως
117,ἀδιασκέδαστος
118,ἀδιαστάλτως
120,ἀδιατίμητος
121,ἀδιαφθορία
122,ἀδιαφοροδιχρονιστής
123,ἀδιαφοροδίχρονος
124,ἀδιαφόρησις
125,ἀδιαψήφητος
126,ἀδιευκρινήτως
127,ἀδιψία
128,ἀδιάπτυκτος
130,ἀδνούμιον
131,ἀδογμάτιστος
132,Ἀδριανισταί
133,Ἁδριανονίκης
134,Ἁδριάνειος
135,ἄδρωπος
136,ἁδρύζω
138,ἀδίκησις
139,ἀδύναμαι
140,ἀειαμετάβλητος
141,ἀεικύμαντος
142,ἀειπαγής
143,ἀειπαρθενεύω
144,ἀεισφαλής
145,ἀειχαρής
146,ἀειχείμαστος
147,ἀεναΐζω
147,ἀενναΐζω
148,ἀεροτηρία
150,ἀείπαις
151,ἀείψευστος
152,ἀζυγοστάτητος
153,ἀηδιστής
154,ἀθαμαντικός
155,ἀθελής
156,ἀθεάφθειος
157,ἀθλοθέτημα
158,ἀθλοπρεπῶς
159,ἀθλοφορικός
160,ἀθλοφορέω
161,ἀθλοφόρημα
162,ἀθριάμβευτος
164,αἰθαλίζω
165,αἰθεροδρομέω
166,αἰθερολογία
167,αἰθεροτρόμος
168,αἴθμη
169,αἴκισις
170,αἱμαλωπία
171,αἱματοχυσία
172,αἱματίζω
173,αἱμοβορία
174,αἱμοθυσία
175,αἱμοποτέω
176,αἱμοστολίς
177,αἱμοχυσία
178,αἰνοδράκων
179,αἰνοσοφιστής
180,αἰνοσίθρησκος
181,αἰνοτύραννος
182,αἰπυβόης
183,αἰσθητήριον
185,αἰσυλόθρησκος
186,αἰσυλόμητις
187,αἰσχρολόγημα
188,αἰσχροπραγμοσύνη
189,αἰσίωμα
190,αἰχμαλοσιάζω
191,αἰωνογόνος
192,ἀκαλλίς
193,ἀκαλύπτως
194,ἀκατακαλύπτως
195,ἀκαταλήρητος
196,ἀκαταναγκάστως
197,ἀκατανοήτως
198,ἀκινδυνώδης
199,ἀκκουβιτᾶρις
200,ἀκκούβιτος
203,ἀκέδουκτος
204,ἀκόνιτον
205,ἀλαβαστροπώλης
206,ἀλαλύσσω
207,ἀλανής
208,ἀλγέω
210,ἀλκεωτίς
211,ἀλληλούχως
212,ἀλλοτριοεπίσκοπος
213,ἀλάλυγξ
214,ἀμαυρωτικός
216,ἀμβλυωπαθής
218,ἄμβυξ
219,ἀμελητικῶς
220,ἄμιλλυξ
221,ἀμμισκόμιστος
222,ἀμπούλλη
223,ἀμπούλλιον
224,ἀμπέλιον
225,ἀμφιγύης
226,ἀμφοτερισμός
227,ἀμφυλάω
228,ἀναβλυστικῶς
229,ἀνακαλύπτως
230,ἀνακομιστικός
231,ἀνακομιστής
232,ἀναμφισβητήσιμος
233,ἀναπολάω
235,ἀναπίεσις
236,ἀνασεισίφαλλος
238,ἀναέριος
239,ἀνδροβάτης
240,ἀνδρογύνως
241,ἀνδροκοίτης
242,ἀνδροκέφαλος
243,ἀνδροφόρος
244,ἀνεμπεριβόλως
245,ἀνεξάρπαστος
246,ἀνεπικαλύπτως
247,ἀνεπικρύπτως
248,ἄνερμα
250,ἀνθρωποθύτης
251,ἀνθρωπολογῶς
252,ἀνθυλοπράτης
253,ἀνθυλοπράτισσα
254,ἀνομβρητικός
255,ἀνοσιεύομαι
257,ἀντιδικαιλογέω
258,ἀντικωλυτέον
259,ἀντικύριος
260,ἀντιπάλαμνος
261,ἀντροφύλαξ
263,ἀξιοδόξαστος
264,ἀπανδρειόω
265,ἀπειράνδρως
266,ἀπερικόσμητος
267,ἀπερυκάνω
268,ἀπείρανδρος
269,ἀπηγορευμένως
270,ἀπημελημένως
271,ἀπημφιασμένως
272,ἀπηρυθριασμένως
273,ἀποβουκόλημα
274,ἀποβρυχίος
275,ἀπογομωτής
276,ἀποδιόρθωμα
278,ἀπομύζουρις
279,ἀποπρωτήκτωρ
280,ἀποσπερματόω
281,ἀποστυγνάζω
282,ἀποτηγανίζω
283,ἀποτριτεύω
284,ἀποφθεγματικῶς
286,ἀπήγυτος
287,ἀπόθραυμα
288,ἀπόστιλψις
289,ἀραιάκις
290,ἀρβελλάριον
291,ἀρηκτικός
292,ἀριστολύρης
293,ἄρκτος
295,Ἁρπαλύκεια
296,ἀρρενοτόκος
297,ἀρρενοφρόνως
298,ἀρσενοβάτης
299,ἀρτοκολλητής
300,ἀρτοχόρηγος
301,ἀρτυτοπώλης
302,ἀρχιεραρχέω
303,ἀρχινεανίσκος
305,ἄσβετος
306,ἀσπλάγχνως
307,ἀσταθέω
308,ἀστεροσκοπικός
309,Ἀστική
310,ἀστροβολησία
311,ἀστροθέτημα
312,ἀσφαλτοπράτης
313,ἀσχάλασμα
314,ἀσύλληπτον
315,ἀτιμαγέλως
317,αὐστηροπρόσωπος
318,αὐταρκοτροφέω
319,αὐτοβουλήτως
320,αὐτοκαύδαλος
321,αὐτοκιβδήλως
322,αὐτουργικῶς
324,αὐτόμαχος
325,αὐχηματικῶς
329,ἀφλέγμων
330,ἀφούλωσις
331,ἄφρισμα
332,ἀφροδισία
333,ἀφροδίτη
334,ἀφροντισταίνω
335,ἀφρύξ
336,ἀχειμάστως
337,ἀψεύστως
338,ἄωπος
339,ἄωψ
340,βαλβίς
341,βαλάνιον
342,βαμβακερός
343,βαμβάκινος
345,βαρδόσημος
346,βασίλειον
347,βδελυρωπός
348,βεστιάριος
349,βηξιλλατίων
350,βηχικός
351,βιβρώσκομαι
352,βλαταγίζω
353,βλαττόω
355,βλέτυς
356,βλίτυξ
359,βοκάλιος
360,βολβός
361,βολουντάριος
362,βορός
363,βουθύω
364,βουτροφέω
365,βοόζυξ
366,βρύσις
367,βυσμός
368,βωλοστροφικός
369,βάρβαρος
370,γαλακτότης
371,γαλατάχροος
372,γαλλικόν
373,γαστρέω
374,γεγεμισμένως
375,γεροντόδερμος
376,γεροντόπαις
377,γεράσκω
378,γερός
379,γεφυριστής
380,γεφυρίς
381,γλαῦκος
383,γλυμμός
384,γνάψιμος
385,γογγυλόρυγχος
386,γοναγρός
387,γονυπετῶς
388,Γορδιοτειχίτης
389,Γορδίου τεῖχος
390,γρηγορούντως
391,γρηγόρως
392,γύαλον
393,γόμφος
394,δαιμονιόω
395,δαιμονοποιός
396,δαιμονέω
397,δακνίζω
400,δακρυρρόως
401,δαπανίζω
402,δαφνοστεφής
403,δεδακρυμένως
404,δεδολιευμένως
405,δεδώνη
406,δεινοπαθῶς
407,δειπνοπίθηκος
408,δεκανομέω
409,δεκαχρονίζω
410,δεκάργυρος
411,δερματίκιν
412,δευσοποιῶς
413,δευτεροβαθρέω
414,δηγματικῶς
415,δημογραμματεύς
416,δημοκρατορικός
417,δημοκράτωρ
418,δημοσάριος
419,δηφηνσώριος
420,διαβασκαίνω
421,διαγωγίμος
422,διαδέλλω
424,διαπλευρισμός
425,διαραίω
426,διαχρησμῳδέω
427,διερμηνεύω
429,διπλωμάτιον
430,διπτυχίζω
431,δισκοειδής
432,διφθόγγισμα
433,διφρουλκία
434,διχονίον
435,διάθεσις
436,διάκλυσις
437,διάκρασις
438,δνοπάλιξις
439,δοκικῶς
440,δομεστικός
441,δορατοδόκη
442,δορκάζω
443,δουρατοδόχος
445,δρομαρχέω
447,δυναμωνυμία
448,δυναστρία
449,δυνατεύω
450,δυσδιαπόρευτος
452,δυσιάτως
453,δυσκλήρωμα
454,δυσκολέω
455,δυσμηχάνως
456,δυσουρητικός
457,δυσπαράκλητος
458,δυσπενθῶς
459,δυσπνέω
460,δυσπέπτως
461,δυσωδῶς
462,δυσωδέω
463,δάγκασμα
464,δίκεντρος
465,δύσθρησκος
466,ἐγγίσωμα
468,ἐγκλάζω
469,ἐγκοιλάομαι
470,ἐγκρέμαμαι
471,ἐγκυανίζω
472,ἔγκυρμα
473,εἰδαίνω
474,εἴελος
475,εἰκοστόμονος
476,Εἰσαπόλλων
478,ἐκβασιλίζομαι
479,ἐκβατικός
480,ἐκβλυστάνω
481,ἐκβραχύπλουτος
482,ἐκδικαστής
483,ἐκδικέω
484,ἐκθέω
485,ἐκκυλίσμα
486,ἐκπλεονεξία
487,ἐκπτύσσω
488,ἐκπυΐσκω
489,ἐκτρίτωσις
490,ἐλαιοποιέω
491,ἐλαιοπράτισσα
492,ἐλαιοπωλέω
493,ἐλαιοπώλισσα
494,ἐλαιουργικός
495,ἐλαιοφοινικών
496,ἐλαιούργισσα
497,ἐλαιόπωλις
498,Ἐλήγηρις
498,Ἐλλήγηρις
499,ἔμβυσμα
500,ἐμμυστήριος
502,ἔμφυτος
503,ἐναποσφάζω
504,ἐνδιατρέχω
505,ἐνθεασμός
506,ἐνθρονισμός
507,ἐνταλματικῶς
508,ἐνταράχως
509,ἐντεύχω
510,ἔντμησις
511,ἐντάραχος
512,ἑξακισχιλιοστός
513,ἐξαναπηδάω
514,ἕξις
515,ἐξοδοντίζω
516,ἐξομοίωμα
517,ἐξορίζω
518,ἐξορύσσω
519,ἐξοχέτευμα
520,ἔξωσις
521,ἐπακολουθήτρια
522,ἐπανασύρομαι
523,ἐπεγκοτέω
524,ἐπεργεία
526,ἐπικυβιστεύω
527,ἐπικυβιστάω
529,ἐπιπαιδειάζω
530,ἐπιπαίζω
531,ἐπισκεπάω
532,ἐπισκωμματικῶς
533,ἐπισκήνωμα
534,ἐπισοβαρέυομαι
535,ἐπιστολαφορία
536,ἐπιστέφιος
537,ἐπιτηδειότης
538,ἐπιτιτρώσκω
539,ἐπιτρυλλόω
540,ἐπιχείρημα
541,ἐποικιοφύλαξ
542,ἑπτακελλάριον
543,ἑπτάπολος
544,ἑπτάχρωμος
545,ἐπάγω
546,ἐπίπεδον
547,ἐπόρεκτος
548,ἐριπόρφυρος
549,ἐριόξυλον
550,ἐριόξυλος
551,ἑρπέτιον
552,ἐρυθροποιός
553,ἐσοβημένως
554,ἐσταθμισμένως
555,ἑτερεγκεφαλέω
556,ἑτεροκρανικῶς
557,ἑτεροφρονέω
558,εὐαγγελής
560,εὐβαδής
561,εὐδόξημα
562,εὐειματία
563,εὐεργετίζω
564,εὔζωμος
565,εὐκρατύνω
567,εὐοδεύω
568,εὔοινος
569,εὐπαρέδρως
571,εὐσαρκέω
572,εὔσκευον
573,εὔστοχος
575,εὐχρονίζω
576,εὐάκουστος
577,εὐόδωμα
578,ἑφθιοπώλης
579,ἐφόπλισις
580,ἑόρτημα
582,ζεφυρώδης
584,ζηλευτής
587,ζητουμένως
589,ζυτόπωλις
590,ζῳοθρέμμων
591,ζωπυρίζω
592,ζάβορος
593,ζέως
594,ζώνη
595,ἡγιασμένως
596,ἠγκαλισμένως
598,ἠκριβολογημένως
599,ἡλιοφανής
600,ἡμικότυλον
601,ἦνοψ
602,ἦπαρ
603,θαλασσόμικτος
606,θανατήσιμος
607,θανατήσιος
608,θεαγεία
609,θεοστυγῶς
610,θεοφρόνως
612,θερμαγωγός
613,θεσπῳδός
614,θεωνυμικός
615,θεωνυμία
616,θεόφραστος
617,θηραγρεσίη
619,θηριόεις
620,θοιναρμόστρια
622,Θυατειρηνός
623,θυοσκινέω
624,θυράνοιξις
625,θυσκίον
626,θυσσάς
627,Θωσυθιάς
628,ἰδιοβούλως
629,ἰδιοπραγμονέω
630,ἰδιοπροσώπως
631,ἱεροεθνής
632,Ἱεροκαισάρεια
633,ἱερομνημοσύνη
634,ἱερομύστις
635,ἱεροσαγηνίτης
636,ἱεροτελέω
637,ἱεροτελής
638,ἰηλενής
641,ἰνάριον
642,ἰξωδῶς
643,ἰουδικιάλιος
644,Ἴρασα
645,Ἰσαπόλλων
646,ἰσικιοπώλης
647,ἰσοδουλικός
648,ἰσοδυνάμως
649,ἰσοθέλυμνος
650,ἰσοκάρδιος
651,ἰσομερινός
652,ἰσομοίρως
653,ἰσορρεπῶς
654,Ἴστρος
655,ἴσωρος
656,ἰχθυοπράτης
657,Ἴχμαι
658,Ἰχμαῖος
659,ἰχναίνω
660,ἰόβολος
661,καθαρτικῶς
662,καθυποπίπτω
663,καθάρτρια
664,καθέδρος
665,καθίππαξις
666,καιμιοπώλης
667,κακοπότμως
668,κακοτερπής
669,κακόχρηστος
670,καλλοποιέω
671,καλοσχηματίστης
672,καλουμνία
673,καλυβᾶς
674,καμαρεύω
675,καματεύω
676,καμπυλιάζω
677,κανναβόσπερμα
678,καπνισμός
679,καπνίζω
680,καπρίφικος
681,καρδία
682,καστελλίτης
683,καταιονίζω
684,κατακρυβῇ
686,καταμάργαρος
687,καταμάω
689,κατανθρακεύω
690,καταχρεμετίζω
691,κατεμπατέω
692,κατενστάζω
693,κατενωπαδόν
694,κατεπιφύομαι
695,κατερωτάω
697,κατηχήεις
698,κατάβρωσις
699,κατάγνυμι
700,κατάζωσις
701,κατάρτιν
702,καυνακοπράτης
703,κερνοφορέω
704,κηρόω
705,κισσόφυτον
706,κλαυθμυρικῶς
707,κλῃδουργός
708,κλίενς
709,κνυζόω
710,κνίφη
711,κογνιτίων
712,κοιμητικός
713,Κοιντιλιανός
714,κολλεκτάριος
715,κολλυριάζω
716,κολοιός
717,κολοστόμαχος
718,κολωνός
720,κολόβριον
721,κομιτατήσιος
722,κομήτισσα
723,κονδόρις
724,κοντόρινος
725,κορρήκτωρ
726,κοσμοκτίστωρ
727,κοσμοφορός
729,κουριῶσος
730,κούβικλον
731,κούμουλον
732,κραδησίτης
733,κρησφύγιον
734,κροκοδιλία
735,κρομβυοπώλης
737,κροῦσμα
738,κτηματικῶς
739,κυαμωπώλης
740,κυαμωπώλισσα
742,κυκλοπρεπῶς
744,κυμβαληφόρος
746,κυπριανίζω
747,κυπριάζω
748,κυσθεγλείχω
749,κυσθοκορώνη
750,κυσοβάκκαρις
751,κυσοδακνιάω
752,κυσονίπτης
753,κυσοχήνη
754,κῶδυξ
755,κωδωνισμός
756,κωδωνίζω
758,κωλικός
759,κωλυτικῶς
760,κωματωδῶς
762,κωτίλως
763,κάλχεος
764,κάπρα
765,κάρη
766,κάρμινα
767,κέχεδρον
768,κύρις
770,κόλπος
772,λαζοῦριν
773,λαθιμέρμερος
774,λαθροπόνηρος
775,λαθρίως
776,Λαιμοκύκλωψ
777,λαιῶς
778,λαμπαδώδης
779,λαμπροψυχία
780,λαμπρόφλογεος
781,λαμπρόχρους
782,λαμπάνω
783,λαξολατόμος
784,λαπιδόρχας
785,λατρευτικῶς
786,λατρευτῶς
787,λαχανικός
788,λεκτῶς
789,λευκασία
791,λευκοειδής
792,λευκομέτωπος
793,λευκωμάτιον
794,λευκίζω
795,λευκόκροκος
796,λευκόσωμος
797,λευρῶς
798,ληθαργικῶς
799,ληθοποιός
800,ληπτῶς
801,ληρωδῶς
802,λιβανοπώλης
803,Λιβυαφιγενής
804,λιγύτης
805,λιθοβολικός
806,λιθοβάλλω
807,λιθογλυφικός
808,λιθογραφημένη
809,λιθοκτονέω
810,λιθολαμπής
811,λιθολεύστησις
812,λιθοποιέω
813,λιθοπυρίτης
814,λιθοσύνθετος
815,λιθοτμήτος
816,λιθοτέκτων
817,λιθόσπορον
818,λιθόψυχος
820,λινοπώλης
821,λινόμιτος
822,λιπαροβώλαξ
823,λογαδικός
824,λογχοβολέω
825,λοιδορητικῶς
826,λοιμωδῶς
827,λούπα
828,λυμαντικῶς
829,λυσσωδῶς
830,λωπάς
831,λάρυξ
832,λέντιος
834,μαγιστρότης
835,μαγκιπευτική (τέχνη)
836,μαγκιπεύω
837,μαγουσαῖος
838,μαζάρυγξ
839,μακροζωΐα
841,μακρόζωος
843,μανδρεῖον
844,μανδροτραφής
845,μανδάτωρ
846,μανιπλάριος
847,μανίπλα
848,μανίπλοι
849,ματρικάριος
850,ματρωνίκιον
851,μεγαλοκινδύνως
852,μεγαλοπόρως
853,μεγαλόπορνος
854,μεγαλόπορος
856,μελιδάριον
858,μελικηρίδιον
859,μελιτήριον
860,μελιχροειδής
861,μελιχροποιέω
862,μελάνθραξ
863,μελίβιον
864,μελίγαλα
865,μελίκταινον
866,μελίξανθος
867,μελίοσμον
868,μεριστός
869,μεσηλικιότης
870,Μεσημβριανός
871,μεσημερινός
872,Μεσοποταμηνός
873,Μεσοποταμινός
874,μεταξυλαβέομαι
875,μεταξυλογέω
876,μεταξυμβαίνω
877,μεταξωτός
878,μεταξίον
879,μεταπεριάγω
880,μηδικός
881,μηνίσκια
882,μητριότης
883,μητρωνυμικῶς
884,μητάτωρ
885,μηχανία
886,μηχανίζω
887,μηχάνευσις
888,μιαρόθρησκος
889,μιθράριος
890,μικροκινδύνως
891,μικρολυπία
893,μισσυνή
894,μιτρανάδεσμος
895,μοδεράτωρ
897,μοιρικός
898,μολόχιον
899,μονοφθέγγομαι
901,μονότευχος
902,μονόχλαινος
903,μονόχωρον
904,Μονόχωρος
905,μοσχοπώλης
906,μοτοποιός
907,μουγκρίζω
908,μουκίζω
910,μουλικός
911,μουνικίπιον
912,μουστάρια
913,μουστάριος
914,μουσωτής
916,μυλωνίον
918,μυροπράτης
919,μυρτοπώλης
920,μυσταρχικῶς
921,μυσταρχικός
922,μυσταρχία
923,μυστηλασία
924,μυστάρχης
925,μάλαθρον
926,μάργαρος
927,μάσσινος
928,μέγεθος
929,μήνσωρ
930,μίσσος
931,μύζουρις
933,νεκροτοκία
934,νεκροφανῶς
935,νεκρέγερτος
936,νεφεληλάτης
937,νεφρικός
938,νεφέλιον
939,νηδυιόφιν
940,νιτροπώλης
941,νοερός
942,νοητός
943,νομογραφεῖον
944,νυκτερικῶς
946,νυκτοειδῶς
947,νωθραίνω
948,νήδυιος
949,νόος
950,νόσφισμα
951,ξενοπαγής
952,ξενοτρόπως
953,ξενότροπος
954,ξεράχωμα
955,ξηροπώλης
956,ξηράς
957,ξοανογλύφος
958,ξυλοβάτης
959,ξυλοκαρπία
960,ξυλοκατάσκευος
961,ξυλολάτρης
962,ξυλομαστίχη
965,ξυλοτομέω
966,ξυλοτορνευτής
967,ξυλάλοχον
969,ξυλόθεος
970,ξύλον
971,ὁδοιοπορία
972,ὁδοιποριστικός
973,ὀδοντοδείκτης
974,ὀδοντόπονος
975,ὁδοστρωτέω
976,ὀθονιάπωλις
977,οἰηματικῶς
978,οἰκοκράτωρ
979,οἰκοκυρεύω
980,οἰκοκυρία
981,οἰκοκύρης
982,οἰκονομητικός
983,οἰκονομήτρια
984,οἰκοτρύβλιον
985,οἰκουροκαθέδριος
986,οἰκόβιος
987,οἰνοβίκη
988,οἰνοπορέω
989,οἰνοπόσις
990,οἰνοχεῖος
991,οἰνότης
992,ὁλαίγειος
993,ὀλιγοδεῶς
994,ὀλιγοεύφραντος
995,ὀλιγοζωία
996,ὀλιγοζώητος
997,ὀλιγοθυμία
998,ὀλιγοκαίρως
999,ὀλιγοκρατεία
1000,ὀλιγοκάματος
1001,ὀλιγοκίνδυνος
1002,ὀλιγομαθῶς
1003,ὀλιγομβρία
1004,ὀλιγοστός
1005,ὀλιγοσχιδής
1006,ὀλιγοσύντυχος
1007,ὀλιγοτρεφής
1008,ὀλιγοφραδής
1009,ὀλιγοφρενίη
1010,ὀλιγοχειρία
1011,ὀλιγοχρηστία
1012,ὀλιγοχώρητος
1013,ὀλιγοάρρωστος
1014,ὀλιγόδακρυς
1015,ὀλιγόθρεπτος
1016,ὀλιγόλογος
1017,ὀλιγόμηκης
1018,ὀλιγόπους
1019,ὀλιγόστευσις
1020,ὀλιγόστευω
1021,ὀλιγόϋλος
1022,ὁλοκότινος
1022,ὁλοκόττινος
1023,ὀλυροκοπία
1024,ὄμβρυσις
1025,ὁμοβίαιος
1026,ὁμογέρων
1027,ὁμοεγκλίτως
1028,ὁμοθέωρος
1029,ὁμοθύμως
1030,ὁμοιοδύναμος
1031,ὁμοιοθέος
1032,ὁμοιοκαταλήπτως
1033,ὁμοιοκλινῶς
1035,ὁμοιομελής
1036,ὁμοιοπληθής
1037,ὁμοιοσύνθετος
1038,ὁμοιοταγής
1039,ὁμοιοτελής
1040,ὁμοιοφωνία
1041,ὁμοιόδοξος
1042,ὁμοιόκεντρος
1043,ὁμοιόλεκτος
1044,ὁμοιόστροφος
1045,ὁμοκοιλίος
1046,ὁμοκάρδιος
1047,ὁμολειόω
1048,ὁμολογίζω
1049,ὁμολάτρης
1050,ὁμομαχία
1051,ὁμονήδυος
1052,ὁμοπλανής
1053,ὁμοπροσκύνητος
1054,ὁμοπρόσωπος
1055,ὁμοπτέρως
1056,ὁμοπάτρις
1057,ὁμοπόρευτος
1058,ὁμοστεγής
1059,ὁμοτρεκής
1060,ὁμοτροπέω
1061,ὁμοφρόντιστη
1062,ὁμοφυής
1063,ὁμοχρόνως
1064,ὁμοχώριος
1065,ὁμόθρηνος
1066,ὁμόκλιτος
1067,ὁμόμοιρος
1068,ὁμόπατρος
1069,ὁμόπεδος
1070,ὁμόπτωτος
1071,ὁμότυχος
1073,ὀνειρολυτέω
1075,ὀνοθήλεια
1076,ὀνομαλάχη
1077,ὀνομάγγων
1078,ὀνίλαμον
1080,ὀξυακάνθινος
1081,ὀξυαλίς
1082,ὀξυγαρίζω
1083,ὀξυδρόμως
1084,ὀξυκέντρος
1085,ὀξυμύρσινος
1086,ὀξυπαθῶς
1087,ὀξυπαθίος
1088,ὀξυπραγία
1089,ὀξυπόρφυρος
1090,ὀξυσθενής
1091,ὀξυσμός
1092,ὀξυστομία
1093,ὀξυφαγία
1094,ὀξυφώνως
1095,ὀξυχολέω
1096,ὀξύγαρι
1097,ὀξύτριχος
1098,ὀπινιάτωρ
1100,ὀρβαροπώλης
1101,ὀρδινατίων
1102,ὀρθόσφυρος
1103,ὁριοκρατορέω
1105,ὀρνιθοπώλης
1106,ὀρνιθοσκοπική (τέχνη)
1107,ὀρνιθοτυφλία
1108,ὀρνιθοτυφλότης
1109,ὀρνιθόμορφος
1110,ὀρνιθόπουλον
1111,ὀροβοπώλης
1112,ὀροβοάλευρον
1113,ὁρογραφία
1114,ὀροδέω
1115,ὁροθέτις
1116,ὀροκωνῖτις
1117,ὅρομα
1118,ὀρόπεζα
1119,οὐηξιλλατίων
1121,οὐσουκαπτίων
1122,οὐσουφρουκτάριος
1123,οὑτωτρόπως
1124,ὀφθαλμοπονέω
1125,ὀφθαλμοπονία
1126,ὀφιοτρόφος
1127,ὀφιοφώνος
1130,παγανεύω
1131,παγγενναῖος
1132,παγγέραστος
1133,παγιδευτικός
1134,παγκράδη
1135,παιγνικῶς
1137,παιγνιωδῶς
1138,παιδοφονέω
1139,παλινζωΐα
1140,παλμωδῶς
1141,παλάριος
1143,παμπράσιον
1144,παμφίλητος
1145,πανευλαβῶς
1146,πανομφεύω
1147,παντευλόγητος
1149,παντοκτίστης
1151,παντομέδων
1152,παντοστεγής
1153,παντοτέκτων
1154,παντόχυτος
1155,πανάϊστος
1156,πανέντιμος
1158,παραδαίμων
1159,παραδεισιάς
1160,παρακολουθήτρια
1161,παραμένομαι
1162,παραπρύτανις
1163,παρασυγγραφή
1164,παραφόρετρον
1165,παρεγγραφή
1167,παρεξοχή
1168,παρφασίη
1169,παράκαυσις
1170,παράλλαξις
1171,παράχορδος
1172,παρέργιον
1173,πασιμέλητος
1175,πατριαρχέω
1176,πατριμώνιον
1177,πατριότης
1178,πατροθεῖος
1179,πατροκινήτως
1180,πατρόθειος
1182,πελεκᾶς
1183,πελιωμάτιον
1184,πελιωπός
1185,πελλοδόχος
1186,πεντακόρυφος
1187,πεντακότυλος
1194,πεπόνιον
1195,περιασπασμός
1196,περιασφαλίζομαι
1197,περιρρινάω
1198,περισσοσαρκία
1199,περιστερόπουλον
1202,περιόριον
1203,πεσσούλιον
1205,πεφορτισμένως
1207,πλατανώδης
1208,πλεομοιρία
1209,πλευρισμός
1210,πλευρά
1211,πλεύρισμα
1212,πληρωτικῶς
1213,πλοκολογία
1215,πλουσιόψυξ
1216,πλουτοποιία
1218,πλάθανος
1220,ποθεινότης
1221,πολυζωία
1222,πολυθαλής
1223,πολυμεριμνέω
1224,πολυμεριμνία
1225,πολυμέριμνος
1226,πολύθριγκος
1228,ποπούλους
1231,πουλικάρια
1232,πριγκίπια
1233,πριμικηράτον
1234,πριμικήριος
1235,πριουᾶτος
1236,προαγνισμός
1237,προαναγγέλλω
1238,προανακύπτω
1240,προβοκάτωρ
1241,προγονοκτόνος
1242,προγόνιον
1243,προδιασκευάζω
1244,προεκσπάω
1245,προηγός
1247,προκέρας
1248,προμετώπιος
1250,προπλαστεύω
1251,προποτίζω
1252,προπόρευμα
1253,προσεπιφορτίζω
1254,προσπελαστικός
1255,προσπελαστός
1257,προσυγχωρέω
1258,προφαντάζω
1259,προφητοφθεγξία
1260,προφητόφθεγκτος
1261,προφητόφθογγος
1263,προχειροφόρος
1264,προώρως
1265,πρωτοευνοῦχος
1266,πρωτοκούρσωρ
1267,πρωτοσασηκρῆτις
1268,πρωτοφόρημα
1271,πρόφρων
1272,πυραυγίζω
1274,πυρρινίζω
1275,πυρήοχος
1277,πωμήριον
1278,πάγκλυτος
1279,πάμπιστος
1281,πένταρχος
1282,πέπτης
1283,πύλος
1284,πύρρινος
1286,ῥεγεωνάριος
1287,ῥεπαρατίων
1288,ῥοδοφορία
1289,ῥυθμέω
1290,ῥυμίον
1291,ῥυμίον
1292,ῥυπαρώδης
1293,ῥυπασμός
1294,σαθάρυγξ
1294,σαιθάρυγξ
1295,σαβουρᾶτος
1296,σαθαρυγά
1297,σακκοπάθνιον
1298,σαλακᾶς
1300,σαλγαμάριος
1301,σατραπικῶς
1302,σᾶτρον
1303,σατυρικῶς
1304,σεβαστῶς
1305,σειγητής
1306,σειληνοκόσμος
1307,σεληνοδρόμιον
1308,σελλοποιός
1309,σενᾶτος
1310,σεπτῶς
1313,σηπόστρακον
1314,σηρικοφόρος
1316,σιδηροφορία
1317,σικυοπώλης
1318,σικχαίνω
1319,σιναμώρως
1320,σιπποϊνοπώλης
1321,σιπποποιός
1322,σιτικῶς
1324,σιτόφακον
1326,σιωπητικῶς
1327,σκαμβευτής
1328,σκαμβεύω
1329,σκαμβάλυξ
1330,σκανθαρίζω
1331,σκαφάβαξ
1332,σκαφόπρῳρος
1333,σκελετοποιέω
1335,σκιαγραφικῶς
1336,σκιμαλίζω
1337,σκιοειδῶς
1338,σκιρτητικῶς
1339,σκνιπή
1340,σκομβρίζω
1341,σκοτοματικῶς
1342,σκοτωματικῶς
1344,σκάμβωσις
1345,σκίμαλλος
1346,σμερδαλέως
1347,σολοικοειδῶς
1349,σπαθαρικός
1350,σπεκλάριον
1351,σπληνίας
1352,σπογγοειδῶς
1353,σποραδικῶς
1354,σπάθιον
1355,σταδίως
1356,σταδόν
1358,στασιάρις
1359,σταυροπαγής
1360,σταυροχαρής
1361,σταφυλίς
1362,σταφίδιον
1363,στενοχώρως
1364,στερκτικῶς
1365,στηλογράφησις
1366,στηλάριον
1367,στιπένδιον
1368,στρατηλατιανός
1369,στρεβλῶς
1370,στρεβλωτικός
1371,στράτα
1372,στυγνῶς
1373,στυπάζω
1375,συγγαμέω
1377,συγκεραστικός
1378,συγκληρικός
1379,συγκρίτως
1380,συγχυτικῶς
1381,συλλαυρίτης
1382,συμβολικῶς
1384,συμμερισμός
1385,συμπαθητικῶς
1386,συμπαρθενεύω
1387,συμποσιαστικός
1388,συμφανῶς
1389,συμφορητικός
1390,συμφυόμενος
1391,συμφύτως
1392,συναθλητής
1393,συναιρετικῶς
1394,συναφιερόω
1395,συνδιεξάγω
1396,συνηγεμονικός
1397,συνθήμων
1399,συνομόφυλος
1400,συνονομάζω
1402,συνταριχεύω
1404,συνέγδαμος
1405,συοπώλης
1407,σφενδονικός
1408,σφοδροτάτως
1409,σφραγίζομαι
1410,σφάλαξ
1411,σχετλιάσις
1412,σάμβαθον
1414,σέμεστον
1415,σύγκαυσις
1417,σύνθημα
1418,ταβερναρία
1421,ταραχίζομαι
1422,ταριχοπράτισσα
1423,ταυροκέφαλος
1424,ταὐτωνυμία
1426,ταχυπνοέω
1427,ταχύρεμβος
1428,ταχύχειρ
1429,τειρωνολογέω
1430,τεκνοδότης
1431,τεκνοσπορικός
1432,τεκνοσπορέω
1433,τελεσιουργικῶς
1434,τεραστικῶς
1436,τερψίθυμος
1437,τεταρτοπώλης
1438,τετελειωμένως
1439,τετεχνασμένως
1440,τετραυλάκτης
1441,τετρακύων
1443,τετραφύλακος
1444,τετράφυλλος
1445,τετράχροος
1446,τετράχρωμος
1447,τείρων
1448,τζιμούριον
1449,τμητήριον
1451,τοιχοβάτης
1452,Τραγιλεύς
1453,τριβακόομαι
1454,τρικάμαρος
1456,τριμόδιον
1457,τρυγωνίζω
1458,τράξ
1459,τυμβωρυχική (τέχνη)
1461,τυροπρατέω
1462,τυρόπωλις
1463,τυφομανής
1464,τάρχεα
1465,τέλεστρα
1466,ὑαλοπώλης
1467,ὑβριστήριος
1471,ὑλομενής
1473,ὑπεραρρήτως
1474,ὑπερεκπερισσῶς
1475,ὑπερπολεμέω
1476,ὑποβλεμματικῶς
1477,ὑπογαργαλίζω
1480,ὑποδιαρρέω
1481,ὑπολαζούριος
1483,ὑποπικρίζω
1485,ὑποστοχάζομαι
1486,ὑποστάθμη
1487,ὑποτερετίζω
1488,ὑπέρπαχης
1489,ὑπό
1493,φαβουλώνια
1494,φακοπράτης
1495,φακοπώλης
1496,φαλσεύω
1497,Φαναγορείτης
1498,Φαναγορεύς
1501,φαυλοδιδάσκαλος
1502,φαυλοποιός
1503,φαυλόδοξος
1504,φεραλλήλως
1506,Φιδηναῖος
1507,Φιδηνάτης
1508,φιληματικῶς
1511,φιλοκονίμων
1516,φιλάγγελος
1519,φολίδωμα
1520,φράζω
1521,φρύνινον
1523,φυσίχοος
1525,Φωλευτήριος
1527,φωνάζω
1529,φωτοβολία
1530,φωτοβόλημα
1532,φωτοφαής
1533,φωτοχυσία
1535,φίκις
1536,Φύλλις
1537,φόλλις
1539,χαλκοπράτης
1540,χαλκοτυπής
1541,χαλκόστεγος
1543,χαριτόω
1546,χαρμολύπως
1547,Χαρυβδηδόν
1549,χειροψέλιον
1551,χερσοπαράδεισος
1553,χιλιάγρα
1554,χιονοφεγγής
1556,χιονόφεγγος
1559,χλέμα
1560,χλίος
1561,χοιροθυσία
1562,χοιρότριψ
1566,χρησιανός
1567,χριστιανόφρων
1568,χριστοδόκος
1569,χριστοφονία
1570,χριστύβρις
1571,χριστόφατος
1574,χρυσάντυγος
1575,χρυσάντυξ
1578,χυμευτής
1579,χυτροπώλης
1580,χωματεπιμελητεία
1581,χωρητικόν
1582,ψαλμοφόρος
1584,ψαλμῴδης
1585,ψαλμῳδῶς
1586,ψαλτῴδημα
1587,ψαχνός
1588,ψευδαδελφία
1590,ψευδερημίτης
1592,ψευδοδιδασκαλέω
1593,ψευδοδιογένης
1595,ψευδοδάκτυλος
1596,ψευδοδίκτειον
1597,ψευδοπρεσβύτερος
1598,ψιδράκια
1599,ψυαλγία
1600,ψυχρίς
1601,ψύδραξ
1603,ὠκυποδέω
1604,ὠκυποδία
1605,ὠκυπόδως
1608,ὠλεσίγυιος
1609,ὠλεσίπατρις
1610,ὠλεσίσκαφος
1611,ὠλεσίτειχος
1612,ὠμοπλατικός
1616,κοπρηγέω
1617,κοπρηγός
1619,σκύρινος
1623,κολάζω
1624,ῥισκοφυλάκιον
1625,δῦμα
1626,μαγίς
1627,ῥάκος
1628,ῥακάδιον
1629,ῥακκάδιον
1630,βράκος
1632,ἀνθυλοπρατικός
1633,ἔξοδος
1635,ἐπέξοδος
1636,ἐλαία
1637,θύσκη
1638,τετραγώνιος
1639,βῆμα
1640,ἀφθονέω
1641,ἀφιλόκριμα
1643,ἀφινάω ο ἀφινέω
1644,ἀφνίδαν
1645,ἀφνιδρός
1647,ἀφόνος
1648,ἀφοπλίττω
1649,ἀφορίζιον
1650,ἀφρακτιτής
1651,ἀφροδισίαλον
1652,ἀφροδιστικός
1653,ἀφρομορφωμύρω
1654,ἀφροντίζω
1655,ἀφρορμή
1656,ἀφυγετός
1657,ἀφυήτις
1658,Ὁεθρά
1659,Ὁλκαχίτης
1660,Ὁμαδοήλ
1661,Ὁμαίχμιος
1662,Ὁμηλικιῶτις
1663,Ὁνοματάθ
1664,Ὁουλάν
1665,ὁμοφάλος
1666,ὁπαῖρος
1667,Ὁπήα
1669,Ὁρακήσιος
1671,Ὁρμίσιος
1674,Ὁσεϊάς
1675,κολλυβιστικός
1677,ῥαχιστής
1678,ἁτερόπτιλλος
1679,ἕδραμα 
1680,προπαθής
1681,ἰσχύρισις
1682,ψευδοδάκτυλος
1683,τροχαΐζω
1684,ἀγαθοθρέμμων
1685,ἀγαθοκάρδιος
1686,Ἀγαθόπους
1687,ἀγαθοπραξία
1688,ἀγαπάω
1689,ἁγιάζω
1690,Ἀδδί
1691,Ἀδμίν
1692,ἀδμινιστρατίων
1693,ἀγγελία
1694,Ἀζαρίας
1695,Ἀζώρ
1696,αἰχμαλωτίζω
1697,ἀρουρατίων
1698,δυσαναμάχητος
1699,συνεκτιστής
1700,χρόϊσμα
1701,ψυχαπώλεια
1702,ψυχοκερδής
1703,ψυχοκλέπτης
1707,κοπρηγία
1708,ῥόπτον
1709,περιηχέω
1710,αἱμόχρωμος
1711,ἀδνουμεύω
1712,παρδόσημον
1713,ἐκδικία
1714,ἄβαξ
1717,ἀγκίστριον
1718,στιχάριον
1719,λιπούργιον
1720,ἐπάρδιον
1723,ἐγγαίδιον
1725,ἀνεμούριον
1732,βιβραδικός
1733,βιβράς
1734,καταφυγή
1735,τετράγωνος
1736,προπηλόω
1739,προσεπίτροπος
1740,μετρογραφέω
1742,διφορέω
1743,ἀκιδωτόν
1744,ἁλιστός
1745,ἀμφοράριον
1747,δαφνία
1748,δεκαημέριος
1749,δίλιτρον
1750,δισακκία
1751,δακτίλιδον
1752,δακτυλίδριον
1753,ἔνδικος
1754,ἐνήλατος
1755,εἰσκεφάλαιον
1756,εἰσκέφαλον
1757,γλυκελαία
1758,κεφαλοδέσμιον
1760,γραμματοδιδασκαλεῖον
1761,ἀμινναῖον
1763,ἄκλαστος
1764,ἀννωναρία
1765,ἀννωνοκάπιτον
1766,βεστάριον
1767,ἐξαίθρα
1768,ἀπόκλυσις
1769,ἀρμενικόν τό
1770,ἔπανδρος 
1772,ἐπαντλησμός
1773,κάμπτρον
1774,ἀναδεξάμενον
1775,καίμιος
1776,κιτρᾶτον
1777,μυρσινᾶτον
1778,κολοκυνθίς
1779,γλωσσοπωγώνιον
1780,σμῆσις
1781,κυμβαλωτός
1782,περιτράχηλος
1783,σακκοῦν
1784,ἀποδιάδοχος
1785,ξηροσταφίς
1786,κονδυλίδιον
1787,κολοκυνθοπώλης
1788,μεσάχα
1789,Ἀγάθεια
1790,ξυλοφύλαξ
1791,φυρατήριον
1792,τετράχρυσον
1793,στυρακᾶτον
1794,ὀξύινος
1795,σοῦκον
1796,ὀξυρυγχίτιον
1797,παλαιστρατιώτης
1798,ὄργον
1799,σάγγαθον
1800,χρήτη
1800,χρῆτις
1801,συνεπιμερίζω
1802,ὀθονιακόν
1803,τετράωτος
1804,ὀμφακηρά
1805,ἀσιανίζω
1806,θεοτόκος
1807,θηλύτεκνος
1808,ὁμοιοτυπής
1809,πάπος
1810,φοινικογράφος
1811,φοινικογραφέω
1812,γαγγαμουλκός
1813,Ἡγησιαστής
1814,Τιμοθεαστής
1815,γαγγαμουλκός
1816,ἅμιπποι
1817,λιρóς
1818,χλῆδος
1819,ἐνόρμιον
1820,Καρηνός
1821,ἀρχιφρούραρχος
1822,παρευδοκίμησις
1823,Τίθρας
1825,Τευθέας
1826,Σινᾶ
1827,παραφρόνημα
1828,ἐννεαπλασίων
1829,κατακρίμναμαι
1830,ὄμβρυζος
1831,φιλόμαιμος
1832,Τριφιόδωρος
1833,ἀντεπίρρησις
1834,ὑποβραχεῖν
1835,ἀκαταστάσιος
1836,ἀκίσκλα
1837,ἀκρωτήριον
1838,ἀνδρωφύλαξ
1839,ἀρκαρικάριος
1840,ἀχαόμαυρος
1841,βασκέλιον
1842,βιρίδιος
1843,διασφαλισμός
1844,δοξάριον
1845,εἰκοσίδραχμον
1846,ἐξομβριστήρ
1847,ἐψατής
1848,θύρσος
1849,θυσιαστήριον
1850,καισαριανός
1851,κέδριον
1852,κερατοφόρον
1853,κοκκηροῦς
1854,κουβίτωρ
1855,κουρεπιστουλάριος
1856,κραββατηρός
1857,κραβακτήριος
1858,κωδώνιον
1859,λεπτόν
1860,μαγάδιος
1861,οὐιγκλίδιον
1862,νεολέκτης
1863,ναολέκτης
1864,νεωλκέω
1865,οὐιγιλιαρίων
1866,πακτωτόν
1867,χρυστουμῖνος
1868,ἀντισκρίβα
1869,ἀντισκρίβας
